
*** Running vivado
    with args -log system_processing_system7_0_0.vds -m64 -product Vivado -mode batch -messageDb vivado.pb -notrace -source system_processing_system7_0_0.tcl



****** Vivado v2023.1 (64-bit)
  **** SW Build 3865809 on Sun May  7 15:05:29 MDT 2023
  **** IP Build 3864474 on Sun May  7 20:36:21 MDT 2023
  **** SharedData Build 3865790 on Sun May 07 13:33:03 MDT 2023
    ** Copyright 1986-2022 Xilinx, Inc. All Rights Reserved.
    ** Copyright 2022-2023 Advanced Micro Devices, Inc. All Rights Reserved.

source system_processing_system7_0_0.tcl -notrace
create_project: Time (s): cpu = 00:00:05 ; elapsed = 00:00:05 . Memory (MB): peak = 1460.410 ; gain = 153.277
INFO: [IP_Flow 19-234] Refreshing IP repositories
INFO: [IP_Flow 19-1700] Loaded user IP repository 'c:/Users/fawei/Downloads/z20/z20_sd_music/ip_repo'.
INFO: [IP_Flow 19-2313] Loaded Vivado IP repository 'D:/app/Xilinx/Vivado/2023.1/data/ip'.
Command: synth_design -top system_processing_system7_0_0 -part xc7z020clg400-2 -incremental_mode off -mode out_of_context
Starting synth_design
Attempting to get a license for feature 'Synthesis' and/or device 'xc7z020'
INFO: [Common 17-349] Got license for feature 'Synthesis' and/or device 'xc7z020'
INFO: [Device 21-403] Loading part xc7z020clg400-2
INFO: [Synth 8-7079] Multithreading enabled for synth_design using a maximum of 2 processes.
INFO: [Synth 8-7078] Launching helper process for spawning children vivado processes
INFO: [Synth 8-7075] Helper process launched with PID 6864
---------------------------------------------------------------------------------
Starting RTL Elaboration : Time (s): cpu = 00:00:04 ; elapsed = 00:00:06 . Memory (MB): peak = 2319.664 ; gain = 407.043
---------------------------------------------------------------------------------
INFO: [Synth 8-6157] synthesizing module 'system_processing_system7_0_0' [c:/Users/fawei/Downloads/z20/z20_sd_music/z20_sd_music.gen/sources_1/bd/system/ip/system_processing_system7_0_0/synth/system_processing_system7_0_0.v:53]
INFO: [Synth 8-6157] synthesizing module 'processing_system7_v5_5_processing_system7' [c:/Users/fawei/Downloads/z20/z20_sd_music/z20_sd_music.gen/sources_1/bd/system/ip/system_processing_system7_0_0/hdl/verilog/processing_system7_v5_5_processing_system7.v:152]
INFO: [Synth 8-6157] synthesizing module 'BUFG' [D:/app/Xilinx/Vivado/2023.1/scripts/rt/data/unisim_comp.v:1519]
INFO: [Synth 8-6155] done synthesizing module 'BUFG' (0#1) [D:/app/Xilinx/Vivado/2023.1/scripts/rt/data/unisim_comp.v:1519]
INFO: [Synth 8-6157] synthesizing module 'BIBUF' [D:/app/Xilinx/Vivado/2023.1/scripts/rt/data/unisim_comp.v:1166]
INFO: [Synth 8-6155] done synthesizing module 'BIBUF' (0#1) [D:/app/Xilinx/Vivado/2023.1/scripts/rt/data/unisim_comp.v:1166]
INFO: [Synth 8-6157] synthesizing module 'PS7' [D:/app/Xilinx/Vivado/2023.1/scripts/rt/data/unisim_comp.v:109921]
INFO: [Synth 8-6155] done synthesizing module 'PS7' (0#1) [D:/app/Xilinx/Vivado/2023.1/scripts/rt/data/unisim_comp.v:109921]
INFO: [Synth 8-6155] done synthesizing module 'processing_system7_v5_5_processing_system7' (0#1) [c:/Users/fawei/Downloads/z20/z20_sd_music/z20_sd_music.gen/sources_1/bd/system/ip/system_processing_system7_0_0/hdl/verilog/processing_system7_v5_5_processing_system7.v:152]
WARNING: [Synth 8-7071] port 'M_AXI_GP0_ARESETN' of module 'processing_system7_v5_5_processing_system7' is unconnected for instance 'inst' [c:/Users/fawei/Downloads/z20/z20_sd_music/z20_sd_music.gen/sources_1/bd/system/ip/system_processing_system7_0_0/synth/system_processing_system7_0_0.v:487]
WARNING: [Synth 8-7071] port 'M_AXI_GP1_ARESETN' of module 'processing_system7_v5_5_processing_system7' is unconnected for instance 'inst' [c:/Users/fawei/Downloads/z20/z20_sd_music/z20_sd_music.gen/sources_1/bd/system/ip/system_processing_system7_0_0/synth/system_processing_system7_0_0.v:487]
WARNING: [Synth 8-7071] port 'S_AXI_GP0_ARESETN' of module 'processing_system7_v5_5_processing_system7' is unconnected for instance 'inst' [c:/Users/fawei/Downloads/z20/z20_sd_music/z20_sd_music.gen/sources_1/bd/system/ip/system_processing_system7_0_0/synth/system_processing_system7_0_0.v:487]
WARNING: [Synth 8-7071] port 'S_AXI_GP1_ARESETN' of module 'processing_system7_v5_5_processing_system7' is unconnected for instance 'inst' [c:/Users/fawei/Downloads/z20/z20_sd_music/z20_sd_music.gen/sources_1/bd/system/ip/system_processing_system7_0_0/synth/system_processing_system7_0_0.v:487]
WARNING: [Synth 8-7071] port 'S_AXI_ACP_ARESETN' of module 'processing_system7_v5_5_processing_system7' is unconnected for instance 'inst' [c:/Users/fawei/Downloads/z20/z20_sd_music/z20_sd_music.gen/sources_1/bd/system/ip/system_processing_system7_0_0/synth/system_processing_system7_0_0.v:487]
WARNING: [Synth 8-7071] port 'S_AXI_HP0_ARESETN' of module 'processing_system7_v5_5_processing_system7' is unconnected for instance 'inst' [c:/Users/fawei/Downloads/z20/z20_sd_music/z20_sd_music.gen/sources_1/bd/system/ip/system_processing_system7_0_0/synth/system_processing_system7_0_0.v:487]
WARNING: [Synth 8-7071] port 'S_AXI_HP1_ARESETN' of module 'processing_system7_v5_5_processing_system7' is unconnected for instance 'inst' [c:/Users/fawei/Downloads/z20/z20_sd_music/z20_sd_music.gen/sources_1/bd/system/ip/system_processing_system7_0_0/synth/system_processing_system7_0_0.v:487]
WARNING: [Synth 8-7071] port 'S_AXI_HP2_ARESETN' of module 'processing_system7_v5_5_processing_system7' is unconnected for instance 'inst' [c:/Users/fawei/Downloads/z20/z20_sd_music/z20_sd_music.gen/sources_1/bd/system/ip/system_processing_system7_0_0/synth/system_processing_system7_0_0.v:487]
WARNING: [Synth 8-7071] port 'S_AXI_HP3_ARESETN' of module 'processing_system7_v5_5_processing_system7' is unconnected for instance 'inst' [c:/Users/fawei/Downloads/z20/z20_sd_music/z20_sd_music.gen/sources_1/bd/system/ip/system_processing_system7_0_0/synth/system_processing_system7_0_0.v:487]
WARNING: [Synth 8-7071] port 'DMA0_RSTN' of module 'processing_system7_v5_5_processing_system7' is unconnected for instance 'inst' [c:/Users/fawei/Downloads/z20/z20_sd_music/z20_sd_music.gen/sources_1/bd/system/ip/system_processing_system7_0_0/synth/system_processing_system7_0_0.v:487]
WARNING: [Synth 8-7071] port 'DMA1_RSTN' of module 'processing_system7_v5_5_processing_system7' is unconnected for instance 'inst' [c:/Users/fawei/Downloads/z20/z20_sd_music/z20_sd_music.gen/sources_1/bd/system/ip/system_processing_system7_0_0/synth/system_processing_system7_0_0.v:487]
WARNING: [Synth 8-7071] port 'DMA2_RSTN' of module 'processing_system7_v5_5_processing_system7' is unconnected for instance 'inst' [c:/Users/fawei/Downloads/z20/z20_sd_music/z20_sd_music.gen/sources_1/bd/system/ip/system_processing_system7_0_0/synth/system_processing_system7_0_0.v:487]
WARNING: [Synth 8-7071] port 'DMA3_RSTN' of module 'processing_system7_v5_5_processing_system7' is unconnected for instance 'inst' [c:/Users/fawei/Downloads/z20/z20_sd_music/z20_sd_music.gen/sources_1/bd/system/ip/system_processing_system7_0_0/synth/system_processing_system7_0_0.v:487]
WARNING: [Synth 8-7023] instance 'inst' of module 'processing_system7_v5_5_processing_system7' has 685 connections declared, but only 672 given [c:/Users/fawei/Downloads/z20/z20_sd_music/z20_sd_music.gen/sources_1/bd/system/ip/system_processing_system7_0_0/synth/system_processing_system7_0_0.v:487]
INFO: [Synth 8-6155] done synthesizing module 'system_processing_system7_0_0' (0#1) [c:/Users/fawei/Downloads/z20/z20_sd_music/z20_sd_music.gen/sources_1/bd/system/ip/system_processing_system7_0_0/synth/system_processing_system7_0_0.v:53]
WARNING: [Synth 8-7129] Port ENET0_GMII_COL in module processing_system7_v5_5_processing_system7 is either unconnected or has no load
WARNING: [Synth 8-7129] Port ENET0_GMII_CRS in module processing_system7_v5_5_processing_system7 is either unconnected or has no load
WARNING: [Synth 8-7129] Port ENET0_GMII_RX_DV in module processing_system7_v5_5_processing_system7 is either unconnected or has no load
WARNING: [Synth 8-7129] Port ENET0_GMII_RX_ER in module processing_system7_v5_5_processing_system7 is either unconnected or has no load
WARNING: [Synth 8-7129] Port ENET0_GMII_RXD[7] in module processing_system7_v5_5_processing_system7 is either unconnected or has no load
WARNING: [Synth 8-7129] Port ENET0_GMII_RXD[6] in module processing_system7_v5_5_processing_system7 is either unconnected or has no load
WARNING: [Synth 8-7129] Port ENET0_GMII_RXD[5] in module processing_system7_v5_5_processing_system7 is either unconnected or has no load
WARNING: [Synth 8-7129] Port ENET0_GMII_RXD[4] in module processing_system7_v5_5_processing_system7 is either unconnected or has no load
WARNING: [Synth 8-7129] Port ENET0_GMII_RXD[3] in module processing_system7_v5_5_processing_system7 is either unconnected or has no load
WARNING: [Synth 8-7129] Port ENET0_GMII_RXD[2] in module processing_system7_v5_5_processing_system7 is either unconnected or has no load
WARNING: [Synth 8-7129] Port ENET0_GMII_RXD[1] in module processing_system7_v5_5_processing_system7 is either unconnected or has no load
WARNING: [Synth 8-7129] Port ENET0_GMII_RXD[0] in module processing_system7_v5_5_processing_system7 is either unconnected or has no load
WARNING: [Synth 8-7129] Port ENET1_GMII_COL in module processing_system7_v5_5_processing_system7 is either unconnected or has no load
WARNING: [Synth 8-7129] Port ENET1_GMII_CRS in module processing_system7_v5_5_processing_system7 is either unconnected or has no load
WARNING: [Synth 8-7129] Port ENET1_GMII_RX_DV in module processing_system7_v5_5_processing_system7 is either unconnected or has no load
WARNING: [Synth 8-7129] Port ENET1_GMII_RX_ER in module processing_system7_v5_5_processing_system7 is either unconnected or has no load
WARNING: [Synth 8-7129] Port ENET1_GMII_RXD[7] in module processing_system7_v5_5_processing_system7 is either unconnected or has no load
WARNING: [Synth 8-7129] Port ENET1_GMII_RXD[6] in module processing_system7_v5_5_processing_system7 is either unconnected or has no load
WARNING: [Synth 8-7129] Port ENET1_GMII_RXD[5] in module processing_system7_v5_5_processing_system7 is either unconnected or has no load
WARNING: [Synth 8-7129] Port ENET1_GMII_RXD[4] in module processing_system7_v5_5_processing_system7 is either unconnected or has no load
WARNING: [Synth 8-7129] Port ENET1_GMII_RXD[3] in module processing_system7_v5_5_processing_system7 is either unconnected or has no load
WARNING: [Synth 8-7129] Port ENET1_GMII_RXD[2] in module processing_system7_v5_5_processing_system7 is either unconnected or has no load
WARNING: [Synth 8-7129] Port ENET1_GMII_RXD[1] in module processing_system7_v5_5_processing_system7 is either unconnected or has no load
WARNING: [Synth 8-7129] Port ENET1_GMII_RXD[0] in module processing_system7_v5_5_processing_system7 is either unconnected or has no load
WARNING: [Synth 8-7129] Port S_AXI_GP0_ARSIZE[2] in module processing_system7_v5_5_processing_system7 is either unconnected or has no load
WARNING: [Synth 8-7129] Port S_AXI_GP0_AWSIZE[2] in module processing_system7_v5_5_processing_system7 is either unconnected or has no load
WARNING: [Synth 8-7129] Port S_AXI_GP1_ARSIZE[2] in module processing_system7_v5_5_processing_system7 is either unconnected or has no load
WARNING: [Synth 8-7129] Port S_AXI_GP1_AWSIZE[2] in module processing_system7_v5_5_processing_system7 is either unconnected or has no load
WARNING: [Synth 8-7129] Port S_AXI_ACP_ARSIZE[2] in module processing_system7_v5_5_processing_system7 is either unconnected or has no load
WARNING: [Synth 8-7129] Port S_AXI_ACP_AWSIZE[2] in module processing_system7_v5_5_processing_system7 is either unconnected or has no load
WARNING: [Synth 8-7129] Port S_AXI_HP0_ARSIZE[2] in module processing_system7_v5_5_processing_system7 is either unconnected or has no load
WARNING: [Synth 8-7129] Port S_AXI_HP0_AWSIZE[2] in module processing_system7_v5_5_processing_system7 is either unconnected or has no load
WARNING: [Synth 8-7129] Port S_AXI_HP1_ARSIZE[2] in module processing_system7_v5_5_processing_system7 is either unconnected or has no load
WARNING: [Synth 8-7129] Port S_AXI_HP1_AWSIZE[2] in module processing_system7_v5_5_processing_system7 is either unconnected or has no load
WARNING: [Synth 8-7129] Port S_AXI_HP2_ARSIZE[2] in module processing_system7_v5_5_processing_system7 is either unconnected or has no load
WARNING: [Synth 8-7129] Port S_AXI_HP2_AWSIZE[2] in module processing_system7_v5_5_processing_system7 is either unconnected or has no load
WARNING: [Synth 8-7129] Port S_AXI_HP3_ARSIZE[2] in module processing_system7_v5_5_processing_system7 is either unconnected or has no load
WARNING: [Synth 8-7129] Port S_AXI_HP3_AWSIZE[2] in module processing_system7_v5_5_processing_system7 is either unconnected or has no load
WARNING: [Synth 8-7129] Port FCLK_CLKTRIG3_N in module processing_system7_v5_5_processing_system7 is either unconnected or has no load
WARNING: [Synth 8-7129] Port FCLK_CLKTRIG2_N in module processing_system7_v5_5_processing_system7 is either unconnected or has no load
WARNING: [Synth 8-7129] Port FCLK_CLKTRIG1_N in module processing_system7_v5_5_processing_system7 is either unconnected or has no load
WARNING: [Synth 8-7129] Port FCLK_CLKTRIG0_N in module processing_system7_v5_5_processing_system7 is either unconnected or has no load
WARNING: [Synth 8-7129] Port FTMD_TRACEIN_DATA[31] in module processing_system7_v5_5_processing_system7 is either unconnected or has no load
WARNING: [Synth 8-7129] Port FTMD_TRACEIN_DATA[30] in module processing_system7_v5_5_processing_system7 is either unconnected or has no load
WARNING: [Synth 8-7129] Port FTMD_TRACEIN_DATA[29] in module processing_system7_v5_5_processing_system7 is either unconnected or has no load
WARNING: [Synth 8-7129] Port FTMD_TRACEIN_DATA[28] in module processing_system7_v5_5_processing_system7 is either unconnected or has no load
WARNING: [Synth 8-7129] Port FTMD_TRACEIN_DATA[27] in module processing_system7_v5_5_processing_system7 is either unconnected or has no load
WARNING: [Synth 8-7129] Port FTMD_TRACEIN_DATA[26] in module processing_system7_v5_5_processing_system7 is either unconnected or has no load
WARNING: [Synth 8-7129] Port FTMD_TRACEIN_DATA[25] in module processing_system7_v5_5_processing_system7 is either unconnected or has no load
WARNING: [Synth 8-7129] Port FTMD_TRACEIN_DATA[24] in module processing_system7_v5_5_processing_system7 is either unconnected or has no load
WARNING: [Synth 8-7129] Port FTMD_TRACEIN_DATA[23] in module processing_system7_v5_5_processing_system7 is either unconnected or has no load
WARNING: [Synth 8-7129] Port FTMD_TRACEIN_DATA[22] in module processing_system7_v5_5_processing_system7 is either unconnected or has no load
WARNING: [Synth 8-7129] Port FTMD_TRACEIN_DATA[21] in module processing_system7_v5_5_processing_system7 is either unconnected or has no load
WARNING: [Synth 8-7129] Port FTMD_TRACEIN_DATA[20] in module processing_system7_v5_5_processing_system7 is either unconnected or has no load
WARNING: [Synth 8-7129] Port FTMD_TRACEIN_DATA[19] in module processing_system7_v5_5_processing_system7 is either unconnected or has no load
WARNING: [Synth 8-7129] Port FTMD_TRACEIN_DATA[18] in module processing_system7_v5_5_processing_system7 is either unconnected or has no load
WARNING: [Synth 8-7129] Port FTMD_TRACEIN_DATA[17] in module processing_system7_v5_5_processing_system7 is either unconnected or has no load
WARNING: [Synth 8-7129] Port FTMD_TRACEIN_DATA[16] in module processing_system7_v5_5_processing_system7 is either unconnected or has no load
WARNING: [Synth 8-7129] Port FTMD_TRACEIN_DATA[15] in module processing_system7_v5_5_processing_system7 is either unconnected or has no load
WARNING: [Synth 8-7129] Port FTMD_TRACEIN_DATA[14] in module processing_system7_v5_5_processing_system7 is either unconnected or has no load
WARNING: [Synth 8-7129] Port FTMD_TRACEIN_DATA[13] in module processing_system7_v5_5_processing_system7 is either unconnected or has no load
WARNING: [Synth 8-7129] Port FTMD_TRACEIN_DATA[12] in module processing_system7_v5_5_processing_system7 is either unconnected or has no load
WARNING: [Synth 8-7129] Port FTMD_TRACEIN_DATA[11] in module processing_system7_v5_5_processing_system7 is either unconnected or has no load
WARNING: [Synth 8-7129] Port FTMD_TRACEIN_DATA[10] in module processing_system7_v5_5_processing_system7 is either unconnected or has no load
WARNING: [Synth 8-7129] Port FTMD_TRACEIN_DATA[9] in module processing_system7_v5_5_processing_system7 is either unconnected or has no load
WARNING: [Synth 8-7129] Port FTMD_TRACEIN_DATA[8] in module processing_system7_v5_5_processing_system7 is either unconnected or has no load
WARNING: [Synth 8-7129] Port FTMD_TRACEIN_DATA[7] in module processing_system7_v5_5_processing_system7 is either unconnected or has no load
WARNING: [Synth 8-7129] Port FTMD_TRACEIN_DATA[6] in module processing_system7_v5_5_processing_system7 is either unconnected or has no load
WARNING: [Synth 8-7129] Port FTMD_TRACEIN_DATA[5] in module processing_system7_v5_5_processing_system7 is either unconnected or has no load
WARNING: [Synth 8-7129] Port FTMD_TRACEIN_DATA[4] in module processing_system7_v5_5_processing_system7 is either unconnected or has no load
WARNING: [Synth 8-7129] Port FTMD_TRACEIN_DATA[3] in module processing_system7_v5_5_processing_system7 is either unconnected or has no load
WARNING: [Synth 8-7129] Port FTMD_TRACEIN_DATA[2] in module processing_system7_v5_5_processing_system7 is either unconnected or has no load
WARNING: [Synth 8-7129] Port FTMD_TRACEIN_DATA[1] in module processing_system7_v5_5_processing_system7 is either unconnected or has no load
WARNING: [Synth 8-7129] Port FTMD_TRACEIN_DATA[0] in module processing_system7_v5_5_processing_system7 is either unconnected or has no load
WARNING: [Synth 8-7129] Port FTMD_TRACEIN_VALID in module processing_system7_v5_5_processing_system7 is either unconnected or has no load
WARNING: [Synth 8-7129] Port FTMD_TRACEIN_ATID[3] in module processing_system7_v5_5_processing_system7 is either unconnected or has no load
WARNING: [Synth 8-7129] Port FTMD_TRACEIN_ATID[2] in module processing_system7_v5_5_processing_system7 is either unconnected or has no load
WARNING: [Synth 8-7129] Port FTMD_TRACEIN_ATID[1] in module processing_system7_v5_5_processing_system7 is either unconnected or has no load
WARNING: [Synth 8-7129] Port FTMD_TRACEIN_ATID[0] in module processing_system7_v5_5_processing_system7 is either unconnected or has no load
---------------------------------------------------------------------------------
Finished RTL Elaboration : Time (s): cpu = 00:00:05 ; elapsed = 00:00:07 . Memory (MB): peak = 2424.086 ; gain = 511.465
---------------------------------------------------------------------------------
---------------------------------------------------------------------------------
Start Handling Custom Attributes
---------------------------------------------------------------------------------
---------------------------------------------------------------------------------
Finished Handling Custom Attributes : Time (s): cpu = 00:00:05 ; elapsed = 00:00:07 . Memory (MB): peak = 2442.000 ; gain = 529.379
---------------------------------------------------------------------------------
---------------------------------------------------------------------------------
Finished RTL Optimization Phase 1 : Time (s): cpu = 00:00:05 ; elapsed = 00:00:07 . Memory (MB): peak = 2442.000 ; gain = 529.379
---------------------------------------------------------------------------------
Netlist sorting complete. Time (s): cpu = 00:00:01 ; elapsed = 00:00:00.009 . Memory (MB): peak = 2454.031 ; gain = 0.000
INFO: [Project 1-570] Preparing netlist for logic optimization

Processing XDC Constraints
Initializing timing engine
Parsing XDC File [c:/Users/fawei/Downloads/z20/z20_sd_music/z20_sd_music.gen/sources_1/bd/system/ip/system_processing_system7_0_0/system_processing_system7_0_0.xdc] for cell 'inst'
Finished Parsing XDC File [c:/Users/fawei/Downloads/z20/z20_sd_music/z20_sd_music.gen/sources_1/bd/system/ip/system_processing_system7_0_0/system_processing_system7_0_0.xdc] for cell 'inst'
INFO: [Project 1-236] Implementation specific constraints were found while reading constraint file [c:/Users/fawei/Downloads/z20/z20_sd_music/z20_sd_music.gen/sources_1/bd/system/ip/system_processing_system7_0_0/system_processing_system7_0_0.xdc]. These constraints will be ignored for synthesis but will be used in implementation. Impacted constraints are listed in the file [.Xil/system_processing_system7_0_0_propImpl.xdc].
Resolution: To avoid this warning, move constraints listed in [.Xil/system_processing_system7_0_0_propImpl.xdc] to another XDC file and exclude this new file from synthesis with the used_in_synthesis property (File Properties dialog in GUI) and re-run elaboration/synthesis.
Parsing XDC File [C:/Users/fawei/Downloads/z20/z20_sd_music/z20_sd_music.runs/system_processing_system7_0_0_synth_1/dont_touch.xdc]
Finished Parsing XDC File [C:/Users/fawei/Downloads/z20/z20_sd_music/z20_sd_music.runs/system_processing_system7_0_0_synth_1/dont_touch.xdc]
Completed Processing XDC Constraints

Netlist sorting complete. Time (s): cpu = 00:00:00 ; elapsed = 00:00:00 . Memory (MB): peak = 2475.914 ; gain = 0.000
INFO: [Project 1-111] Unisim Transformation Summary:
No Unisim elements were transformed.

Constraint Validation Runtime : Time (s): cpu = 00:00:00 ; elapsed = 00:00:00.022 . Memory (MB): peak = 2475.914 ; gain = 0.000
INFO: [Designutils 20-5008] Incremental synthesis strategy off
---------------------------------------------------------------------------------
Finished Constraint Validation : Time (s): cpu = 00:00:11 ; elapsed = 00:00:14 . Memory (MB): peak = 2475.914 ; gain = 563.293
---------------------------------------------------------------------------------
---------------------------------------------------------------------------------
Start Loading Part and Timing Information
---------------------------------------------------------------------------------
Loading part: xc7z020clg400-2
---------------------------------------------------------------------------------
Finished Loading Part and Timing Information : Time (s): cpu = 00:00:11 ; elapsed = 00:00:14 . Memory (MB): peak = 2475.914 ; gain = 563.293
---------------------------------------------------------------------------------
---------------------------------------------------------------------------------
Start Applying 'set_property' XDC Constraints
---------------------------------------------------------------------------------
Applied set_property KEEP_HIERARCHY = SOFT for inst. (constraint file  C:/Users/fawei/Downloads/z20/z20_sd_music/z20_sd_music.runs/system_processing_system7_0_0_synth_1/dont_touch.xdc, line 9).
---------------------------------------------------------------------------------
Finished applying 'set_property' XDC Constraints : Time (s): cpu = 00:00:11 ; elapsed = 00:00:14 . Memory (MB): peak = 2475.914 ; gain = 563.293
---------------------------------------------------------------------------------
---------------------------------------------------------------------------------
Finished RTL Optimization Phase 2 : Time (s): cpu = 00:00:12 ; elapsed = 00:00:14 . Memory (MB): peak = 2475.914 ; gain = 563.293
---------------------------------------------------------------------------------
---------------------------------------------------------------------------------
Start RTL Component Statistics 
---------------------------------------------------------------------------------
Detailed RTL Component Info : 
---------------------------------------------------------------------------------
Finished RTL Component Statistics 
---------------------------------------------------------------------------------
---------------------------------------------------------------------------------
Start Part Resource Summary
---------------------------------------------------------------------------------
Part Resources:
DSPs: 220 (col length:60)
BRAMs: 280 (col length: RAMB18 60 RAMB36 30)
---------------------------------------------------------------------------------
Finished Part Resource Summary
---------------------------------------------------------------------------------
---------------------------------------------------------------------------------
Start Cross Boundary and Area Optimization
---------------------------------------------------------------------------------
WARNING: [Synth 8-7080] Parallel synthesis criteria is not met
WARNING: [Synth 8-7129] Port ENET0_GMII_COL in module processing_system7_v5_5_processing_system7 is either unconnected or has no load
WARNING: [Synth 8-7129] Port ENET0_GMII_CRS in module processing_system7_v5_5_processing_system7 is either unconnected or has no load
WARNING: [Synth 8-7129] Port ENET0_GMII_RX_DV in module processing_system7_v5_5_processing_system7 is either unconnected or has no load
WARNING: [Synth 8-7129] Port ENET0_GMII_RX_ER in module processing_system7_v5_5_processing_system7 is either unconnected or has no load
WARNING: [Synth 8-7129] Port ENET0_GMII_RXD[7] in module processing_system7_v5_5_processing_system7 is either unconnected or has no load
WARNING: [Synth 8-7129] Port ENET0_GMII_RXD[6] in module processing_system7_v5_5_processing_system7 is either unconnected or has no load
WARNING: [Synth 8-7129] Port ENET0_GMII_RXD[5] in module processing_system7_v5_5_processing_system7 is either unconnected or has no load
WARNING: [Synth 8-7129] Port ENET0_GMII_RXD[4] in module processing_system7_v5_5_processing_system7 is either unconnected or has no load
WARNING: [Synth 8-7129] Port ENET0_GMII_RXD[3] in module processing_system7_v5_5_processing_system7 is either unconnected or has no load
WARNING: [Synth 8-7129] Port ENET0_GMII_RXD[2] in module processing_system7_v5_5_processing_system7 is either unconnected or has no load
WARNING: [Synth 8-7129] Port ENET0_GMII_RXD[1] in module processing_system7_v5_5_processing_system7 is either unconnected or has no load
WARNING: [Synth 8-7129] Port ENET0_GMII_RXD[0] in module processing_system7_v5_5_processing_system7 is either unconnected or has no load
WARNING: [Synth 8-7129] Port ENET1_GMII_COL in module processing_system7_v5_5_processing_system7 is either unconnected or has no load
WARNING: [Synth 8-7129] Port ENET1_GMII_CRS in module processing_system7_v5_5_processing_system7 is either unconnected or has no load
WARNING: [Synth 8-7129] Port ENET1_GMII_RX_DV in module processing_system7_v5_5_processing_system7 is either unconnected or has no load
WARNING: [Synth 8-7129] Port ENET1_GMII_RX_ER in module processing_system7_v5_5_processing_system7 is either unconnected or has no load
WARNING: [Synth 8-7129] Port ENET1_GMII_RXD[7] in module processing_system7_v5_5_processing_system7 is either unconnected or has no load
WARNING: [Synth 8-7129] Port ENET1_GMII_RXD[6] in module processing_system7_v5_5_processing_system7 is either unconnected or has no load
WARNING: [Synth 8-7129] Port ENET1_GMII_RXD[5] in module processing_system7_v5_5_processing_system7 is either unconnected or has no load
WARNING: [Synth 8-7129] Port ENET1_GMII_RXD[4] in module processing_system7_v5_5_processing_system7 is either unconnected or has no load
WARNING: [Synth 8-7129] Port ENET1_GMII_RXD[3] in module processing_system7_v5_5_processing_system7 is either unconnected or has no load
INFO: [Common 17-14] Message 'Synth 8-7129' appears 100 times and further instances of the messages will be disabled. Use the Tcl command set_msg_config to change the current settings.
---------------------------------------------------------------------------------
Finished Cross Boundary and Area Optimization : Time (s): cpu = 00:00:12 ; elapsed = 00:00:15 . Memory (MB): peak = 2475.914 ; gain = 563.293
---------------------------------------------------------------------------------
---------------------------------------------------------------------------------
Start Applying XDC Timing Constraints
---------------------------------------------------------------------------------
---------------------------------------------------------------------------------
Finished Applying XDC Timing Constraints : Time (s): cpu = 00:00:17 ; elapsed = 00:00:19 . Memory (MB): peak = 2539.957 ; gain = 627.336
---------------------------------------------------------------------------------
---------------------------------------------------------------------------------
Start Timing Optimization
---------------------------------------------------------------------------------
---------------------------------------------------------------------------------
Finished Timing Optimization : Time (s): cpu = 00:00:17 ; elapsed = 00:00:19 . Memory (MB): peak = 2559.984 ; gain = 647.363
---------------------------------------------------------------------------------
---------------------------------------------------------------------------------
Start Technology Mapping
---------------------------------------------------------------------------------
---------------------------------------------------------------------------------
Finished Technology Mapping : Time (s): cpu = 00:00:17 ; elapsed = 00:00:20 . Memory (MB): peak = 2563.355 ; gain = 650.734
---------------------------------------------------------------------------------
---------------------------------------------------------------------------------
Start IO Insertion
---------------------------------------------------------------------------------
---------------------------------------------------------------------------------
Start Flattening Before IO Insertion
---------------------------------------------------------------------------------
---------------------------------------------------------------------------------
Finished Flattening Before IO Insertion
---------------------------------------------------------------------------------
---------------------------------------------------------------------------------
Start Final Netlist Cleanup
---------------------------------------------------------------------------------
---------------------------------------------------------------------------------
Finished Final Netlist Cleanup
---------------------------------------------------------------------------------
---------------------------------------------------------------------------------
Finished IO Insertion : Time (s): cpu = 00:00:19 ; elapsed = 00:00:22 . Memory (MB): peak = 2578.164 ; gain = 665.543
---------------------------------------------------------------------------------
---------------------------------------------------------------------------------
Start Renaming Generated Instances
---------------------------------------------------------------------------------
---------------------------------------------------------------------------------
Finished Renaming Generated Instances : Time (s): cpu = 00:00:19 ; elapsed = 00:00:22 . Memory (MB): peak = 2578.164 ; gain = 665.543
---------------------------------------------------------------------------------
---------------------------------------------------------------------------------
Start Rebuilding User Hierarchy
---------------------------------------------------------------------------------
---------------------------------------------------------------------------------
Finished Rebuilding User Hierarchy : Time (s): cpu = 00:00:19 ; elapsed = 00:00:22 . Memory (MB): peak = 2578.164 ; gain = 665.543
---------------------------------------------------------------------------------
---------------------------------------------------------------------------------
Start Renaming Generated Ports
---------------------------------------------------------------------------------
---------------------------------------------------------------------------------
Finished Renaming Generated Ports : Time (s): cpu = 00:00:19 ; elapsed = 00:00:22 . Memory (MB): peak = 2578.164 ; gain = 665.543
---------------------------------------------------------------------------------
---------------------------------------------------------------------------------
Start Handling Custom Attributes
---------------------------------------------------------------------------------
---------------------------------------------------------------------------------
Finished Handling Custom Attributes : Time (s): cpu = 00:00:19 ; elapsed = 00:00:22 . Memory (MB): peak = 2578.164 ; gain = 665.543
---------------------------------------------------------------------------------
---------------------------------------------------------------------------------
Start Renaming Generated Nets
---------------------------------------------------------------------------------
---------------------------------------------------------------------------------
Finished Renaming Generated Nets : Time (s): cpu = 00:00:19 ; elapsed = 00:00:22 . Memory (MB): peak = 2578.164 ; gain = 665.543
---------------------------------------------------------------------------------
---------------------------------------------------------------------------------
Start Writing Synthesis Report
---------------------------------------------------------------------------------

Report BlackBoxes: 
+-+--------------+----------+
| |BlackBox name |Instances |
+-+--------------+----------+
+-+--------------+----------+

Report Cell Usage: 
+------+------+------+
|      |Cell  |Count |
+------+------+------+
|1     |BIBUF |   130|
|2     |BUFG  |     2|
|3     |LUT1  |    30|
|4     |PS7   |     1|
+------+------+------+
---------------------------------------------------------------------------------
Finished Writing Synthesis Report : Time (s): cpu = 00:00:19 ; elapsed = 00:00:22 . Memory (MB): peak = 2578.164 ; gain = 665.543
---------------------------------------------------------------------------------
Synthesis finished with 0 errors, 0 critical warnings and 80 warnings.
Synthesis Optimization Runtime : Time (s): cpu = 00:00:12 ; elapsed = 00:00:20 . Memory (MB): peak = 2578.164 ; gain = 631.629
Synthesis Optimization Complete : Time (s): cpu = 00:00:19 ; elapsed = 00:00:22 . Memory (MB): peak = 2578.164 ; gain = 665.543
INFO: [Project 1-571] Translating synthesized netlist
Netlist sorting complete. Time (s): cpu = 00:00:00 ; elapsed = 00:00:00.010 . Memory (MB): peak = 2578.164 ; gain = 0.000
INFO: [Project 1-570] Preparing netlist for logic optimization
INFO: [Opt 31-138] Pushed 0 inverter(s) to 0 load pin(s).
Netlist sorting complete. Time (s): cpu = 00:00:00 ; elapsed = 00:00:00 . Memory (MB): peak = 2603.668 ; gain = 0.000
INFO: [Project 1-111] Unisim Transformation Summary:
No Unisim elements were transformed.

Synth Design complete | Checksum: 877bf0da
INFO: [Common 17-83] Releasing license: Synthesis
28 Infos, 115 Warnings, 0 Critical Warnings and 0 Errors encountered.
synth_design completed successfully
synth_design: Time (s): cpu = 00:00:24 ; elapsed = 00:00:28 . Memory (MB): peak = 2603.668 ; gain = 1099.711
INFO: [Common 17-1381] The checkpoint 'C:/Users/fawei/Downloads/z20/z20_sd_music/z20_sd_music.runs/system_processing_system7_0_0_synth_1/system_processing_system7_0_0.dcp' has been generated.
INFO: [runtcl-4] Executing : report_utilization -file system_processing_system7_0_0_utilization_synth.rpt -pb system_processing_system7_0_0_utilization_synth.pb
INFO: [Common 17-206] Exiting Vivado at Wed Feb 11 18:43:52 2026...

*** Running vivado
    with args -log system_processing_system7_0_0.vds -m64 -product Vivado -mode batch -messageDb vivado.pb -notrace -source system_processing_system7_0_0.tcl



****** Vivado v2023.1 (64-bit)
  **** SW Build 3865809 on Sun May  7 15:05:29 MDT 2023
  **** IP Build 3864474 on Sun May  7 20:36:21 MDT 2023
  **** SharedData Build 3865790 on Sun May 07 13:33:03 MDT 2023
    ** Copyright 1986-2022 Xilinx, Inc. All Rights Reserved.
    ** Copyright 2022-2023 Advanced Micro Devices, Inc. All Rights Reserved.

source system_processing_system7_0_0.tcl -notrace
INFO: [IP_Flow 19-234] Refreshing IP repositories
INFO: [IP_Flow 19-1700] Loaded user IP repository 'c:/Users/fawei/Downloads/z20/z20_sd_music/ip_repo'.
INFO: [IP_Flow 19-2313] Loaded Vivado IP repository 'D:/app/Xilinx/Vivado/2023.1/data/ip'.
Command: synth_design -top system_processing_system7_0_0 -part xc7z020clg400-2 -incremental_mode off -mode out_of_context
Starting synth_design
Attempting to get a license for feature 'Synthesis' and/or device 'xc7z020'
INFO: [Common 17-349] Got license for feature 'Synthesis' and/or device 'xc7z020'
INFO: [Device 21-403] Loading part xc7z020clg400-2
INFO: [Synth 8-7079] Multithreading enabled for synth_design using a maximum of 2 processes.
INFO: [Synth 8-7078] Launching helper process for spawning children vivado processes
INFO: [Synth 8-7075] Helper process launched with PID 42580
---------------------------------------------------------------------------------
Starting RTL Elaboration : Time (s): cpu = 00:00:02 ; elapsed = 00:00:03 . Memory (MB): peak = 2328.363 ; gain = 408.953
---------------------------------------------------------------------------------
INFO: [Synth 8-6157] synthesizing module 'system_processing_system7_0_0' [c:/Users/fawei/Downloads/z20/z20_sd_music/z20_sd_music.gen/sources_1/bd/system/ip/system_processing_system7_0_0/synth/system_processing_system7_0_0.v:53]
INFO: [Synth 8-6157] synthesizing module 'processing_system7_v5_5_processing_system7' [c:/Users/fawei/Downloads/z20/z20_sd_music/z20_sd_music.gen/sources_1/bd/system/ip/system_processing_system7_0_0/hdl/verilog/processing_system7_v5_5_processing_system7.v:152]
INFO: [Synth 8-6157] synthesizing module 'BUFG' [D:/app/Xilinx/Vivado/2023.1/scripts/rt/data/unisim_comp.v:1519]
INFO: [Synth 8-6155] done synthesizing module 'BUFG' (0#1) [D:/app/Xilinx/Vivado/2023.1/scripts/rt/data/unisim_comp.v:1519]
INFO: [Synth 8-6157] synthesizing module 'BIBUF' [D:/app/Xilinx/Vivado/2023.1/scripts/rt/data/unisim_comp.v:1166]
INFO: [Synth 8-6155] done synthesizing module 'BIBUF' (0#1) [D:/app/Xilinx/Vivado/2023.1/scripts/rt/data/unisim_comp.v:1166]
INFO: [Synth 8-6157] synthesizing module 'PS7' [D:/app/Xilinx/Vivado/2023.1/scripts/rt/data/unisim_comp.v:109921]
INFO: [Synth 8-6155] done synthesizing module 'PS7' (0#1) [D:/app/Xilinx/Vivado/2023.1/scripts/rt/data/unisim_comp.v:109921]
INFO: [Synth 8-6155] done synthesizing module 'processing_system7_v5_5_processing_system7' (0#1) [c:/Users/fawei/Downloads/z20/z20_sd_music/z20_sd_music.gen/sources_1/bd/system/ip/system_processing_system7_0_0/hdl/verilog/processing_system7_v5_5_processing_system7.v:152]
WARNING: [Synth 8-7071] port 'M_AXI_GP0_ARESETN' of module 'processing_system7_v5_5_processing_system7' is unconnected for instance 'inst' [c:/Users/fawei/Downloads/z20/z20_sd_music/z20_sd_music.gen/sources_1/bd/system/ip/system_processing_system7_0_0/synth/system_processing_system7_0_0.v:487]
WARNING: [Synth 8-7071] port 'M_AXI_GP1_ARESETN' of module 'processing_system7_v5_5_processing_system7' is unconnected for instance 'inst' [c:/Users/fawei/Downloads/z20/z20_sd_music/z20_sd_music.gen/sources_1/bd/system/ip/system_processing_system7_0_0/synth/system_processing_system7_0_0.v:487]
WARNING: [Synth 8-7071] port 'S_AXI_GP0_ARESETN' of module 'processing_system7_v5_5_processing_system7' is unconnected for instance 'inst' [c:/Users/fawei/Downloads/z20/z20_sd_music/z20_sd_music.gen/sources_1/bd/system/ip/system_processing_system7_0_0/synth/system_processing_system7_0_0.v:487]
WARNING: [Synth 8-7071] port 'S_AXI_GP1_ARESETN' of module 'processing_system7_v5_5_processing_system7' is unconnected for instance 'inst' [c:/Users/fawei/Downloads/z20/z20_sd_music/z20_sd_music.gen/sources_1/bd/system/ip/system_processing_system7_0_0/synth/system_processing_system7_0_0.v:487]
WARNING: [Synth 8-7071] port 'S_AXI_ACP_ARESETN' of module 'processing_system7_v5_5_processing_system7' is unconnected for instance 'inst' [c:/Users/fawei/Downloads/z20/z20_sd_music/z20_sd_music.gen/sources_1/bd/system/ip/system_processing_system7_0_0/synth/system_processing_system7_0_0.v:487]
WARNING: [Synth 8-7071] port 'S_AXI_HP0_ARESETN' of module 'processing_system7_v5_5_processing_system7' is unconnected for instance 'inst' [c:/Users/fawei/Downloads/z20/z20_sd_music/z20_sd_music.gen/sources_1/bd/system/ip/system_processing_system7_0_0/synth/system_processing_system7_0_0.v:487]
WARNING: [Synth 8-7071] port 'S_AXI_HP1_ARESETN' of module 'processing_system7_v5_5_processing_system7' is unconnected for instance 'inst' [c:/Users/fawei/Downloads/z20/z20_sd_music/z20_sd_music.gen/sources_1/bd/system/ip/system_processing_system7_0_0/synth/system_processing_system7_0_0.v:487]
WARNING: [Synth 8-7071] port 'S_AXI_HP2_ARESETN' of module 'processing_system7_v5_5_processing_system7' is unconnected for instance 'inst' [c:/Users/fawei/Downloads/z20/z20_sd_music/z20_sd_music.gen/sources_1/bd/system/ip/system_processing_system7_0_0/synth/system_processing_system7_0_0.v:487]
WARNING: [Synth 8-7071] port 'S_AXI_HP3_ARESETN' of module 'processing_system7_v5_5_processing_system7' is unconnected for instance 'inst' [c:/Users/fawei/Downloads/z20/z20_sd_music/z20_sd_music.gen/sources_1/bd/system/ip/system_processing_system7_0_0/synth/system_processing_system7_0_0.v:487]
WARNING: [Synth 8-7071] port 'DMA0_RSTN' of module 'processing_system7_v5_5_processing_system7' is unconnected for instance 'inst' [c:/Users/fawei/Downloads/z20/z20_sd_music/z20_sd_music.gen/sources_1/bd/system/ip/system_processing_system7_0_0/synth/system_processing_system7_0_0.v:487]
WARNING: [Synth 8-7071] port 'DMA1_RSTN' of module 'processing_system7_v5_5_processing_system7' is unconnected for instance 'inst' [c:/Users/fawei/Downloads/z20/z20_sd_music/z20_sd_music.gen/sources_1/bd/system/ip/system_processing_system7_0_0/synth/system_processing_system7_0_0.v:487]
WARNING: [Synth 8-7071] port 'DMA2_RSTN' of module 'processing_system7_v5_5_processing_system7' is unconnected for instance 'inst' [c:/Users/fawei/Downloads/z20/z20_sd_music/z20_sd_music.gen/sources_1/bd/system/ip/system_processing_system7_0_0/synth/system_processing_system7_0_0.v:487]
WARNING: [Synth 8-7071] port 'DMA3_RSTN' of module 'processing_system7_v5_5_processing_system7' is unconnected for instance 'inst' [c:/Users/fawei/Downloads/z20/z20_sd_music/z20_sd_music.gen/sources_1/bd/system/ip/system_processing_system7_0_0/synth/system_processing_system7_0_0.v:487]
WARNING: [Synth 8-7023] instance 'inst' of module 'processing_system7_v5_5_processing_system7' has 685 connections declared, but only 672 given [c:/Users/fawei/Downloads/z20/z20_sd_music/z20_sd_music.gen/sources_1/bd/system/ip/system_processing_system7_0_0/synth/system_processing_system7_0_0.v:487]
INFO: [Synth 8-6155] done synthesizing module 'system_processing_system7_0_0' (0#1) [c:/Users/fawei/Downloads/z20/z20_sd_music/z20_sd_music.gen/sources_1/bd/system/ip/system_processing_system7_0_0/synth/system_processing_system7_0_0.v:53]
WARNING: [Synth 8-7129] Port ENET0_GMII_COL in module processing_system7_v5_5_processing_system7 is either unconnected or has no load
WARNING: [Synth 8-7129] Port ENET0_GMII_CRS in module processing_system7_v5_5_processing_system7 is either unconnected or has no load
WARNING: [Synth 8-7129] Port ENET0_GMII_RX_DV in module processing_system7_v5_5_processing_system7 is either unconnected or has no load
WARNING: [Synth 8-7129] Port ENET0_GMII_RX_ER in module processing_system7_v5_5_processing_system7 is either unconnected or has no load
WARNING: [Synth 8-7129] Port ENET0_GMII_RXD[7] in module processing_system7_v5_5_processing_system7 is either unconnected or has no load
WARNING: [Synth 8-7129] Port ENET0_GMII_RXD[6] in module processing_system7_v5_5_processing_system7 is either unconnected or has no load
WARNING: [Synth 8-7129] Port ENET0_GMII_RXD[5] in module processing_system7_v5_5_processing_system7 is either unconnected or has no load
WARNING: [Synth 8-7129] Port ENET0_GMII_RXD[4] in module processing_system7_v5_5_processing_system7 is either unconnected or has no load
WARNING: [Synth 8-7129] Port ENET0_GMII_RXD[3] in module processing_system7_v5_5_processing_system7 is either unconnected or has no load
WARNING: [Synth 8-7129] Port ENET0_GMII_RXD[2] in module processing_system7_v5_5_processing_system7 is either unconnected or has no load
WARNING: [Synth 8-7129] Port ENET0_GMII_RXD[1] in module processing_system7_v5_5_processing_system7 is either unconnected or has no load
WARNING: [Synth 8-7129] Port ENET0_GMII_RXD[0] in module processing_system7_v5_5_processing_system7 is either unconnected or has no load
WARNING: [Synth 8-7129] Port ENET1_GMII_COL in module processing_system7_v5_5_processing_system7 is either unconnected or has no load
WARNING: [Synth 8-7129] Port ENET1_GMII_CRS in module processing_system7_v5_5_processing_system7 is either unconnected or has no load
WARNING: [Synth 8-7129] Port ENET1_GMII_RX_DV in module processing_system7_v5_5_processing_system7 is either unconnected or has no load
WARNING: [Synth 8-7129] Port ENET1_GMII_RX_ER in module processing_system7_v5_5_processing_system7 is either unconnected or has no load
WARNING: [Synth 8-7129] Port ENET1_GMII_RXD[7] in module processing_system7_v5_5_processing_system7 is either unconnected or has no load
WARNING: [Synth 8-7129] Port ENET1_GMII_RXD[6] in module processing_system7_v5_5_processing_system7 is either unconnected or has no load
WARNING: [Synth 8-7129] Port ENET1_GMII_RXD[5] in module processing_system7_v5_5_processing_system7 is either unconnected or has no load
WARNING: [Synth 8-7129] Port ENET1_GMII_RXD[4] in module processing_system7_v5_5_processing_system7 is either unconnected or has no load
WARNING: [Synth 8-7129] Port ENET1_GMII_RXD[3] in module processing_system7_v5_5_processing_system7 is either unconnected or has no load
WARNING: [Synth 8-7129] Port ENET1_GMII_RXD[2] in module processing_system7_v5_5_processing_system7 is either unconnected or has no load
WARNING: [Synth 8-7129] Port ENET1_GMII_RXD[1] in module processing_system7_v5_5_processing_system7 is either unconnected or has no load
WARNING: [Synth 8-7129] Port ENET1_GMII_RXD[0] in module processing_system7_v5_5_processing_system7 is either unconnected or has no load
WARNING: [Synth 8-7129] Port S_AXI_GP0_ARSIZE[2] in module processing_system7_v5_5_processing_system7 is either unconnected or has no load
WARNING: [Synth 8-7129] Port S_AXI_GP0_AWSIZE[2] in module processing_system7_v5_5_processing_system7 is either unconnected or has no load
WARNING: [Synth 8-7129] Port S_AXI_GP1_ARSIZE[2] in module processing_system7_v5_5_processing_system7 is either unconnected or has no load
WARNING: [Synth 8-7129] Port S_AXI_GP1_AWSIZE[2] in module processing_system7_v5_5_processing_system7 is either unconnected or has no load
WARNING: [Synth 8-7129] Port S_AXI_ACP_ARSIZE[2] in module processing_system7_v5_5_processing_system7 is either unconnected or has no load
WARNING: [Synth 8-7129] Port S_AXI_ACP_AWSIZE[2] in module processing_system7_v5_5_processing_system7 is either unconnected or has no load
WARNING: [Synth 8-7129] Port S_AXI_HP0_ARSIZE[2] in module processing_system7_v5_5_processing_system7 is either unconnected or has no load
WARNING: [Synth 8-7129] Port S_AXI_HP0_AWSIZE[2] in module processing_system7_v5_5_processing_system7 is either unconnected or has no load
WARNING: [Synth 8-7129] Port S_AXI_HP1_ARSIZE[2] in module processing_system7_v5_5_processing_system7 is either unconnected or has no load
WARNING: [Synth 8-7129] Port S_AXI_HP1_AWSIZE[2] in module processing_system7_v5_5_processing_system7 is either unconnected or has no load
WARNING: [Synth 8-7129] Port S_AXI_HP2_ARSIZE[2] in module processing_system7_v5_5_processing_system7 is either unconnected or has no load
WARNING: [Synth 8-7129] Port S_AXI_HP2_AWSIZE[2] in module processing_system7_v5_5_processing_system7 is either unconnected or has no load
WARNING: [Synth 8-7129] Port S_AXI_HP3_ARSIZE[2] in module processing_system7_v5_5_processing_system7 is either unconnected or has no load
WARNING: [Synth 8-7129] Port S_AXI_HP3_AWSIZE[2] in module processing_system7_v5_5_processing_system7 is either unconnected or has no load
WARNING: [Synth 8-7129] Port FCLK_CLKTRIG3_N in module processing_system7_v5_5_processing_system7 is either unconnected or has no load
WARNING: [Synth 8-7129] Port FCLK_CLKTRIG2_N in module processing_system7_v5_5_processing_system7 is either unconnected or has no load
WARNING: [Synth 8-7129] Port FCLK_CLKTRIG1_N in module processing_system7_v5_5_processing_system7 is either unconnected or has no load
WARNING: [Synth 8-7129] Port FCLK_CLKTRIG0_N in module processing_system7_v5_5_processing_system7 is either unconnected or has no load
WARNING: [Synth 8-7129] Port FTMD_TRACEIN_DATA[31] in module processing_system7_v5_5_processing_system7 is either unconnected or has no load
WARNING: [Synth 8-7129] Port FTMD_TRACEIN_DATA[30] in module processing_system7_v5_5_processing_system7 is either unconnected or has no load
WARNING: [Synth 8-7129] Port FTMD_TRACEIN_DATA[29] in module processing_system7_v5_5_processing_system7 is either unconnected or has no load
WARNING: [Synth 8-7129] Port FTMD_TRACEIN_DATA[28] in module processing_system7_v5_5_processing_system7 is either unconnected or has no load
WARNING: [Synth 8-7129] Port FTMD_TRACEIN_DATA[27] in module processing_system7_v5_5_processing_system7 is either unconnected or has no load
WARNING: [Synth 8-7129] Port FTMD_TRACEIN_DATA[26] in module processing_system7_v5_5_processing_system7 is either unconnected or has no load
WARNING: [Synth 8-7129] Port FTMD_TRACEIN_DATA[25] in module processing_system7_v5_5_processing_system7 is either unconnected or has no load
WARNING: [Synth 8-7129] Port FTMD_TRACEIN_DATA[24] in module processing_system7_v5_5_processing_system7 is either unconnected or has no load
WARNING: [Synth 8-7129] Port FTMD_TRACEIN_DATA[23] in module processing_system7_v5_5_processing_system7 is either unconnected or has no load
WARNING: [Synth 8-7129] Port FTMD_TRACEIN_DATA[22] in module processing_system7_v5_5_processing_system7 is either unconnected or has no load
WARNING: [Synth 8-7129] Port FTMD_TRACEIN_DATA[21] in module processing_system7_v5_5_processing_system7 is either unconnected or has no load
WARNING: [Synth 8-7129] Port FTMD_TRACEIN_DATA[20] in module processing_system7_v5_5_processing_system7 is either unconnected or has no load
WARNING: [Synth 8-7129] Port FTMD_TRACEIN_DATA[19] in module processing_system7_v5_5_processing_system7 is either unconnected or has no load
WARNING: [Synth 8-7129] Port FTMD_TRACEIN_DATA[18] in module processing_system7_v5_5_processing_system7 is either unconnected or has no load
WARNING: [Synth 8-7129] Port FTMD_TRACEIN_DATA[17] in module processing_system7_v5_5_processing_system7 is either unconnected or has no load
WARNING: [Synth 8-7129] Port FTMD_TRACEIN_DATA[16] in module processing_system7_v5_5_processing_system7 is either unconnected or has no load
WARNING: [Synth 8-7129] Port FTMD_TRACEIN_DATA[15] in module processing_system7_v5_5_processing_system7 is either unconnected or has no load
WARNING: [Synth 8-7129] Port FTMD_TRACEIN_DATA[14] in module processing_system7_v5_5_processing_system7 is either unconnected or has no load
WARNING: [Synth 8-7129] Port FTMD_TRACEIN_DATA[13] in module processing_system7_v5_5_processing_system7 is either unconnected or has no load
WARNING: [Synth 8-7129] Port FTMD_TRACEIN_DATA[12] in module processing_system7_v5_5_processing_system7 is either unconnected or has no load
WARNING: [Synth 8-7129] Port FTMD_TRACEIN_DATA[11] in module processing_system7_v5_5_processing_system7 is either unconnected or has no load
WARNING: [Synth 8-7129] Port FTMD_TRACEIN_DATA[10] in module processing_system7_v5_5_processing_system7 is either unconnected or has no load
WARNING: [Synth 8-7129] Port FTMD_TRACEIN_DATA[9] in module processing_system7_v5_5_processing_system7 is either unconnected or has no load
WARNING: [Synth 8-7129] Port FTMD_TRACEIN_DATA[8] in module processing_system7_v5_5_processing_system7 is either unconnected or has no load
WARNING: [Synth 8-7129] Port FTMD_TRACEIN_DATA[7] in module processing_system7_v5_5_processing_system7 is either unconnected or has no load
WARNING: [Synth 8-7129] Port FTMD_TRACEIN_DATA[6] in module processing_system7_v5_5_processing_system7 is either unconnected or has no load
WARNING: [Synth 8-7129] Port FTMD_TRACEIN_DATA[5] in module processing_system7_v5_5_processing_system7 is either unconnected or has no load
WARNING: [Synth 8-7129] Port FTMD_TRACEIN_DATA[4] in module processing_system7_v5_5_processing_system7 is either unconnected or has no load
WARNING: [Synth 8-7129] Port FTMD_TRACEIN_DATA[3] in module processing_system7_v5_5_processing_system7 is either unconnected or has no load
WARNING: [Synth 8-7129] Port FTMD_TRACEIN_DATA[2] in module processing_system7_v5_5_processing_system7 is either unconnected or has no load
WARNING: [Synth 8-7129] Port FTMD_TRACEIN_DATA[1] in module processing_system7_v5_5_processing_system7 is either unconnected or has no load
WARNING: [Synth 8-7129] Port FTMD_TRACEIN_DATA[0] in module processing_system7_v5_5_processing_system7 is either unconnected or has no load
WARNING: [Synth 8-7129] Port FTMD_TRACEIN_VALID in module processing_system7_v5_5_processing_system7 is either unconnected or has no load
WARNING: [Synth 8-7129] Port FTMD_TRACEIN_ATID[3] in module processing_system7_v5_5_processing_system7 is either unconnected or has no load
WARNING: [Synth 8-7129] Port FTMD_TRACEIN_ATID[2] in module processing_system7_v5_5_processing_system7 is either unconnected or has no load
WARNING: [Synth 8-7129] Port FTMD_TRACEIN_ATID[1] in module processing_system7_v5_5_processing_system7 is either unconnected or has no load
WARNING: [Synth 8-7129] Port FTMD_TRACEIN_ATID[0] in module processing_system7_v5_5_processing_system7 is either unconnected or has no load
---------------------------------------------------------------------------------
Finished RTL Elaboration : Time (s): cpu = 00:00:03 ; elapsed = 00:00:04 . Memory (MB): peak = 2432.645 ; gain = 513.234
---------------------------------------------------------------------------------
---------------------------------------------------------------------------------
Start Handling Custom Attributes
---------------------------------------------------------------------------------
---------------------------------------------------------------------------------
Finished Handling Custom Attributes : Time (s): cpu = 00:00:03 ; elapsed = 00:00:04 . Memory (MB): peak = 2450.527 ; gain = 531.117
---------------------------------------------------------------------------------
---------------------------------------------------------------------------------
Finished RTL Optimization Phase 1 : Time (s): cpu = 00:00:03 ; elapsed = 00:00:04 . Memory (MB): peak = 2450.527 ; gain = 531.117
---------------------------------------------------------------------------------
Netlist sorting complete. Time (s): cpu = 00:00:00 ; elapsed = 00:00:00.006 . Memory (MB): peak = 2462.582 ; gain = 0.000
INFO: [Project 1-570] Preparing netlist for logic optimization

Processing XDC Constraints
Initializing timing engine
Parsing XDC File [c:/Users/fawei/Downloads/z20/z20_sd_music/z20_sd_music.gen/sources_1/bd/system/ip/system_processing_system7_0_0/system_processing_system7_0_0.xdc] for cell 'inst'
Finished Parsing XDC File [c:/Users/fawei/Downloads/z20/z20_sd_music/z20_sd_music.gen/sources_1/bd/system/ip/system_processing_system7_0_0/system_processing_system7_0_0.xdc] for cell 'inst'
INFO: [Project 1-236] Implementation specific constraints were found while reading constraint file [c:/Users/fawei/Downloads/z20/z20_sd_music/z20_sd_music.gen/sources_1/bd/system/ip/system_processing_system7_0_0/system_processing_system7_0_0.xdc]. These constraints will be ignored for synthesis but will be used in implementation. Impacted constraints are listed in the file [.Xil/system_processing_system7_0_0_propImpl.xdc].
Resolution: To avoid this warning, move constraints listed in [.Xil/system_processing_system7_0_0_propImpl.xdc] to another XDC file and exclude this new file from synthesis with the used_in_synthesis property (File Properties dialog in GUI) and re-run elaboration/synthesis.
Parsing XDC File [C:/Users/fawei/Downloads/z20/z20_sd_music/z20_sd_music.runs/system_processing_system7_0_0_synth_1/dont_touch.xdc]
Finished Parsing XDC File [C:/Users/fawei/Downloads/z20/z20_sd_music/z20_sd_music.runs/system_processing_system7_0_0_synth_1/dont_touch.xdc]
Completed Processing XDC Constraints

Netlist sorting complete. Time (s): cpu = 00:00:00 ; elapsed = 00:00:00 . Memory (MB): peak = 2484.473 ; gain = 0.000
INFO: [Project 1-111] Unisim Transformation Summary:
No Unisim elements were transformed.

Constraint Validation Runtime : Time (s): cpu = 00:00:00 ; elapsed = 00:00:00.018 . Memory (MB): peak = 2484.500 ; gain = 0.027
INFO: [Designutils 20-5008] Incremental synthesis strategy off
---------------------------------------------------------------------------------
Finished Constraint Validation : Time (s): cpu = 00:00:07 ; elapsed = 00:00:08 . Memory (MB): peak = 2484.500 ; gain = 565.090
---------------------------------------------------------------------------------
---------------------------------------------------------------------------------
Start Loading Part and Timing Information
---------------------------------------------------------------------------------
Loading part: xc7z020clg400-2
---------------------------------------------------------------------------------
Finished Loading Part and Timing Information : Time (s): cpu = 00:00:07 ; elapsed = 00:00:08 . Memory (MB): peak = 2484.500 ; gain = 565.090
---------------------------------------------------------------------------------
---------------------------------------------------------------------------------
Start Applying 'set_property' XDC Constraints
---------------------------------------------------------------------------------
Applied set_property KEEP_HIERARCHY = SOFT for inst. (constraint file  C:/Users/fawei/Downloads/z20/z20_sd_music/z20_sd_music.runs/system_processing_system7_0_0_synth_1/dont_touch.xdc, line 9).
---------------------------------------------------------------------------------
Finished applying 'set_property' XDC Constraints : Time (s): cpu = 00:00:08 ; elapsed = 00:00:09 . Memory (MB): peak = 2484.500 ; gain = 565.090
---------------------------------------------------------------------------------
---------------------------------------------------------------------------------
Finished RTL Optimization Phase 2 : Time (s): cpu = 00:00:08 ; elapsed = 00:00:09 . Memory (MB): peak = 2484.500 ; gain = 565.090
---------------------------------------------------------------------------------
---------------------------------------------------------------------------------
Start RTL Component Statistics 
---------------------------------------------------------------------------------
Detailed RTL Component Info : 
---------------------------------------------------------------------------------
Finished RTL Component Statistics 
---------------------------------------------------------------------------------
---------------------------------------------------------------------------------
Start Part Resource Summary
---------------------------------------------------------------------------------
Part Resources:
DSPs: 220 (col length:60)
BRAMs: 280 (col length: RAMB18 60 RAMB36 30)
---------------------------------------------------------------------------------
Finished Part Resource Summary
---------------------------------------------------------------------------------
---------------------------------------------------------------------------------
Start Cross Boundary and Area Optimization
---------------------------------------------------------------------------------
WARNING: [Synth 8-7080] Parallel synthesis criteria is not met
WARNING: [Synth 8-7129] Port ENET0_GMII_COL in module processing_system7_v5_5_processing_system7 is either unconnected or has no load
WARNING: [Synth 8-7129] Port ENET0_GMII_CRS in module processing_system7_v5_5_processing_system7 is either unconnected or has no load
WARNING: [Synth 8-7129] Port ENET0_GMII_RX_DV in module processing_system7_v5_5_processing_system7 is either unconnected or has no load
WARNING: [Synth 8-7129] Port ENET0_GMII_RX_ER in module processing_system7_v5_5_processing_system7 is either unconnected or has no load
WARNING: [Synth 8-7129] Port ENET0_GMII_RXD[7] in module processing_system7_v5_5_processing_system7 is either unconnected or has no load
WARNING: [Synth 8-7129] Port ENET0_GMII_RXD[6] in module processing_system7_v5_5_processing_system7 is either unconnected or has no load
WARNING: [Synth 8-7129] Port ENET0_GMII_RXD[5] in module processing_system7_v5_5_processing_system7 is either unconnected or has no load
WARNING: [Synth 8-7129] Port ENET0_GMII_RXD[4] in module processing_system7_v5_5_processing_system7 is either unconnected or has no load
WARNING: [Synth 8-7129] Port ENET0_GMII_RXD[3] in module processing_system7_v5_5_processing_system7 is either unconnected or has no load
WARNING: [Synth 8-7129] Port ENET0_GMII_RXD[2] in module processing_system7_v5_5_processing_system7 is either unconnected or has no load
WARNING: [Synth 8-7129] Port ENET0_GMII_RXD[1] in module processing_system7_v5_5_processing_system7 is either unconnected or has no load
WARNING: [Synth 8-7129] Port ENET0_GMII_RXD[0] in module processing_system7_v5_5_processing_system7 is either unconnected or has no load
WARNING: [Synth 8-7129] Port ENET1_GMII_COL in module processing_system7_v5_5_processing_system7 is either unconnected or has no load
WARNING: [Synth 8-7129] Port ENET1_GMII_CRS in module processing_system7_v5_5_processing_system7 is either unconnected or has no load
WARNING: [Synth 8-7129] Port ENET1_GMII_RX_DV in module processing_system7_v5_5_processing_system7 is either unconnected or has no load
WARNING: [Synth 8-7129] Port ENET1_GMII_RX_ER in module processing_system7_v5_5_processing_system7 is either unconnected or has no load
WARNING: [Synth 8-7129] Port ENET1_GMII_RXD[7] in module processing_system7_v5_5_processing_system7 is either unconnected or has no load
WARNING: [Synth 8-7129] Port ENET1_GMII_RXD[6] in module processing_system7_v5_5_processing_system7 is either unconnected or has no load
WARNING: [Synth 8-7129] Port ENET1_GMII_RXD[5] in module processing_system7_v5_5_processing_system7 is either unconnected or has no load
WARNING: [Synth 8-7129] Port ENET1_GMII_RXD[4] in module processing_system7_v5_5_processing_system7 is either unconnected or has no load
WARNING: [Synth 8-7129] Port ENET1_GMII_RXD[3] in module processing_system7_v5_5_processing_system7 is either unconnected or has no load
INFO: [Common 17-14] Message 'Synth 8-7129' appears 100 times and further instances of the messages will be disabled. Use the Tcl command set_msg_config to change the current settings.
---------------------------------------------------------------------------------
Finished Cross Boundary and Area Optimization : Time (s): cpu = 00:00:09 ; elapsed = 00:00:10 . Memory (MB): peak = 2484.500 ; gain = 565.090
---------------------------------------------------------------------------------
---------------------------------------------------------------------------------
Start Applying XDC Timing Constraints
---------------------------------------------------------------------------------
---------------------------------------------------------------------------------
Finished Applying XDC Timing Constraints : Time (s): cpu = 00:00:12 ; elapsed = 00:00:13 . Memory (MB): peak = 2548.910 ; gain = 629.500
---------------------------------------------------------------------------------
---------------------------------------------------------------------------------
Start Timing Optimization
---------------------------------------------------------------------------------
---------------------------------------------------------------------------------
Finished Timing Optimization : Time (s): cpu = 00:00:12 ; elapsed = 00:00:13 . Memory (MB): peak = 2568.918 ; gain = 649.508
---------------------------------------------------------------------------------
---------------------------------------------------------------------------------
Start Technology Mapping
---------------------------------------------------------------------------------
---------------------------------------------------------------------------------
Finished Technology Mapping : Time (s): cpu = 00:00:12 ; elapsed = 00:00:13 . Memory (MB): peak = 2572.461 ; gain = 653.051
---------------------------------------------------------------------------------
---------------------------------------------------------------------------------
Start IO Insertion
---------------------------------------------------------------------------------
---------------------------------------------------------------------------------
Start Flattening Before IO Insertion
---------------------------------------------------------------------------------
---------------------------------------------------------------------------------
Finished Flattening Before IO Insertion
---------------------------------------------------------------------------------
---------------------------------------------------------------------------------
Start Final Netlist Cleanup
---------------------------------------------------------------------------------
---------------------------------------------------------------------------------
Finished Final Netlist Cleanup
---------------------------------------------------------------------------------
---------------------------------------------------------------------------------
Finished IO Insertion : Time (s): cpu = 00:00:14 ; elapsed = 00:00:15 . Memory (MB): peak = 2587.281 ; gain = 667.871
---------------------------------------------------------------------------------
---------------------------------------------------------------------------------
Start Renaming Generated Instances
---------------------------------------------------------------------------------
---------------------------------------------------------------------------------
Finished Renaming Generated Instances : Time (s): cpu = 00:00:14 ; elapsed = 00:00:15 . Memory (MB): peak = 2587.281 ; gain = 667.871
---------------------------------------------------------------------------------
---------------------------------------------------------------------------------
Start Rebuilding User Hierarchy
---------------------------------------------------------------------------------
---------------------------------------------------------------------------------
Finished Rebuilding User Hierarchy : Time (s): cpu = 00:00:14 ; elapsed = 00:00:15 . Memory (MB): peak = 2587.281 ; gain = 667.871
---------------------------------------------------------------------------------
---------------------------------------------------------------------------------
Start Renaming Generated Ports
---------------------------------------------------------------------------------
---------------------------------------------------------------------------------
Finished Renaming Generated Ports : Time (s): cpu = 00:00:14 ; elapsed = 00:00:15 . Memory (MB): peak = 2587.281 ; gain = 667.871
---------------------------------------------------------------------------------
---------------------------------------------------------------------------------
Start Handling Custom Attributes
---------------------------------------------------------------------------------
---------------------------------------------------------------------------------
Finished Handling Custom Attributes : Time (s): cpu = 00:00:14 ; elapsed = 00:00:15 . Memory (MB): peak = 2587.281 ; gain = 667.871
---------------------------------------------------------------------------------
---------------------------------------------------------------------------------
Start Renaming Generated Nets
---------------------------------------------------------------------------------
---------------------------------------------------------------------------------
Finished Renaming Generated Nets : Time (s): cpu = 00:00:14 ; elapsed = 00:00:15 . Memory (MB): peak = 2587.281 ; gain = 667.871
---------------------------------------------------------------------------------
---------------------------------------------------------------------------------
Start Writing Synthesis Report
---------------------------------------------------------------------------------

Report BlackBoxes: 
+-+--------------+----------+
| |BlackBox name |Instances |
+-+--------------+----------+
+-+--------------+----------+

Report Cell Usage: 
+------+------+------+
|      |Cell  |Count |
+------+------+------+
|1     |BIBUF |   130|
|2     |BUFG  |     2|
|3     |LUT1  |    30|
|4     |PS7   |     1|
+------+------+------+
---------------------------------------------------------------------------------
Finished Writing Synthesis Report : Time (s): cpu = 00:00:14 ; elapsed = 00:00:15 . Memory (MB): peak = 2587.281 ; gain = 667.871
---------------------------------------------------------------------------------
Synthesis finished with 0 errors, 0 critical warnings and 80 warnings.
Synthesis Optimization Runtime : Time (s): cpu = 00:00:10 ; elapsed = 00:00:14 . Memory (MB): peak = 2587.281 ; gain = 633.898
Synthesis Optimization Complete : Time (s): cpu = 00:00:14 ; elapsed = 00:00:15 . Memory (MB): peak = 2587.281 ; gain = 667.871
INFO: [Project 1-571] Translating synthesized netlist
Netlist sorting complete. Time (s): cpu = 00:00:00 ; elapsed = 00:00:00.006 . Memory (MB): peak = 2587.281 ; gain = 0.000
INFO: [Project 1-570] Preparing netlist for logic optimization
INFO: [Opt 31-138] Pushed 0 inverter(s) to 0 load pin(s).
Netlist sorting complete. Time (s): cpu = 00:00:00 ; elapsed = 00:00:00 . Memory (MB): peak = 2612.250 ; gain = 0.000
INFO: [Project 1-111] Unisim Transformation Summary:
No Unisim elements were transformed.

Synth Design complete | Checksum: 877bf0da
INFO: [Common 17-83] Releasing license: Synthesis
28 Infos, 115 Warnings, 0 Critical Warnings and 0 Errors encountered.
synth_design completed successfully
synth_design: Time (s): cpu = 00:00:16 ; elapsed = 00:00:19 . Memory (MB): peak = 2612.250 ; gain = 1099.344
INFO: [Common 17-1381] The checkpoint 'C:/Users/fawei/Downloads/z20/z20_sd_music/z20_sd_music.runs/system_processing_system7_0_0_synth_1/system_processing_system7_0_0.dcp' has been generated.
INFO: [runtcl-4] Executing : report_utilization -file system_processing_system7_0_0_utilization_synth.rpt -pb system_processing_system7_0_0_utilization_synth.pb
INFO: [Common 17-206] Exiting Vivado at Thu Feb 12 08:36:42 2026...

*** Running vivado
    with args -log system_processing_system7_0_0.vds -m64 -product Vivado -mode batch -messageDb vivado.pb -notrace -source system_processing_system7_0_0.tcl



****** Vivado v2023.1 (64-bit)
  **** SW Build 3865809 on Sun May  7 15:05:29 MDT 2023
  **** IP Build 3864474 on Sun May  7 20:36:21 MDT 2023
  **** SharedData Build 3865790 on Sun May 07 13:33:03 MDT 2023
    ** Copyright 1986-2022 Xilinx, Inc. All Rights Reserved.
    ** Copyright 2022-2023 Advanced Micro Devices, Inc. All Rights Reserved.

source system_processing_system7_0_0.tcl -notrace
INFO: [IP_Flow 19-234] Refreshing IP repositories
INFO: [IP_Flow 19-1700] Loaded user IP repository 'c:/Users/fawei/Downloads/z20/z20_sd_music/ip_repo'.
INFO: [IP_Flow 19-2313] Loaded Vivado IP repository 'D:/app/Xilinx/Vivado/2023.1/data/ip'.
Command: synth_design -top system_processing_system7_0_0 -part xc7z020clg400-2 -incremental_mode off -mode out_of_context
Starting synth_design
Attempting to get a license for feature 'Synthesis' and/or device 'xc7z020'
INFO: [Common 17-349] Got license for feature 'Synthesis' and/or device 'xc7z020'
INFO: [Device 21-403] Loading part xc7z020clg400-2
INFO: [Synth 8-7079] Multithreading enabled for synth_design using a maximum of 2 processes.
INFO: [Synth 8-7078] Launching helper process for spawning children vivado processes
INFO: [Synth 8-7075] Helper process launched with PID 34884
---------------------------------------------------------------------------------
Starting RTL Elaboration : Time (s): cpu = 00:00:03 ; elapsed = 00:00:03 . Memory (MB): peak = 2329.336 ; gain = 410.234
---------------------------------------------------------------------------------
INFO: [Synth 8-6157] synthesizing module 'system_processing_system7_0_0' [c:/Users/fawei/Downloads/z20/z20_sd_music/z20_sd_music.gen/sources_1/bd/system/ip/system_processing_system7_0_0/synth/system_processing_system7_0_0.v:53]
INFO: [Synth 8-6157] synthesizing module 'processing_system7_v5_5_processing_system7' [c:/Users/fawei/Downloads/z20/z20_sd_music/z20_sd_music.gen/sources_1/bd/system/ip/system_processing_system7_0_0/hdl/verilog/processing_system7_v5_5_processing_system7.v:152]
INFO: [Synth 8-6157] synthesizing module 'BUFG' [D:/app/Xilinx/Vivado/2023.1/scripts/rt/data/unisim_comp.v:1519]
INFO: [Synth 8-6155] done synthesizing module 'BUFG' (0#1) [D:/app/Xilinx/Vivado/2023.1/scripts/rt/data/unisim_comp.v:1519]
INFO: [Synth 8-6157] synthesizing module 'BIBUF' [D:/app/Xilinx/Vivado/2023.1/scripts/rt/data/unisim_comp.v:1166]
INFO: [Synth 8-6155] done synthesizing module 'BIBUF' (0#1) [D:/app/Xilinx/Vivado/2023.1/scripts/rt/data/unisim_comp.v:1166]
INFO: [Synth 8-6157] synthesizing module 'PS7' [D:/app/Xilinx/Vivado/2023.1/scripts/rt/data/unisim_comp.v:109921]
INFO: [Synth 8-6155] done synthesizing module 'PS7' (0#1) [D:/app/Xilinx/Vivado/2023.1/scripts/rt/data/unisim_comp.v:109921]
INFO: [Synth 8-6155] done synthesizing module 'processing_system7_v5_5_processing_system7' (0#1) [c:/Users/fawei/Downloads/z20/z20_sd_music/z20_sd_music.gen/sources_1/bd/system/ip/system_processing_system7_0_0/hdl/verilog/processing_system7_v5_5_processing_system7.v:152]
WARNING: [Synth 8-7071] port 'M_AXI_GP0_ARESETN' of module 'processing_system7_v5_5_processing_system7' is unconnected for instance 'inst' [c:/Users/fawei/Downloads/z20/z20_sd_music/z20_sd_music.gen/sources_1/bd/system/ip/system_processing_system7_0_0/synth/system_processing_system7_0_0.v:487]
WARNING: [Synth 8-7071] port 'M_AXI_GP1_ARESETN' of module 'processing_system7_v5_5_processing_system7' is unconnected for instance 'inst' [c:/Users/fawei/Downloads/z20/z20_sd_music/z20_sd_music.gen/sources_1/bd/system/ip/system_processing_system7_0_0/synth/system_processing_system7_0_0.v:487]
WARNING: [Synth 8-7071] port 'S_AXI_GP0_ARESETN' of module 'processing_system7_v5_5_processing_system7' is unconnected for instance 'inst' [c:/Users/fawei/Downloads/z20/z20_sd_music/z20_sd_music.gen/sources_1/bd/system/ip/system_processing_system7_0_0/synth/system_processing_system7_0_0.v:487]
WARNING: [Synth 8-7071] port 'S_AXI_GP1_ARESETN' of module 'processing_system7_v5_5_processing_system7' is unconnected for instance 'inst' [c:/Users/fawei/Downloads/z20/z20_sd_music/z20_sd_music.gen/sources_1/bd/system/ip/system_processing_system7_0_0/synth/system_processing_system7_0_0.v:487]
WARNING: [Synth 8-7071] port 'S_AXI_ACP_ARESETN' of module 'processing_system7_v5_5_processing_system7' is unconnected for instance 'inst' [c:/Users/fawei/Downloads/z20/z20_sd_music/z20_sd_music.gen/sources_1/bd/system/ip/system_processing_system7_0_0/synth/system_processing_system7_0_0.v:487]
WARNING: [Synth 8-7071] port 'S_AXI_HP0_ARESETN' of module 'processing_system7_v5_5_processing_system7' is unconnected for instance 'inst' [c:/Users/fawei/Downloads/z20/z20_sd_music/z20_sd_music.gen/sources_1/bd/system/ip/system_processing_system7_0_0/synth/system_processing_system7_0_0.v:487]
WARNING: [Synth 8-7071] port 'S_AXI_HP1_ARESETN' of module 'processing_system7_v5_5_processing_system7' is unconnected for instance 'inst' [c:/Users/fawei/Downloads/z20/z20_sd_music/z20_sd_music.gen/sources_1/bd/system/ip/system_processing_system7_0_0/synth/system_processing_system7_0_0.v:487]
WARNING: [Synth 8-7071] port 'S_AXI_HP2_ARESETN' of module 'processing_system7_v5_5_processing_system7' is unconnected for instance 'inst' [c:/Users/fawei/Downloads/z20/z20_sd_music/z20_sd_music.gen/sources_1/bd/system/ip/system_processing_system7_0_0/synth/system_processing_system7_0_0.v:487]
WARNING: [Synth 8-7071] port 'S_AXI_HP3_ARESETN' of module 'processing_system7_v5_5_processing_system7' is unconnected for instance 'inst' [c:/Users/fawei/Downloads/z20/z20_sd_music/z20_sd_music.gen/sources_1/bd/system/ip/system_processing_system7_0_0/synth/system_processing_system7_0_0.v:487]
WARNING: [Synth 8-7071] port 'DMA0_RSTN' of module 'processing_system7_v5_5_processing_system7' is unconnected for instance 'inst' [c:/Users/fawei/Downloads/z20/z20_sd_music/z20_sd_music.gen/sources_1/bd/system/ip/system_processing_system7_0_0/synth/system_processing_system7_0_0.v:487]
WARNING: [Synth 8-7071] port 'DMA1_RSTN' of module 'processing_system7_v5_5_processing_system7' is unconnected for instance 'inst' [c:/Users/fawei/Downloads/z20/z20_sd_music/z20_sd_music.gen/sources_1/bd/system/ip/system_processing_system7_0_0/synth/system_processing_system7_0_0.v:487]
WARNING: [Synth 8-7071] port 'DMA2_RSTN' of module 'processing_system7_v5_5_processing_system7' is unconnected for instance 'inst' [c:/Users/fawei/Downloads/z20/z20_sd_music/z20_sd_music.gen/sources_1/bd/system/ip/system_processing_system7_0_0/synth/system_processing_system7_0_0.v:487]
WARNING: [Synth 8-7071] port 'DMA3_RSTN' of module 'processing_system7_v5_5_processing_system7' is unconnected for instance 'inst' [c:/Users/fawei/Downloads/z20/z20_sd_music/z20_sd_music.gen/sources_1/bd/system/ip/system_processing_system7_0_0/synth/system_processing_system7_0_0.v:487]
WARNING: [Synth 8-7023] instance 'inst' of module 'processing_system7_v5_5_processing_system7' has 685 connections declared, but only 672 given [c:/Users/fawei/Downloads/z20/z20_sd_music/z20_sd_music.gen/sources_1/bd/system/ip/system_processing_system7_0_0/synth/system_processing_system7_0_0.v:487]
INFO: [Synth 8-6155] done synthesizing module 'system_processing_system7_0_0' (0#1) [c:/Users/fawei/Downloads/z20/z20_sd_music/z20_sd_music.gen/sources_1/bd/system/ip/system_processing_system7_0_0/synth/system_processing_system7_0_0.v:53]
WARNING: [Synth 8-7129] Port ENET0_GMII_COL in module processing_system7_v5_5_processing_system7 is either unconnected or has no load
WARNING: [Synth 8-7129] Port ENET0_GMII_CRS in module processing_system7_v5_5_processing_system7 is either unconnected or has no load
WARNING: [Synth 8-7129] Port ENET0_GMII_RX_DV in module processing_system7_v5_5_processing_system7 is either unconnected or has no load
WARNING: [Synth 8-7129] Port ENET0_GMII_RX_ER in module processing_system7_v5_5_processing_system7 is either unconnected or has no load
WARNING: [Synth 8-7129] Port ENET0_GMII_RXD[7] in module processing_system7_v5_5_processing_system7 is either unconnected or has no load
WARNING: [Synth 8-7129] Port ENET0_GMII_RXD[6] in module processing_system7_v5_5_processing_system7 is either unconnected or has no load
WARNING: [Synth 8-7129] Port ENET0_GMII_RXD[5] in module processing_system7_v5_5_processing_system7 is either unconnected or has no load
WARNING: [Synth 8-7129] Port ENET0_GMII_RXD[4] in module processing_system7_v5_5_processing_system7 is either unconnected or has no load
WARNING: [Synth 8-7129] Port ENET0_GMII_RXD[3] in module processing_system7_v5_5_processing_system7 is either unconnected or has no load
WARNING: [Synth 8-7129] Port ENET0_GMII_RXD[2] in module processing_system7_v5_5_processing_system7 is either unconnected or has no load
WARNING: [Synth 8-7129] Port ENET0_GMII_RXD[1] in module processing_system7_v5_5_processing_system7 is either unconnected or has no load
WARNING: [Synth 8-7129] Port ENET0_GMII_RXD[0] in module processing_system7_v5_5_processing_system7 is either unconnected or has no load
WARNING: [Synth 8-7129] Port ENET1_GMII_COL in module processing_system7_v5_5_processing_system7 is either unconnected or has no load
WARNING: [Synth 8-7129] Port ENET1_GMII_CRS in module processing_system7_v5_5_processing_system7 is either unconnected or has no load
WARNING: [Synth 8-7129] Port ENET1_GMII_RX_DV in module processing_system7_v5_5_processing_system7 is either unconnected or has no load
WARNING: [Synth 8-7129] Port ENET1_GMII_RX_ER in module processing_system7_v5_5_processing_system7 is either unconnected or has no load
WARNING: [Synth 8-7129] Port ENET1_GMII_RXD[7] in module processing_system7_v5_5_processing_system7 is either unconnected or has no load
WARNING: [Synth 8-7129] Port ENET1_GMII_RXD[6] in module processing_system7_v5_5_processing_system7 is either unconnected or has no load
WARNING: [Synth 8-7129] Port ENET1_GMII_RXD[5] in module processing_system7_v5_5_processing_system7 is either unconnected or has no load
WARNING: [Synth 8-7129] Port ENET1_GMII_RXD[4] in module processing_system7_v5_5_processing_system7 is either unconnected or has no load
WARNING: [Synth 8-7129] Port ENET1_GMII_RXD[3] in module processing_system7_v5_5_processing_system7 is either unconnected or has no load
WARNING: [Synth 8-7129] Port ENET1_GMII_RXD[2] in module processing_system7_v5_5_processing_system7 is either unconnected or has no load
WARNING: [Synth 8-7129] Port ENET1_GMII_RXD[1] in module processing_system7_v5_5_processing_system7 is either unconnected or has no load
WARNING: [Synth 8-7129] Port ENET1_GMII_RXD[0] in module processing_system7_v5_5_processing_system7 is either unconnected or has no load
WARNING: [Synth 8-7129] Port S_AXI_GP0_ARSIZE[2] in module processing_system7_v5_5_processing_system7 is either unconnected or has no load
WARNING: [Synth 8-7129] Port S_AXI_GP0_AWSIZE[2] in module processing_system7_v5_5_processing_system7 is either unconnected or has no load
WARNING: [Synth 8-7129] Port S_AXI_GP1_ARSIZE[2] in module processing_system7_v5_5_processing_system7 is either unconnected or has no load
WARNING: [Synth 8-7129] Port S_AXI_GP1_AWSIZE[2] in module processing_system7_v5_5_processing_system7 is either unconnected or has no load
WARNING: [Synth 8-7129] Port S_AXI_ACP_ARSIZE[2] in module processing_system7_v5_5_processing_system7 is either unconnected or has no load
WARNING: [Synth 8-7129] Port S_AXI_ACP_AWSIZE[2] in module processing_system7_v5_5_processing_system7 is either unconnected or has no load
WARNING: [Synth 8-7129] Port S_AXI_HP0_ARSIZE[2] in module processing_system7_v5_5_processing_system7 is either unconnected or has no load
WARNING: [Synth 8-7129] Port S_AXI_HP0_AWSIZE[2] in module processing_system7_v5_5_processing_system7 is either unconnected or has no load
WARNING: [Synth 8-7129] Port S_AXI_HP1_ARSIZE[2] in module processing_system7_v5_5_processing_system7 is either unconnected or has no load
WARNING: [Synth 8-7129] Port S_AXI_HP1_AWSIZE[2] in module processing_system7_v5_5_processing_system7 is either unconnected or has no load
WARNING: [Synth 8-7129] Port S_AXI_HP2_ARSIZE[2] in module processing_system7_v5_5_processing_system7 is either unconnected or has no load
WARNING: [Synth 8-7129] Port S_AXI_HP2_AWSIZE[2] in module processing_system7_v5_5_processing_system7 is either unconnected or has no load
WARNING: [Synth 8-7129] Port S_AXI_HP3_ARSIZE[2] in module processing_system7_v5_5_processing_system7 is either unconnected or has no load
WARNING: [Synth 8-7129] Port S_AXI_HP3_AWSIZE[2] in module processing_system7_v5_5_processing_system7 is either unconnected or has no load
WARNING: [Synth 8-7129] Port FCLK_CLKTRIG3_N in module processing_system7_v5_5_processing_system7 is either unconnected or has no load
WARNING: [Synth 8-7129] Port FCLK_CLKTRIG2_N in module processing_system7_v5_5_processing_system7 is either unconnected or has no load
WARNING: [Synth 8-7129] Port FCLK_CLKTRIG1_N in module processing_system7_v5_5_processing_system7 is either unconnected or has no load
WARNING: [Synth 8-7129] Port FCLK_CLKTRIG0_N in module processing_system7_v5_5_processing_system7 is either unconnected or has no load
WARNING: [Synth 8-7129] Port FTMD_TRACEIN_DATA[31] in module processing_system7_v5_5_processing_system7 is either unconnected or has no load
WARNING: [Synth 8-7129] Port FTMD_TRACEIN_DATA[30] in module processing_system7_v5_5_processing_system7 is either unconnected or has no load
WARNING: [Synth 8-7129] Port FTMD_TRACEIN_DATA[29] in module processing_system7_v5_5_processing_system7 is either unconnected or has no load
WARNING: [Synth 8-7129] Port FTMD_TRACEIN_DATA[28] in module processing_system7_v5_5_processing_system7 is either unconnected or has no load
WARNING: [Synth 8-7129] Port FTMD_TRACEIN_DATA[27] in module processing_system7_v5_5_processing_system7 is either unconnected or has no load
WARNING: [Synth 8-7129] Port FTMD_TRACEIN_DATA[26] in module processing_system7_v5_5_processing_system7 is either unconnected or has no load
WARNING: [Synth 8-7129] Port FTMD_TRACEIN_DATA[25] in module processing_system7_v5_5_processing_system7 is either unconnected or has no load
WARNING: [Synth 8-7129] Port FTMD_TRACEIN_DATA[24] in module processing_system7_v5_5_processing_system7 is either unconnected or has no load
WARNING: [Synth 8-7129] Port FTMD_TRACEIN_DATA[23] in module processing_system7_v5_5_processing_system7 is either unconnected or has no load
WARNING: [Synth 8-7129] Port FTMD_TRACEIN_DATA[22] in module processing_system7_v5_5_processing_system7 is either unconnected or has no load
WARNING: [Synth 8-7129] Port FTMD_TRACEIN_DATA[21] in module processing_system7_v5_5_processing_system7 is either unconnected or has no load
WARNING: [Synth 8-7129] Port FTMD_TRACEIN_DATA[20] in module processing_system7_v5_5_processing_system7 is either unconnected or has no load
WARNING: [Synth 8-7129] Port FTMD_TRACEIN_DATA[19] in module processing_system7_v5_5_processing_system7 is either unconnected or has no load
WARNING: [Synth 8-7129] Port FTMD_TRACEIN_DATA[18] in module processing_system7_v5_5_processing_system7 is either unconnected or has no load
WARNING: [Synth 8-7129] Port FTMD_TRACEIN_DATA[17] in module processing_system7_v5_5_processing_system7 is either unconnected or has no load
WARNING: [Synth 8-7129] Port FTMD_TRACEIN_DATA[16] in module processing_system7_v5_5_processing_system7 is either unconnected or has no load
WARNING: [Synth 8-7129] Port FTMD_TRACEIN_DATA[15] in module processing_system7_v5_5_processing_system7 is either unconnected or has no load
WARNING: [Synth 8-7129] Port FTMD_TRACEIN_DATA[14] in module processing_system7_v5_5_processing_system7 is either unconnected or has no load
WARNING: [Synth 8-7129] Port FTMD_TRACEIN_DATA[13] in module processing_system7_v5_5_processing_system7 is either unconnected or has no load
WARNING: [Synth 8-7129] Port FTMD_TRACEIN_DATA[12] in module processing_system7_v5_5_processing_system7 is either unconnected or has no load
WARNING: [Synth 8-7129] Port FTMD_TRACEIN_DATA[11] in module processing_system7_v5_5_processing_system7 is either unconnected or has no load
WARNING: [Synth 8-7129] Port FTMD_TRACEIN_DATA[10] in module processing_system7_v5_5_processing_system7 is either unconnected or has no load
WARNING: [Synth 8-7129] Port FTMD_TRACEIN_DATA[9] in module processing_system7_v5_5_processing_system7 is either unconnected or has no load
WARNING: [Synth 8-7129] Port FTMD_TRACEIN_DATA[8] in module processing_system7_v5_5_processing_system7 is either unconnected or has no load
WARNING: [Synth 8-7129] Port FTMD_TRACEIN_DATA[7] in module processing_system7_v5_5_processing_system7 is either unconnected or has no load
WARNING: [Synth 8-7129] Port FTMD_TRACEIN_DATA[6] in module processing_system7_v5_5_processing_system7 is either unconnected or has no load
WARNING: [Synth 8-7129] Port FTMD_TRACEIN_DATA[5] in module processing_system7_v5_5_processing_system7 is either unconnected or has no load
WARNING: [Synth 8-7129] Port FTMD_TRACEIN_DATA[4] in module processing_system7_v5_5_processing_system7 is either unconnected or has no load
WARNING: [Synth 8-7129] Port FTMD_TRACEIN_DATA[3] in module processing_system7_v5_5_processing_system7 is either unconnected or has no load
WARNING: [Synth 8-7129] Port FTMD_TRACEIN_DATA[2] in module processing_system7_v5_5_processing_system7 is either unconnected or has no load
WARNING: [Synth 8-7129] Port FTMD_TRACEIN_DATA[1] in module processing_system7_v5_5_processing_system7 is either unconnected or has no load
WARNING: [Synth 8-7129] Port FTMD_TRACEIN_DATA[0] in module processing_system7_v5_5_processing_system7 is either unconnected or has no load
WARNING: [Synth 8-7129] Port FTMD_TRACEIN_VALID in module processing_system7_v5_5_processing_system7 is either unconnected or has no load
WARNING: [Synth 8-7129] Port FTMD_TRACEIN_ATID[3] in module processing_system7_v5_5_processing_system7 is either unconnected or has no load
WARNING: [Synth 8-7129] Port FTMD_TRACEIN_ATID[2] in module processing_system7_v5_5_processing_system7 is either unconnected or has no load
WARNING: [Synth 8-7129] Port FTMD_TRACEIN_ATID[1] in module processing_system7_v5_5_processing_system7 is either unconnected or has no load
WARNING: [Synth 8-7129] Port FTMD_TRACEIN_ATID[0] in module processing_system7_v5_5_processing_system7 is either unconnected or has no load
---------------------------------------------------------------------------------
Finished RTL Elaboration : Time (s): cpu = 00:00:04 ; elapsed = 00:00:04 . Memory (MB): peak = 2432.402 ; gain = 513.301
---------------------------------------------------------------------------------
---------------------------------------------------------------------------------
Start Handling Custom Attributes
---------------------------------------------------------------------------------
---------------------------------------------------------------------------------
Finished Handling Custom Attributes : Time (s): cpu = 00:00:04 ; elapsed = 00:00:04 . Memory (MB): peak = 2450.332 ; gain = 531.230
---------------------------------------------------------------------------------
---------------------------------------------------------------------------------
Finished RTL Optimization Phase 1 : Time (s): cpu = 00:00:04 ; elapsed = 00:00:04 . Memory (MB): peak = 2450.332 ; gain = 531.230
---------------------------------------------------------------------------------
Netlist sorting complete. Time (s): cpu = 00:00:00 ; elapsed = 00:00:00.007 . Memory (MB): peak = 2462.344 ; gain = 0.000
INFO: [Project 1-570] Preparing netlist for logic optimization

Processing XDC Constraints
Initializing timing engine
Parsing XDC File [c:/Users/fawei/Downloads/z20/z20_sd_music/z20_sd_music.gen/sources_1/bd/system/ip/system_processing_system7_0_0/system_processing_system7_0_0.xdc] for cell 'inst'
Finished Parsing XDC File [c:/Users/fawei/Downloads/z20/z20_sd_music/z20_sd_music.gen/sources_1/bd/system/ip/system_processing_system7_0_0/system_processing_system7_0_0.xdc] for cell 'inst'
INFO: [Project 1-236] Implementation specific constraints were found while reading constraint file [c:/Users/fawei/Downloads/z20/z20_sd_music/z20_sd_music.gen/sources_1/bd/system/ip/system_processing_system7_0_0/system_processing_system7_0_0.xdc]. These constraints will be ignored for synthesis but will be used in implementation. Impacted constraints are listed in the file [.Xil/system_processing_system7_0_0_propImpl.xdc].
Resolution: To avoid this warning, move constraints listed in [.Xil/system_processing_system7_0_0_propImpl.xdc] to another XDC file and exclude this new file from synthesis with the used_in_synthesis property (File Properties dialog in GUI) and re-run elaboration/synthesis.
Parsing XDC File [C:/Users/fawei/Downloads/z20/z20_sd_music/z20_sd_music.runs/system_processing_system7_0_0_synth_1/dont_touch.xdc]
Finished Parsing XDC File [C:/Users/fawei/Downloads/z20/z20_sd_music/z20_sd_music.runs/system_processing_system7_0_0_synth_1/dont_touch.xdc]
Completed Processing XDC Constraints

Netlist sorting complete. Time (s): cpu = 00:00:00 ; elapsed = 00:00:00 . Memory (MB): peak = 2484.234 ; gain = 0.000
INFO: [Project 1-111] Unisim Transformation Summary:
No Unisim elements were transformed.

Constraint Validation Runtime : Time (s): cpu = 00:00:00 ; elapsed = 00:00:00.018 . Memory (MB): peak = 2484.234 ; gain = 0.000
INFO: [Designutils 20-5008] Incremental synthesis strategy off
---------------------------------------------------------------------------------
Finished Constraint Validation : Time (s): cpu = 00:00:07 ; elapsed = 00:00:08 . Memory (MB): peak = 2484.234 ; gain = 565.133
---------------------------------------------------------------------------------
---------------------------------------------------------------------------------
Start Loading Part and Timing Information
---------------------------------------------------------------------------------
Loading part: xc7z020clg400-2
---------------------------------------------------------------------------------
Finished Loading Part and Timing Information : Time (s): cpu = 00:00:07 ; elapsed = 00:00:08 . Memory (MB): peak = 2484.234 ; gain = 565.133
---------------------------------------------------------------------------------
---------------------------------------------------------------------------------
Start Applying 'set_property' XDC Constraints
---------------------------------------------------------------------------------
Applied set_property KEEP_HIERARCHY = SOFT for inst. (constraint file  C:/Users/fawei/Downloads/z20/z20_sd_music/z20_sd_music.runs/system_processing_system7_0_0_synth_1/dont_touch.xdc, line 9).
---------------------------------------------------------------------------------
Finished applying 'set_property' XDC Constraints : Time (s): cpu = 00:00:08 ; elapsed = 00:00:08 . Memory (MB): peak = 2484.234 ; gain = 565.133
---------------------------------------------------------------------------------
---------------------------------------------------------------------------------
Finished RTL Optimization Phase 2 : Time (s): cpu = 00:00:08 ; elapsed = 00:00:08 . Memory (MB): peak = 2484.234 ; gain = 565.133
---------------------------------------------------------------------------------
---------------------------------------------------------------------------------
Start RTL Component Statistics 
---------------------------------------------------------------------------------
Detailed RTL Component Info : 
---------------------------------------------------------------------------------
Finished RTL Component Statistics 
---------------------------------------------------------------------------------
---------------------------------------------------------------------------------
Start Part Resource Summary
---------------------------------------------------------------------------------
Part Resources:
DSPs: 220 (col length:60)
BRAMs: 280 (col length: RAMB18 60 RAMB36 30)
---------------------------------------------------------------------------------
Finished Part Resource Summary
---------------------------------------------------------------------------------
---------------------------------------------------------------------------------
Start Cross Boundary and Area Optimization
---------------------------------------------------------------------------------
WARNING: [Synth 8-7080] Parallel synthesis criteria is not met
WARNING: [Synth 8-7129] Port ENET0_GMII_COL in module processing_system7_v5_5_processing_system7 is either unconnected or has no load
WARNING: [Synth 8-7129] Port ENET0_GMII_CRS in module processing_system7_v5_5_processing_system7 is either unconnected or has no load
WARNING: [Synth 8-7129] Port ENET0_GMII_RX_DV in module processing_system7_v5_5_processing_system7 is either unconnected or has no load
WARNING: [Synth 8-7129] Port ENET0_GMII_RX_ER in module processing_system7_v5_5_processing_system7 is either unconnected or has no load
WARNING: [Synth 8-7129] Port ENET0_GMII_RXD[7] in module processing_system7_v5_5_processing_system7 is either unconnected or has no load
WARNING: [Synth 8-7129] Port ENET0_GMII_RXD[6] in module processing_system7_v5_5_processing_system7 is either unconnected or has no load
WARNING: [Synth 8-7129] Port ENET0_GMII_RXD[5] in module processing_system7_v5_5_processing_system7 is either unconnected or has no load
WARNING: [Synth 8-7129] Port ENET0_GMII_RXD[4] in module processing_system7_v5_5_processing_system7 is either unconnected or has no load
WARNING: [Synth 8-7129] Port ENET0_GMII_RXD[3] in module processing_system7_v5_5_processing_system7 is either unconnected or has no load
WARNING: [Synth 8-7129] Port ENET0_GMII_RXD[2] in module processing_system7_v5_5_processing_system7 is either unconnected or has no load
WARNING: [Synth 8-7129] Port ENET0_GMII_RXD[1] in module processing_system7_v5_5_processing_system7 is either unconnected or has no load
WARNING: [Synth 8-7129] Port ENET0_GMII_RXD[0] in module processing_system7_v5_5_processing_system7 is either unconnected or has no load
WARNING: [Synth 8-7129] Port ENET1_GMII_COL in module processing_system7_v5_5_processing_system7 is either unconnected or has no load
WARNING: [Synth 8-7129] Port ENET1_GMII_CRS in module processing_system7_v5_5_processing_system7 is either unconnected or has no load
WARNING: [Synth 8-7129] Port ENET1_GMII_RX_DV in module processing_system7_v5_5_processing_system7 is either unconnected or has no load
WARNING: [Synth 8-7129] Port ENET1_GMII_RX_ER in module processing_system7_v5_5_processing_system7 is either unconnected or has no load
WARNING: [Synth 8-7129] Port ENET1_GMII_RXD[7] in module processing_system7_v5_5_processing_system7 is either unconnected or has no load
WARNING: [Synth 8-7129] Port ENET1_GMII_RXD[6] in module processing_system7_v5_5_processing_system7 is either unconnected or has no load
WARNING: [Synth 8-7129] Port ENET1_GMII_RXD[5] in module processing_system7_v5_5_processing_system7 is either unconnected or has no load
WARNING: [Synth 8-7129] Port ENET1_GMII_RXD[4] in module processing_system7_v5_5_processing_system7 is either unconnected or has no load
WARNING: [Synth 8-7129] Port ENET1_GMII_RXD[3] in module processing_system7_v5_5_processing_system7 is either unconnected or has no load
INFO: [Common 17-14] Message 'Synth 8-7129' appears 100 times and further instances of the messages will be disabled. Use the Tcl command set_msg_config to change the current settings.
---------------------------------------------------------------------------------
Finished Cross Boundary and Area Optimization : Time (s): cpu = 00:00:09 ; elapsed = 00:00:09 . Memory (MB): peak = 2484.234 ; gain = 565.133
---------------------------------------------------------------------------------
---------------------------------------------------------------------------------
Start Applying XDC Timing Constraints
---------------------------------------------------------------------------------
---------------------------------------------------------------------------------
Finished Applying XDC Timing Constraints : Time (s): cpu = 00:00:12 ; elapsed = 00:00:12 . Memory (MB): peak = 2554.391 ; gain = 635.289
---------------------------------------------------------------------------------
---------------------------------------------------------------------------------
Start Timing Optimization
---------------------------------------------------------------------------------
---------------------------------------------------------------------------------
Finished Timing Optimization : Time (s): cpu = 00:00:12 ; elapsed = 00:00:12 . Memory (MB): peak = 2574.266 ; gain = 655.164
---------------------------------------------------------------------------------
---------------------------------------------------------------------------------
Start Technology Mapping
---------------------------------------------------------------------------------
---------------------------------------------------------------------------------
Finished Technology Mapping : Time (s): cpu = 00:00:12 ; elapsed = 00:00:12 . Memory (MB): peak = 2576.906 ; gain = 657.805
---------------------------------------------------------------------------------
---------------------------------------------------------------------------------
Start IO Insertion
---------------------------------------------------------------------------------
---------------------------------------------------------------------------------
Start Flattening Before IO Insertion
---------------------------------------------------------------------------------
---------------------------------------------------------------------------------
Finished Flattening Before IO Insertion
---------------------------------------------------------------------------------
---------------------------------------------------------------------------------
Start Final Netlist Cleanup
---------------------------------------------------------------------------------
---------------------------------------------------------------------------------
Finished Final Netlist Cleanup
---------------------------------------------------------------------------------
---------------------------------------------------------------------------------
Finished IO Insertion : Time (s): cpu = 00:00:13 ; elapsed = 00:00:14 . Memory (MB): peak = 2591.695 ; gain = 672.594
---------------------------------------------------------------------------------
---------------------------------------------------------------------------------
Start Renaming Generated Instances
---------------------------------------------------------------------------------
---------------------------------------------------------------------------------
Finished Renaming Generated Instances : Time (s): cpu = 00:00:13 ; elapsed = 00:00:14 . Memory (MB): peak = 2591.695 ; gain = 672.594
---------------------------------------------------------------------------------
---------------------------------------------------------------------------------
Start Rebuilding User Hierarchy
---------------------------------------------------------------------------------
---------------------------------------------------------------------------------
Finished Rebuilding User Hierarchy : Time (s): cpu = 00:00:13 ; elapsed = 00:00:14 . Memory (MB): peak = 2591.695 ; gain = 672.594
---------------------------------------------------------------------------------
---------------------------------------------------------------------------------
Start Renaming Generated Ports
---------------------------------------------------------------------------------
---------------------------------------------------------------------------------
Finished Renaming Generated Ports : Time (s): cpu = 00:00:13 ; elapsed = 00:00:14 . Memory (MB): peak = 2591.695 ; gain = 672.594
---------------------------------------------------------------------------------
---------------------------------------------------------------------------------
Start Handling Custom Attributes
---------------------------------------------------------------------------------
---------------------------------------------------------------------------------
Finished Handling Custom Attributes : Time (s): cpu = 00:00:13 ; elapsed = 00:00:14 . Memory (MB): peak = 2591.695 ; gain = 672.594
---------------------------------------------------------------------------------
---------------------------------------------------------------------------------
Start Renaming Generated Nets
---------------------------------------------------------------------------------
---------------------------------------------------------------------------------
Finished Renaming Generated Nets : Time (s): cpu = 00:00:13 ; elapsed = 00:00:14 . Memory (MB): peak = 2591.695 ; gain = 672.594
---------------------------------------------------------------------------------
---------------------------------------------------------------------------------
Start Writing Synthesis Report
---------------------------------------------------------------------------------

Report BlackBoxes: 
+-+--------------+----------+
| |BlackBox name |Instances |
+-+--------------+----------+
+-+--------------+----------+

Report Cell Usage: 
+------+------+------+
|      |Cell  |Count |
+------+------+------+
|1     |BIBUF |   130|
|2     |BUFG  |     2|
|3     |LUT1  |    30|
|4     |PS7   |     1|
+------+------+------+
---------------------------------------------------------------------------------
Finished Writing Synthesis Report : Time (s): cpu = 00:00:13 ; elapsed = 00:00:14 . Memory (MB): peak = 2591.695 ; gain = 672.594
---------------------------------------------------------------------------------
Synthesis finished with 0 errors, 0 critical warnings and 80 warnings.
Synthesis Optimization Runtime : Time (s): cpu = 00:00:09 ; elapsed = 00:00:13 . Memory (MB): peak = 2591.695 ; gain = 638.691
Synthesis Optimization Complete : Time (s): cpu = 00:00:14 ; elapsed = 00:00:14 . Memory (MB): peak = 2591.695 ; gain = 672.594
INFO: [Project 1-571] Translating synthesized netlist
Netlist sorting complete. Time (s): cpu = 00:00:00 ; elapsed = 00:00:00.007 . Memory (MB): peak = 2591.695 ; gain = 0.000
INFO: [Project 1-570] Preparing netlist for logic optimization
INFO: [Opt 31-138] Pushed 0 inverter(s) to 0 load pin(s).
Netlist sorting complete. Time (s): cpu = 00:00:00 ; elapsed = 00:00:00 . Memory (MB): peak = 2617.570 ; gain = 0.000
INFO: [Project 1-111] Unisim Transformation Summary:
No Unisim elements were transformed.

Synth Design complete | Checksum: 877bf0da
INFO: [Common 17-83] Releasing license: Synthesis
28 Infos, 115 Warnings, 0 Critical Warnings and 0 Errors encountered.
synth_design completed successfully
synth_design: Time (s): cpu = 00:00:16 ; elapsed = 00:00:17 . Memory (MB): peak = 2617.570 ; gain = 1104.410
INFO: [Common 17-1381] The checkpoint 'C:/Users/fawei/Downloads/z20/z20_sd_music/z20_sd_music.runs/system_processing_system7_0_0_synth_1/system_processing_system7_0_0.dcp' has been generated.
INFO: [runtcl-4] Executing : report_utilization -file system_processing_system7_0_0_utilization_synth.rpt -pb system_processing_system7_0_0_utilization_synth.pb
INFO: [Common 17-206] Exiting Vivado at Thu Feb 12 09:53:04 2026...

*** Running vivado
    with args -log system_processing_system7_0_0.vds -m64 -product Vivado -mode batch -messageDb vivado.pb -notrace -source system_processing_system7_0_0.tcl



****** Vivado v2023.1 (64-bit)
  **** SW Build 3865809 on Sun May  7 15:05:29 MDT 2023
  **** IP Build 3864474 on Sun May  7 20:36:21 MDT 2023
  **** SharedData Build 3865790 on Sun May 07 13:33:03 MDT 2023
    ** Copyright 1986-2022 Xilinx, Inc. All Rights Reserved.
    ** Copyright 2022-2023 Advanced Micro Devices, Inc. All Rights Reserved.

source system_processing_system7_0_0.tcl -notrace
INFO: [IP_Flow 19-234] Refreshing IP repositories
INFO: [IP_Flow 19-1700] Loaded user IP repository 'c:/Users/fawei/Downloads/z20/z20_sd_music/ip_repo'.
INFO: [IP_Flow 19-2313] Loaded Vivado IP repository 'D:/app/Xilinx/Vivado/2023.1/data/ip'.
Command: synth_design -top system_processing_system7_0_0 -part xc7z020clg400-2 -incremental_mode off -mode out_of_context
Starting synth_design
Attempting to get a license for feature 'Synthesis' and/or device 'xc7z020'
INFO: [Common 17-349] Got license for feature 'Synthesis' and/or device 'xc7z020'
INFO: [Device 21-403] Loading part xc7z020clg400-2
INFO: [Synth 8-7079] Multithreading enabled for synth_design using a maximum of 2 processes.
INFO: [Synth 8-7078] Launching helper process for spawning children vivado processes
INFO: [Synth 8-7075] Helper process launched with PID 15676
---------------------------------------------------------------------------------
Starting RTL Elaboration : Time (s): cpu = 00:00:03 ; elapsed = 00:00:03 . Memory (MB): peak = 2329.324 ; gain = 408.949
---------------------------------------------------------------------------------
INFO: [Synth 8-6157] synthesizing module 'system_processing_system7_0_0' [c:/Users/fawei/Downloads/z20/z20_sd_music/z20_sd_music.gen/sources_1/bd/system/ip/system_processing_system7_0_0/synth/system_processing_system7_0_0.v:53]
INFO: [Synth 8-6157] synthesizing module 'processing_system7_v5_5_processing_system7' [c:/Users/fawei/Downloads/z20/z20_sd_music/z20_sd_music.gen/sources_1/bd/system/ip/system_processing_system7_0_0/hdl/verilog/processing_system7_v5_5_processing_system7.v:152]
INFO: [Synth 8-6157] synthesizing module 'BUFG' [D:/app/Xilinx/Vivado/2023.1/scripts/rt/data/unisim_comp.v:1519]
INFO: [Synth 8-6155] done synthesizing module 'BUFG' (0#1) [D:/app/Xilinx/Vivado/2023.1/scripts/rt/data/unisim_comp.v:1519]
INFO: [Synth 8-6157] synthesizing module 'BIBUF' [D:/app/Xilinx/Vivado/2023.1/scripts/rt/data/unisim_comp.v:1166]
INFO: [Synth 8-6155] done synthesizing module 'BIBUF' (0#1) [D:/app/Xilinx/Vivado/2023.1/scripts/rt/data/unisim_comp.v:1166]
INFO: [Synth 8-6157] synthesizing module 'PS7' [D:/app/Xilinx/Vivado/2023.1/scripts/rt/data/unisim_comp.v:109921]
INFO: [Synth 8-6155] done synthesizing module 'PS7' (0#1) [D:/app/Xilinx/Vivado/2023.1/scripts/rt/data/unisim_comp.v:109921]
INFO: [Synth 8-6155] done synthesizing module 'processing_system7_v5_5_processing_system7' (0#1) [c:/Users/fawei/Downloads/z20/z20_sd_music/z20_sd_music.gen/sources_1/bd/system/ip/system_processing_system7_0_0/hdl/verilog/processing_system7_v5_5_processing_system7.v:152]
WARNING: [Synth 8-7071] port 'M_AXI_GP0_ARESETN' of module 'processing_system7_v5_5_processing_system7' is unconnected for instance 'inst' [c:/Users/fawei/Downloads/z20/z20_sd_music/z20_sd_music.gen/sources_1/bd/system/ip/system_processing_system7_0_0/synth/system_processing_system7_0_0.v:487]
WARNING: [Synth 8-7071] port 'M_AXI_GP1_ARESETN' of module 'processing_system7_v5_5_processing_system7' is unconnected for instance 'inst' [c:/Users/fawei/Downloads/z20/z20_sd_music/z20_sd_music.gen/sources_1/bd/system/ip/system_processing_system7_0_0/synth/system_processing_system7_0_0.v:487]
WARNING: [Synth 8-7071] port 'S_AXI_GP0_ARESETN' of module 'processing_system7_v5_5_processing_system7' is unconnected for instance 'inst' [c:/Users/fawei/Downloads/z20/z20_sd_music/z20_sd_music.gen/sources_1/bd/system/ip/system_processing_system7_0_0/synth/system_processing_system7_0_0.v:487]
WARNING: [Synth 8-7071] port 'S_AXI_GP1_ARESETN' of module 'processing_system7_v5_5_processing_system7' is unconnected for instance 'inst' [c:/Users/fawei/Downloads/z20/z20_sd_music/z20_sd_music.gen/sources_1/bd/system/ip/system_processing_system7_0_0/synth/system_processing_system7_0_0.v:487]
WARNING: [Synth 8-7071] port 'S_AXI_ACP_ARESETN' of module 'processing_system7_v5_5_processing_system7' is unconnected for instance 'inst' [c:/Users/fawei/Downloads/z20/z20_sd_music/z20_sd_music.gen/sources_1/bd/system/ip/system_processing_system7_0_0/synth/system_processing_system7_0_0.v:487]
WARNING: [Synth 8-7071] port 'S_AXI_HP0_ARESETN' of module 'processing_system7_v5_5_processing_system7' is unconnected for instance 'inst' [c:/Users/fawei/Downloads/z20/z20_sd_music/z20_sd_music.gen/sources_1/bd/system/ip/system_processing_system7_0_0/synth/system_processing_system7_0_0.v:487]
WARNING: [Synth 8-7071] port 'S_AXI_HP1_ARESETN' of module 'processing_system7_v5_5_processing_system7' is unconnected for instance 'inst' [c:/Users/fawei/Downloads/z20/z20_sd_music/z20_sd_music.gen/sources_1/bd/system/ip/system_processing_system7_0_0/synth/system_processing_system7_0_0.v:487]
WARNING: [Synth 8-7071] port 'S_AXI_HP2_ARESETN' of module 'processing_system7_v5_5_processing_system7' is unconnected for instance 'inst' [c:/Users/fawei/Downloads/z20/z20_sd_music/z20_sd_music.gen/sources_1/bd/system/ip/system_processing_system7_0_0/synth/system_processing_system7_0_0.v:487]
WARNING: [Synth 8-7071] port 'S_AXI_HP3_ARESETN' of module 'processing_system7_v5_5_processing_system7' is unconnected for instance 'inst' [c:/Users/fawei/Downloads/z20/z20_sd_music/z20_sd_music.gen/sources_1/bd/system/ip/system_processing_system7_0_0/synth/system_processing_system7_0_0.v:487]
WARNING: [Synth 8-7071] port 'DMA0_RSTN' of module 'processing_system7_v5_5_processing_system7' is unconnected for instance 'inst' [c:/Users/fawei/Downloads/z20/z20_sd_music/z20_sd_music.gen/sources_1/bd/system/ip/system_processing_system7_0_0/synth/system_processing_system7_0_0.v:487]
WARNING: [Synth 8-7071] port 'DMA1_RSTN' of module 'processing_system7_v5_5_processing_system7' is unconnected for instance 'inst' [c:/Users/fawei/Downloads/z20/z20_sd_music/z20_sd_music.gen/sources_1/bd/system/ip/system_processing_system7_0_0/synth/system_processing_system7_0_0.v:487]
WARNING: [Synth 8-7071] port 'DMA2_RSTN' of module 'processing_system7_v5_5_processing_system7' is unconnected for instance 'inst' [c:/Users/fawei/Downloads/z20/z20_sd_music/z20_sd_music.gen/sources_1/bd/system/ip/system_processing_system7_0_0/synth/system_processing_system7_0_0.v:487]
WARNING: [Synth 8-7071] port 'DMA3_RSTN' of module 'processing_system7_v5_5_processing_system7' is unconnected for instance 'inst' [c:/Users/fawei/Downloads/z20/z20_sd_music/z20_sd_music.gen/sources_1/bd/system/ip/system_processing_system7_0_0/synth/system_processing_system7_0_0.v:487]
WARNING: [Synth 8-7023] instance 'inst' of module 'processing_system7_v5_5_processing_system7' has 685 connections declared, but only 672 given [c:/Users/fawei/Downloads/z20/z20_sd_music/z20_sd_music.gen/sources_1/bd/system/ip/system_processing_system7_0_0/synth/system_processing_system7_0_0.v:487]
INFO: [Synth 8-6155] done synthesizing module 'system_processing_system7_0_0' (0#1) [c:/Users/fawei/Downloads/z20/z20_sd_music/z20_sd_music.gen/sources_1/bd/system/ip/system_processing_system7_0_0/synth/system_processing_system7_0_0.v:53]
WARNING: [Synth 8-7129] Port ENET0_GMII_COL in module processing_system7_v5_5_processing_system7 is either unconnected or has no load
WARNING: [Synth 8-7129] Port ENET0_GMII_CRS in module processing_system7_v5_5_processing_system7 is either unconnected or has no load
WARNING: [Synth 8-7129] Port ENET0_GMII_RX_DV in module processing_system7_v5_5_processing_system7 is either unconnected or has no load
WARNING: [Synth 8-7129] Port ENET0_GMII_RX_ER in module processing_system7_v5_5_processing_system7 is either unconnected or has no load
WARNING: [Synth 8-7129] Port ENET0_GMII_RXD[7] in module processing_system7_v5_5_processing_system7 is either unconnected or has no load
WARNING: [Synth 8-7129] Port ENET0_GMII_RXD[6] in module processing_system7_v5_5_processing_system7 is either unconnected or has no load
WARNING: [Synth 8-7129] Port ENET0_GMII_RXD[5] in module processing_system7_v5_5_processing_system7 is either unconnected or has no load
WARNING: [Synth 8-7129] Port ENET0_GMII_RXD[4] in module processing_system7_v5_5_processing_system7 is either unconnected or has no load
WARNING: [Synth 8-7129] Port ENET0_GMII_RXD[3] in module processing_system7_v5_5_processing_system7 is either unconnected or has no load
WARNING: [Synth 8-7129] Port ENET0_GMII_RXD[2] in module processing_system7_v5_5_processing_system7 is either unconnected or has no load
WARNING: [Synth 8-7129] Port ENET0_GMII_RXD[1] in module processing_system7_v5_5_processing_system7 is either unconnected or has no load
WARNING: [Synth 8-7129] Port ENET0_GMII_RXD[0] in module processing_system7_v5_5_processing_system7 is either unconnected or has no load
WARNING: [Synth 8-7129] Port ENET1_GMII_COL in module processing_system7_v5_5_processing_system7 is either unconnected or has no load
WARNING: [Synth 8-7129] Port ENET1_GMII_CRS in module processing_system7_v5_5_processing_system7 is either unconnected or has no load
WARNING: [Synth 8-7129] Port ENET1_GMII_RX_DV in module processing_system7_v5_5_processing_system7 is either unconnected or has no load
WARNING: [Synth 8-7129] Port ENET1_GMII_RX_ER in module processing_system7_v5_5_processing_system7 is either unconnected or has no load
WARNING: [Synth 8-7129] Port ENET1_GMII_RXD[7] in module processing_system7_v5_5_processing_system7 is either unconnected or has no load
WARNING: [Synth 8-7129] Port ENET1_GMII_RXD[6] in module processing_system7_v5_5_processing_system7 is either unconnected or has no load
WARNING: [Synth 8-7129] Port ENET1_GMII_RXD[5] in module processing_system7_v5_5_processing_system7 is either unconnected or has no load
WARNING: [Synth 8-7129] Port ENET1_GMII_RXD[4] in module processing_system7_v5_5_processing_system7 is either unconnected or has no load
WARNING: [Synth 8-7129] Port ENET1_GMII_RXD[3] in module processing_system7_v5_5_processing_system7 is either unconnected or has no load
WARNING: [Synth 8-7129] Port ENET1_GMII_RXD[2] in module processing_system7_v5_5_processing_system7 is either unconnected or has no load
WARNING: [Synth 8-7129] Port ENET1_GMII_RXD[1] in module processing_system7_v5_5_processing_system7 is either unconnected or has no load
WARNING: [Synth 8-7129] Port ENET1_GMII_RXD[0] in module processing_system7_v5_5_processing_system7 is either unconnected or has no load
WARNING: [Synth 8-7129] Port S_AXI_GP0_ARSIZE[2] in module processing_system7_v5_5_processing_system7 is either unconnected or has no load
WARNING: [Synth 8-7129] Port S_AXI_GP0_AWSIZE[2] in module processing_system7_v5_5_processing_system7 is either unconnected or has no load
WARNING: [Synth 8-7129] Port S_AXI_GP1_ARSIZE[2] in module processing_system7_v5_5_processing_system7 is either unconnected or has no load
WARNING: [Synth 8-7129] Port S_AXI_GP1_AWSIZE[2] in module processing_system7_v5_5_processing_system7 is either unconnected or has no load
WARNING: [Synth 8-7129] Port S_AXI_ACP_ARSIZE[2] in module processing_system7_v5_5_processing_system7 is either unconnected or has no load
WARNING: [Synth 8-7129] Port S_AXI_ACP_AWSIZE[2] in module processing_system7_v5_5_processing_system7 is either unconnected or has no load
WARNING: [Synth 8-7129] Port S_AXI_HP0_ARSIZE[2] in module processing_system7_v5_5_processing_system7 is either unconnected or has no load
WARNING: [Synth 8-7129] Port S_AXI_HP0_AWSIZE[2] in module processing_system7_v5_5_processing_system7 is either unconnected or has no load
WARNING: [Synth 8-7129] Port S_AXI_HP1_ARSIZE[2] in module processing_system7_v5_5_processing_system7 is either unconnected or has no load
WARNING: [Synth 8-7129] Port S_AXI_HP1_AWSIZE[2] in module processing_system7_v5_5_processing_system7 is either unconnected or has no load
WARNING: [Synth 8-7129] Port S_AXI_HP2_ARSIZE[2] in module processing_system7_v5_5_processing_system7 is either unconnected or has no load
WARNING: [Synth 8-7129] Port S_AXI_HP2_AWSIZE[2] in module processing_system7_v5_5_processing_system7 is either unconnected or has no load
WARNING: [Synth 8-7129] Port S_AXI_HP3_ARSIZE[2] in module processing_system7_v5_5_processing_system7 is either unconnected or has no load
WARNING: [Synth 8-7129] Port S_AXI_HP3_AWSIZE[2] in module processing_system7_v5_5_processing_system7 is either unconnected or has no load
WARNING: [Synth 8-7129] Port FCLK_CLKTRIG3_N in module processing_system7_v5_5_processing_system7 is either unconnected or has no load
WARNING: [Synth 8-7129] Port FCLK_CLKTRIG2_N in module processing_system7_v5_5_processing_system7 is either unconnected or has no load
WARNING: [Synth 8-7129] Port FCLK_CLKTRIG1_N in module processing_system7_v5_5_processing_system7 is either unconnected or has no load
WARNING: [Synth 8-7129] Port FCLK_CLKTRIG0_N in module processing_system7_v5_5_processing_system7 is either unconnected or has no load
WARNING: [Synth 8-7129] Port FTMD_TRACEIN_DATA[31] in module processing_system7_v5_5_processing_system7 is either unconnected or has no load
WARNING: [Synth 8-7129] Port FTMD_TRACEIN_DATA[30] in module processing_system7_v5_5_processing_system7 is either unconnected or has no load
WARNING: [Synth 8-7129] Port FTMD_TRACEIN_DATA[29] in module processing_system7_v5_5_processing_system7 is either unconnected or has no load
WARNING: [Synth 8-7129] Port FTMD_TRACEIN_DATA[28] in module processing_system7_v5_5_processing_system7 is either unconnected or has no load
WARNING: [Synth 8-7129] Port FTMD_TRACEIN_DATA[27] in module processing_system7_v5_5_processing_system7 is either unconnected or has no load
WARNING: [Synth 8-7129] Port FTMD_TRACEIN_DATA[26] in module processing_system7_v5_5_processing_system7 is either unconnected or has no load
WARNING: [Synth 8-7129] Port FTMD_TRACEIN_DATA[25] in module processing_system7_v5_5_processing_system7 is either unconnected or has no load
WARNING: [Synth 8-7129] Port FTMD_TRACEIN_DATA[24] in module processing_system7_v5_5_processing_system7 is either unconnected or has no load
WARNING: [Synth 8-7129] Port FTMD_TRACEIN_DATA[23] in module processing_system7_v5_5_processing_system7 is either unconnected or has no load
WARNING: [Synth 8-7129] Port FTMD_TRACEIN_DATA[22] in module processing_system7_v5_5_processing_system7 is either unconnected or has no load
WARNING: [Synth 8-7129] Port FTMD_TRACEIN_DATA[21] in module processing_system7_v5_5_processing_system7 is either unconnected or has no load
WARNING: [Synth 8-7129] Port FTMD_TRACEIN_DATA[20] in module processing_system7_v5_5_processing_system7 is either unconnected or has no load
WARNING: [Synth 8-7129] Port FTMD_TRACEIN_DATA[19] in module processing_system7_v5_5_processing_system7 is either unconnected or has no load
WARNING: [Synth 8-7129] Port FTMD_TRACEIN_DATA[18] in module processing_system7_v5_5_processing_system7 is either unconnected or has no load
WARNING: [Synth 8-7129] Port FTMD_TRACEIN_DATA[17] in module processing_system7_v5_5_processing_system7 is either unconnected or has no load
WARNING: [Synth 8-7129] Port FTMD_TRACEIN_DATA[16] in module processing_system7_v5_5_processing_system7 is either unconnected or has no load
WARNING: [Synth 8-7129] Port FTMD_TRACEIN_DATA[15] in module processing_system7_v5_5_processing_system7 is either unconnected or has no load
WARNING: [Synth 8-7129] Port FTMD_TRACEIN_DATA[14] in module processing_system7_v5_5_processing_system7 is either unconnected or has no load
WARNING: [Synth 8-7129] Port FTMD_TRACEIN_DATA[13] in module processing_system7_v5_5_processing_system7 is either unconnected or has no load
WARNING: [Synth 8-7129] Port FTMD_TRACEIN_DATA[12] in module processing_system7_v5_5_processing_system7 is either unconnected or has no load
WARNING: [Synth 8-7129] Port FTMD_TRACEIN_DATA[11] in module processing_system7_v5_5_processing_system7 is either unconnected or has no load
WARNING: [Synth 8-7129] Port FTMD_TRACEIN_DATA[10] in module processing_system7_v5_5_processing_system7 is either unconnected or has no load
WARNING: [Synth 8-7129] Port FTMD_TRACEIN_DATA[9] in module processing_system7_v5_5_processing_system7 is either unconnected or has no load
WARNING: [Synth 8-7129] Port FTMD_TRACEIN_DATA[8] in module processing_system7_v5_5_processing_system7 is either unconnected or has no load
WARNING: [Synth 8-7129] Port FTMD_TRACEIN_DATA[7] in module processing_system7_v5_5_processing_system7 is either unconnected or has no load
WARNING: [Synth 8-7129] Port FTMD_TRACEIN_DATA[6] in module processing_system7_v5_5_processing_system7 is either unconnected or has no load
WARNING: [Synth 8-7129] Port FTMD_TRACEIN_DATA[5] in module processing_system7_v5_5_processing_system7 is either unconnected or has no load
WARNING: [Synth 8-7129] Port FTMD_TRACEIN_DATA[4] in module processing_system7_v5_5_processing_system7 is either unconnected or has no load
WARNING: [Synth 8-7129] Port FTMD_TRACEIN_DATA[3] in module processing_system7_v5_5_processing_system7 is either unconnected or has no load
WARNING: [Synth 8-7129] Port FTMD_TRACEIN_DATA[2] in module processing_system7_v5_5_processing_system7 is either unconnected or has no load
WARNING: [Synth 8-7129] Port FTMD_TRACEIN_DATA[1] in module processing_system7_v5_5_processing_system7 is either unconnected or has no load
WARNING: [Synth 8-7129] Port FTMD_TRACEIN_DATA[0] in module processing_system7_v5_5_processing_system7 is either unconnected or has no load
WARNING: [Synth 8-7129] Port FTMD_TRACEIN_VALID in module processing_system7_v5_5_processing_system7 is either unconnected or has no load
WARNING: [Synth 8-7129] Port FTMD_TRACEIN_ATID[3] in module processing_system7_v5_5_processing_system7 is either unconnected or has no load
WARNING: [Synth 8-7129] Port FTMD_TRACEIN_ATID[2] in module processing_system7_v5_5_processing_system7 is either unconnected or has no load
WARNING: [Synth 8-7129] Port FTMD_TRACEIN_ATID[1] in module processing_system7_v5_5_processing_system7 is either unconnected or has no load
WARNING: [Synth 8-7129] Port FTMD_TRACEIN_ATID[0] in module processing_system7_v5_5_processing_system7 is either unconnected or has no load
---------------------------------------------------------------------------------
Finished RTL Elaboration : Time (s): cpu = 00:00:04 ; elapsed = 00:00:04 . Memory (MB): peak = 2433.125 ; gain = 512.750
---------------------------------------------------------------------------------
---------------------------------------------------------------------------------
Start Handling Custom Attributes
---------------------------------------------------------------------------------
---------------------------------------------------------------------------------
Finished Handling Custom Attributes : Time (s): cpu = 00:00:04 ; elapsed = 00:00:04 . Memory (MB): peak = 2451.043 ; gain = 530.668
---------------------------------------------------------------------------------
---------------------------------------------------------------------------------
Finished RTL Optimization Phase 1 : Time (s): cpu = 00:00:04 ; elapsed = 00:00:04 . Memory (MB): peak = 2451.043 ; gain = 530.668
---------------------------------------------------------------------------------
Netlist sorting complete. Time (s): cpu = 00:00:00 ; elapsed = 00:00:00.007 . Memory (MB): peak = 2463.062 ; gain = 0.000
INFO: [Project 1-570] Preparing netlist for logic optimization

Processing XDC Constraints
Initializing timing engine
Parsing XDC File [c:/Users/fawei/Downloads/z20/z20_sd_music/z20_sd_music.gen/sources_1/bd/system/ip/system_processing_system7_0_0/system_processing_system7_0_0.xdc] for cell 'inst'
Finished Parsing XDC File [c:/Users/fawei/Downloads/z20/z20_sd_music/z20_sd_music.gen/sources_1/bd/system/ip/system_processing_system7_0_0/system_processing_system7_0_0.xdc] for cell 'inst'
INFO: [Project 1-236] Implementation specific constraints were found while reading constraint file [c:/Users/fawei/Downloads/z20/z20_sd_music/z20_sd_music.gen/sources_1/bd/system/ip/system_processing_system7_0_0/system_processing_system7_0_0.xdc]. These constraints will be ignored for synthesis but will be used in implementation. Impacted constraints are listed in the file [.Xil/system_processing_system7_0_0_propImpl.xdc].
Resolution: To avoid this warning, move constraints listed in [.Xil/system_processing_system7_0_0_propImpl.xdc] to another XDC file and exclude this new file from synthesis with the used_in_synthesis property (File Properties dialog in GUI) and re-run elaboration/synthesis.
Parsing XDC File [C:/Users/fawei/Downloads/z20/z20_sd_music/z20_sd_music.runs/system_processing_system7_0_0_synth_1/dont_touch.xdc]
Finished Parsing XDC File [C:/Users/fawei/Downloads/z20/z20_sd_music/z20_sd_music.runs/system_processing_system7_0_0_synth_1/dont_touch.xdc]
Completed Processing XDC Constraints

Netlist sorting complete. Time (s): cpu = 00:00:00 ; elapsed = 00:00:00 . Memory (MB): peak = 2484.977 ; gain = 0.000
INFO: [Project 1-111] Unisim Transformation Summary:
No Unisim elements were transformed.

Constraint Validation Runtime : Time (s): cpu = 00:00:00 ; elapsed = 00:00:00.019 . Memory (MB): peak = 2484.977 ; gain = 0.000
INFO: [Designutils 20-5008] Incremental synthesis strategy off
---------------------------------------------------------------------------------
Finished Constraint Validation : Time (s): cpu = 00:00:07 ; elapsed = 00:00:08 . Memory (MB): peak = 2484.977 ; gain = 564.602
---------------------------------------------------------------------------------
---------------------------------------------------------------------------------
Start Loading Part and Timing Information
---------------------------------------------------------------------------------
Loading part: xc7z020clg400-2
---------------------------------------------------------------------------------
Finished Loading Part and Timing Information : Time (s): cpu = 00:00:07 ; elapsed = 00:00:08 . Memory (MB): peak = 2484.977 ; gain = 564.602
---------------------------------------------------------------------------------
---------------------------------------------------------------------------------
Start Applying 'set_property' XDC Constraints
---------------------------------------------------------------------------------
Applied set_property KEEP_HIERARCHY = SOFT for inst. (constraint file  C:/Users/fawei/Downloads/z20/z20_sd_music/z20_sd_music.runs/system_processing_system7_0_0_synth_1/dont_touch.xdc, line 9).
---------------------------------------------------------------------------------
Finished applying 'set_property' XDC Constraints : Time (s): cpu = 00:00:08 ; elapsed = 00:00:08 . Memory (MB): peak = 2484.977 ; gain = 564.602
---------------------------------------------------------------------------------
---------------------------------------------------------------------------------
Finished RTL Optimization Phase 2 : Time (s): cpu = 00:00:08 ; elapsed = 00:00:08 . Memory (MB): peak = 2484.977 ; gain = 564.602
---------------------------------------------------------------------------------
---------------------------------------------------------------------------------
Start RTL Component Statistics 
---------------------------------------------------------------------------------
Detailed RTL Component Info : 
---------------------------------------------------------------------------------
Finished RTL Component Statistics 
---------------------------------------------------------------------------------
---------------------------------------------------------------------------------
Start Part Resource Summary
---------------------------------------------------------------------------------
Part Resources:
DSPs: 220 (col length:60)
BRAMs: 280 (col length: RAMB18 60 RAMB36 30)
---------------------------------------------------------------------------------
Finished Part Resource Summary
---------------------------------------------------------------------------------
---------------------------------------------------------------------------------
Start Cross Boundary and Area Optimization
---------------------------------------------------------------------------------
WARNING: [Synth 8-7080] Parallel synthesis criteria is not met
WARNING: [Synth 8-7129] Port ENET0_GMII_COL in module processing_system7_v5_5_processing_system7 is either unconnected or has no load
WARNING: [Synth 8-7129] Port ENET0_GMII_CRS in module processing_system7_v5_5_processing_system7 is either unconnected or has no load
WARNING: [Synth 8-7129] Port ENET0_GMII_RX_DV in module processing_system7_v5_5_processing_system7 is either unconnected or has no load
WARNING: [Synth 8-7129] Port ENET0_GMII_RX_ER in module processing_system7_v5_5_processing_system7 is either unconnected or has no load
WARNING: [Synth 8-7129] Port ENET0_GMII_RXD[7] in module processing_system7_v5_5_processing_system7 is either unconnected or has no load
WARNING: [Synth 8-7129] Port ENET0_GMII_RXD[6] in module processing_system7_v5_5_processing_system7 is either unconnected or has no load
WARNING: [Synth 8-7129] Port ENET0_GMII_RXD[5] in module processing_system7_v5_5_processing_system7 is either unconnected or has no load
WARNING: [Synth 8-7129] Port ENET0_GMII_RXD[4] in module processing_system7_v5_5_processing_system7 is either unconnected or has no load
WARNING: [Synth 8-7129] Port ENET0_GMII_RXD[3] in module processing_system7_v5_5_processing_system7 is either unconnected or has no load
WARNING: [Synth 8-7129] Port ENET0_GMII_RXD[2] in module processing_system7_v5_5_processing_system7 is either unconnected or has no load
WARNING: [Synth 8-7129] Port ENET0_GMII_RXD[1] in module processing_system7_v5_5_processing_system7 is either unconnected or has no load
WARNING: [Synth 8-7129] Port ENET0_GMII_RXD[0] in module processing_system7_v5_5_processing_system7 is either unconnected or has no load
WARNING: [Synth 8-7129] Port ENET1_GMII_COL in module processing_system7_v5_5_processing_system7 is either unconnected or has no load
WARNING: [Synth 8-7129] Port ENET1_GMII_CRS in module processing_system7_v5_5_processing_system7 is either unconnected or has no load
WARNING: [Synth 8-7129] Port ENET1_GMII_RX_DV in module processing_system7_v5_5_processing_system7 is either unconnected or has no load
WARNING: [Synth 8-7129] Port ENET1_GMII_RX_ER in module processing_system7_v5_5_processing_system7 is either unconnected or has no load
WARNING: [Synth 8-7129] Port ENET1_GMII_RXD[7] in module processing_system7_v5_5_processing_system7 is either unconnected or has no load
WARNING: [Synth 8-7129] Port ENET1_GMII_RXD[6] in module processing_system7_v5_5_processing_system7 is either unconnected or has no load
WARNING: [Synth 8-7129] Port ENET1_GMII_RXD[5] in module processing_system7_v5_5_processing_system7 is either unconnected or has no load
WARNING: [Synth 8-7129] Port ENET1_GMII_RXD[4] in module processing_system7_v5_5_processing_system7 is either unconnected or has no load
WARNING: [Synth 8-7129] Port ENET1_GMII_RXD[3] in module processing_system7_v5_5_processing_system7 is either unconnected or has no load
INFO: [Common 17-14] Message 'Synth 8-7129' appears 100 times and further instances of the messages will be disabled. Use the Tcl command set_msg_config to change the current settings.
---------------------------------------------------------------------------------
Finished Cross Boundary and Area Optimization : Time (s): cpu = 00:00:08 ; elapsed = 00:00:09 . Memory (MB): peak = 2484.977 ; gain = 564.602
---------------------------------------------------------------------------------
---------------------------------------------------------------------------------
Start Applying XDC Timing Constraints
---------------------------------------------------------------------------------
---------------------------------------------------------------------------------
Finished Applying XDC Timing Constraints : Time (s): cpu = 00:00:11 ; elapsed = 00:00:12 . Memory (MB): peak = 2551.188 ; gain = 630.812
---------------------------------------------------------------------------------
---------------------------------------------------------------------------------
Start Timing Optimization
---------------------------------------------------------------------------------
---------------------------------------------------------------------------------
Finished Timing Optimization : Time (s): cpu = 00:00:11 ; elapsed = 00:00:12 . Memory (MB): peak = 2571.324 ; gain = 650.949
---------------------------------------------------------------------------------
---------------------------------------------------------------------------------
Start Technology Mapping
---------------------------------------------------------------------------------
---------------------------------------------------------------------------------
Finished Technology Mapping : Time (s): cpu = 00:00:11 ; elapsed = 00:00:13 . Memory (MB): peak = 2574.590 ; gain = 654.215
---------------------------------------------------------------------------------
---------------------------------------------------------------------------------
Start IO Insertion
---------------------------------------------------------------------------------
---------------------------------------------------------------------------------
Start Flattening Before IO Insertion
---------------------------------------------------------------------------------
---------------------------------------------------------------------------------
Finished Flattening Before IO Insertion
---------------------------------------------------------------------------------
---------------------------------------------------------------------------------
Start Final Netlist Cleanup
---------------------------------------------------------------------------------
---------------------------------------------------------------------------------
Finished Final Netlist Cleanup
---------------------------------------------------------------------------------
---------------------------------------------------------------------------------
Finished IO Insertion : Time (s): cpu = 00:00:13 ; elapsed = 00:00:14 . Memory (MB): peak = 2589.367 ; gain = 668.992
---------------------------------------------------------------------------------
---------------------------------------------------------------------------------
Start Renaming Generated Instances
---------------------------------------------------------------------------------
---------------------------------------------------------------------------------
Finished Renaming Generated Instances : Time (s): cpu = 00:00:13 ; elapsed = 00:00:14 . Memory (MB): peak = 2589.367 ; gain = 668.992
---------------------------------------------------------------------------------
---------------------------------------------------------------------------------
Start Rebuilding User Hierarchy
---------------------------------------------------------------------------------
---------------------------------------------------------------------------------
Finished Rebuilding User Hierarchy : Time (s): cpu = 00:00:13 ; elapsed = 00:00:14 . Memory (MB): peak = 2589.367 ; gain = 668.992
---------------------------------------------------------------------------------
---------------------------------------------------------------------------------
Start Renaming Generated Ports
---------------------------------------------------------------------------------
---------------------------------------------------------------------------------
Finished Renaming Generated Ports : Time (s): cpu = 00:00:13 ; elapsed = 00:00:14 . Memory (MB): peak = 2589.367 ; gain = 668.992
---------------------------------------------------------------------------------
---------------------------------------------------------------------------------
Start Handling Custom Attributes
---------------------------------------------------------------------------------
---------------------------------------------------------------------------------
Finished Handling Custom Attributes : Time (s): cpu = 00:00:13 ; elapsed = 00:00:14 . Memory (MB): peak = 2589.367 ; gain = 668.992
---------------------------------------------------------------------------------
---------------------------------------------------------------------------------
Start Renaming Generated Nets
---------------------------------------------------------------------------------
---------------------------------------------------------------------------------
Finished Renaming Generated Nets : Time (s): cpu = 00:00:13 ; elapsed = 00:00:14 . Memory (MB): peak = 2589.367 ; gain = 668.992
---------------------------------------------------------------------------------
---------------------------------------------------------------------------------
Start Writing Synthesis Report
---------------------------------------------------------------------------------

Report BlackBoxes: 
+-+--------------+----------+
| |BlackBox name |Instances |
+-+--------------+----------+
+-+--------------+----------+

Report Cell Usage: 
+------+------+------+
|      |Cell  |Count |
+------+------+------+
|1     |BIBUF |   130|
|2     |BUFG  |     2|
|3     |LUT1  |    34|
|4     |PS7   |     1|
+------+------+------+
---------------------------------------------------------------------------------
Finished Writing Synthesis Report : Time (s): cpu = 00:00:13 ; elapsed = 00:00:14 . Memory (MB): peak = 2589.367 ; gain = 668.992
---------------------------------------------------------------------------------
Synthesis finished with 0 errors, 0 critical warnings and 80 warnings.
Synthesis Optimization Runtime : Time (s): cpu = 00:00:08 ; elapsed = 00:00:13 . Memory (MB): peak = 2589.367 ; gain = 635.059
Synthesis Optimization Complete : Time (s): cpu = 00:00:13 ; elapsed = 00:00:15 . Memory (MB): peak = 2589.367 ; gain = 668.992
INFO: [Project 1-571] Translating synthesized netlist
Netlist sorting complete. Time (s): cpu = 00:00:00 ; elapsed = 00:00:00.006 . Memory (MB): peak = 2589.367 ; gain = 0.000
INFO: [Project 1-570] Preparing netlist for logic optimization
INFO: [Opt 31-138] Pushed 0 inverter(s) to 0 load pin(s).
Netlist sorting complete. Time (s): cpu = 00:00:00 ; elapsed = 00:00:00 . Memory (MB): peak = 2614.199 ; gain = 0.000
INFO: [Project 1-111] Unisim Transformation Summary:
No Unisim elements were transformed.

Synth Design complete | Checksum: 8e7d2df0
INFO: [Common 17-83] Releasing license: Synthesis
28 Infos, 115 Warnings, 0 Critical Warnings and 0 Errors encountered.
synth_design completed successfully
synth_design: Time (s): cpu = 00:00:15 ; elapsed = 00:00:18 . Memory (MB): peak = 2614.199 ; gain = 1100.734
INFO: [Common 17-1381] The checkpoint 'C:/Users/fawei/Downloads/z20/z20_sd_music/z20_sd_music.runs/system_processing_system7_0_0_synth_1/system_processing_system7_0_0.dcp' has been generated.
INFO: [runtcl-4] Executing : report_utilization -file system_processing_system7_0_0_utilization_synth.rpt -pb system_processing_system7_0_0_utilization_synth.pb
INFO: [Common 17-206] Exiting Vivado at Thu Feb 12 18:12:20 2026...
