Copyright 1986-2022 Xilinx, Inc. All Rights Reserved. Copyright 2022-2023 Advanced Micro Devices, Inc. All Rights Reserved.
-----------------------------------------------------------------------------------------------------------------------------------------------------------------------------------------------------------------
| Tool Version : Vivado v.2023.1 (win64) Build 3865809 Sun May  7 15:05:29 MDT 2023
| Date         : Wed Apr  8 12:24:07 2026
| Host         : TONY-MSI running 64-bit major release  (build 9200)
| Command      : report_timing_summary -max_paths 10 -file system_wrapper_timing_summary_routed.rpt -pb system_wrapper_timing_summary_routed.pb -rpx system_wrapper_timing_summary_routed.rpx -warn_on_violation
| Design       : system_wrapper
| Device       : 7z020-clg400
| Speed File   : -2  PRODUCTION 1.12 2019-11-22
| Design State : Routed
-----------------------------------------------------------------------------------------------------------------------------------------------------------------------------------------------------------------

Timing Summary Report

------------------------------------------------------------------------------------------------
| Timer Settings
| --------------
------------------------------------------------------------------------------------------------

  Enable Multi Corner Analysis               :  Yes
  Enable Pessimism Removal                   :  Yes
  Pessimism Removal Resolution               :  Nearest Common Node
  Enable Input Delay Default Clock           :  No
  Enable Preset / Clear Arcs                 :  No
  Disable Flight Delays                      :  No
  Ignore I/O Paths                           :  No
  Timing Early Launch at Borrowing Latches   :  No
  Borrow Time for Max Delay Exceptions       :  Yes
  Merge Timing Exceptions                    :  Yes

  Corner  Analyze    Analyze    
  Name    Max Paths  Min Paths  
  ------  ---------  ---------  
  Slow    Yes        Yes        
  Fast    Yes        Yes        


------------------------------------------------------------------------------------------------
| Report Methodology
| ------------------
------------------------------------------------------------------------------------------------

Rule       Severity  Description                                      Violations  
---------  --------  -----------------------------------------------  ----------  
LUTAR-1    Warning   LUT drives async reset alert                     3           
PDRC-190   Warning   Suboptimally placed synchronized register chain  32          
TIMING-10  Warning   Missing property on synchronizer                 1           
TIMING-18  Warning   Missing input or output delay                    5           

Note: This report is based on the most recent report_methodology run and may not be up-to-date. Run report_methodology on the current design for the latest report.



check_timing report

Table of Contents
-----------------
1. checking no_clock (0)
2. checking constant_clock (0)
3. checking pulse_width_clock (0)
4. checking unconstrained_internal_endpoints (0)
5. checking no_input_delay (1)
6. checking no_output_delay (4)
7. checking multiple_clock (0)
8. checking generated_clocks (0)
9. checking loops (0)
10. checking partial_input_delay (0)
11. checking partial_output_delay (0)
12. checking latch_loops (0)

1. checking no_clock (0)
------------------------
 There are 0 register/latch pins with no clock.


2. checking constant_clock (0)
------------------------------
 There are 0 register/latch pins with constant_clock.


3. checking pulse_width_clock (0)
---------------------------------
 There are 0 register/latch pins which need pulse_width check


4. checking unconstrained_internal_endpoints (0)
------------------------------------------------
 There are 0 pins that are not constrained for maximum delay.

 There are 0 pins that are not constrained for maximum delay due to constant clock.


5. checking no_input_delay (1)
------------------------------
 There is 1 input port with no input delay specified. (HIGH)

 There are 0 input ports with no input delay but user has a false path constraint.


6. checking no_output_delay (4)
-------------------------------
 There are 4 ports with no output delay specified. (HIGH)

 There are 0 ports with no output delay but user has a false path constraint

 There are 0 ports with no output delay but with a timing clock defined on it or propagating through it


7. checking multiple_clock (0)
------------------------------
 There are 0 register/latch pins with multiple clocks.


8. checking generated_clocks (0)
--------------------------------
 There are 0 generated clocks that are not connected to a clock source.


9. checking loops (0)
---------------------
 There are 0 combinational loops in the design.


10. checking partial_input_delay (0)
------------------------------------
 There are 0 input ports with partial input delay specified.


11. checking partial_output_delay (0)
-------------------------------------
 There are 0 ports with partial output delay specified.


12. checking latch_loops (0)
----------------------------
 There are 0 combinational latch loops in the design through latch input



------------------------------------------------------------------------------------------------
| Design Timing Summary
| ---------------------
------------------------------------------------------------------------------------------------

    WNS(ns)      TNS(ns)  TNS Failing Endpoints  TNS Total Endpoints      WHS(ns)      THS(ns)  THS Failing Endpoints  THS Total Endpoints     WPWS(ns)     TPWS(ns)  TPWS Failing Endpoints  TPWS Total Endpoints  
    -------      -------  ---------------------  -------------------      -------      -------  ---------------------  -------------------     --------     --------  ----------------------  --------------------  
      0.840        0.000                      0                15570        0.053        0.000                      0                15570        3.870        0.000                       0                  6227  


All user specified timing constraints are met.


------------------------------------------------------------------------------------------------
| Clock Summary
| -------------
------------------------------------------------------------------------------------------------

Clock       Waveform(ns)       Period(ns)      Frequency(MHz)
-----       ------------       ----------      --------------
clk_fpga_0  {0.000 5.000}      10.000          100.000         
clk_fpga_1  {0.000 40.500}     81.000          12.346          


------------------------------------------------------------------------------------------------
| Intra Clock Table
| -----------------
------------------------------------------------------------------------------------------------

Clock             WNS(ns)      TNS(ns)  TNS Failing Endpoints  TNS Total Endpoints      WHS(ns)      THS(ns)  THS Failing Endpoints  THS Total Endpoints     WPWS(ns)     TPWS(ns)  TPWS Failing Endpoints  TPWS Total Endpoints  
-----             -------      -------  ---------------------  -------------------      -------      -------  ---------------------  -------------------     --------     --------  ----------------------  --------------------  
clk_fpga_0          0.840        0.000                      0                15412        0.053        0.000                      0                15412        3.870        0.000                       0                  6192  
clk_fpga_1         77.582        0.000                      0                   62        0.064        0.000                      0                   62       39.370        0.000                       0                    35  


------------------------------------------------------------------------------------------------
| Inter Clock Table
| -----------------
------------------------------------------------------------------------------------------------

From Clock    To Clock          WNS(ns)      TNS(ns)  TNS Failing Endpoints  TNS Total Endpoints      WHS(ns)      THS(ns)  THS Failing Endpoints  THS Total Endpoints  
----------    --------          -------      -------  ---------------------  -------------------      -------      -------  ---------------------  -------------------  
clk_fpga_1    clk_fpga_0          8.105        0.000                      0                    4                                                                        
clk_fpga_0    clk_fpga_1         79.191        0.000                      0                    5                                                                        


------------------------------------------------------------------------------------------------
| Other Path Groups Table
| -----------------------
------------------------------------------------------------------------------------------------

Path Group         From Clock         To Clock               WNS(ns)      TNS(ns)  TNS Failing Endpoints  TNS Total Endpoints      WHS(ns)      THS(ns)  THS Failing Endpoints  THS Total Endpoints  
----------         ----------         --------               -------      -------  ---------------------  -------------------      -------      -------  ---------------------  -------------------  
**async_default**  clk_fpga_0         clk_fpga_0               7.209        0.000                      0                   96        0.535        0.000                      0                   96  


------------------------------------------------------------------------------------------------
| Timing Details
| --------------
------------------------------------------------------------------------------------------------


---------------------------------------------------------------------------------------------------
From Clock:  clk_fpga_0
  To Clock:  clk_fpga_0

Setup :            0  Failing Endpoints,  Worst Slack        0.840ns,  Total Violation        0.000ns
Hold  :            0  Failing Endpoints,  Worst Slack        0.053ns,  Total Violation        0.000ns
PW    :            0  Failing Endpoints,  Worst Slack        3.870ns,  Total Violation        0.000ns
---------------------------------------------------------------------------------------------------


Max Delay Paths
--------------------------------------------------------------------------------------
Slack (MET) :             0.840ns  (required time - arrival time)
  Source:                 system_i/axi_mem_intercon/s00_couplers/auto_us/inst/gen_upsizer.gen_full_upsizer.axi_upsizer_inst/USE_WRITE.gen_non_fifo_w_upsizer.write_data_inst/USE_REGISTER.M_AXI_WVALID_q_reg/C
                            (rising edge-triggered cell FDRE clocked by clk_fpga_0  {rise@0.000ns fall@5.000ns period=10.000ns})
  Destination:            system_i/axi_dma_0/U0/GEN_SG_ENGINE.I_SG_ENGINE/I_SG_AXI_DATAMOVER/GEN_S2MM_BASIC.I_S2MM_BASIC_WRAPPER/I_WR_DATA_CNTL/sig_dqual_reg_empty_reg/S
                            (rising edge-triggered cell FDSE clocked by clk_fpga_0  {rise@0.000ns fall@5.000ns period=10.000ns})
  Path Group:             clk_fpga_0
  Path Type:              Setup (Max at Slow Process Corner)
  Requirement:            10.000ns  (clk_fpga_0 rise@10.000ns - clk_fpga_0 rise@0.000ns)
  Data Path Delay:        8.523ns  (logic 1.946ns (22.832%)  route 6.577ns (77.168%))
  Logic Levels:           10  (LUT2=2 LUT3=2 LUT5=2 LUT6=4)
  Clock Path Skew:        -0.131ns (DCD - SCD + CPR)
    Destination Clock Delay (DCD):    2.231ns = ( 12.231 - 10.000 ) 
    Source Clock Delay      (SCD):    2.555ns
    Clock Pessimism Removal (CPR):    0.193ns
  Clock Uncertainty:      0.154ns  ((TSJ^2 + TIJ^2)^1/2 + DJ) / 2 + PE
    Total System Jitter     (TSJ):    0.071ns
    Total Input Jitter      (TIJ):    0.300ns
    Discrete Jitter          (DJ):    0.000ns
    Phase Error              (PE):    0.000ns

    Location             Delay type                Incr(ns)  Path(ns)    Netlist Resource(s)
  -------------------------------------------------------------------    -------------------
                         (clock clk_fpga_0 rise edge)
                                                      0.000     0.000 r  
    PS7_X0Y0             PS7                          0.000     0.000 r  system_i/processing_system7_0/inst/PS7_i/FCLKCLK[0]
                         net (fo=1, routed)           0.994     0.994    system_i/processing_system7_0/inst/FCLK_CLK_unbuffered[0]
    BUFGCTRL_X0Y16       BUFG (Prop_bufg_I_O)         0.085     1.079 r  system_i/processing_system7_0/inst/buffer_fclk_clk_0.FCLK_CLK_0_BUFG/O
                         net (fo=6193, routed)        1.476     2.555    system_i/axi_mem_intercon/s00_couplers/auto_us/inst/gen_upsizer.gen_full_upsizer.axi_upsizer_inst/USE_WRITE.gen_non_fifo_w_upsizer.write_data_inst/USE_RTL_LENGTH.length_counter_q_reg[0]_0
    SLICE_X25Y41         FDRE                                         r  system_i/axi_mem_intercon/s00_couplers/auto_us/inst/gen_upsizer.gen_full_upsizer.axi_upsizer_inst/USE_WRITE.gen_non_fifo_w_upsizer.write_data_inst/USE_REGISTER.M_AXI_WVALID_q_reg/C
  -------------------------------------------------------------------    -------------------
    SLICE_X25Y41         FDRE (Prop_fdre_C_Q)         0.379     2.934 r  system_i/axi_mem_intercon/s00_couplers/auto_us/inst/gen_upsizer.gen_full_upsizer.axi_upsizer_inst/USE_WRITE.gen_non_fifo_w_upsizer.write_data_inst/USE_REGISTER.M_AXI_WVALID_q_reg/Q
                         net (fo=25, routed)          1.201     4.135    system_i/axi_mem_intercon/xbar/inst/gen_samd.crossbar_samd/gen_master_slots[0].gen_mi_write.wdata_mux_w/gen_wmux.wmux_aw_fifo/gen_srls[0].gen_rep[1].srl_nx1/s_axi_wvalid[0]
    SLICE_X16Y38         LUT6 (Prop_lut6_I1_O)        0.105     4.240 r  system_i/axi_mem_intercon/xbar/inst/gen_samd.crossbar_samd/gen_master_slots[0].gen_mi_write.wdata_mux_w/gen_wmux.wmux_aw_fifo/gen_srls[0].gen_rep[1].srl_nx1/m_axi_wvalid[0]_INST_0_i_1/O
                         net (fo=1, routed)           0.264     4.504    system_i/axi_mem_intercon/xbar/inst/gen_samd.crossbar_samd/gen_master_slots[0].gen_mi_write.wdata_mux_w/gen_wmux.wmux_aw_fifo/gen_srls[0].gen_rep[1].srl_nx1/m_axi_wvalid[0]_INST_0_i_1_n_0
    SLICE_X16Y38         LUT6 (Prop_lut6_I0_O)        0.105     4.609 r  system_i/axi_mem_intercon/xbar/inst/gen_samd.crossbar_samd/gen_master_slots[0].gen_mi_write.wdata_mux_w/gen_wmux.wmux_aw_fifo/gen_srls[0].gen_rep[1].srl_nx1/m_axi_wvalid[0]_INST_0/O
                         net (fo=7, routed)           0.826     5.435    system_i/axi_mem_intercon/m00_couplers/auto_pc/inst/gen_axi4_axi3.axi3_conv_inst/USE_WRITE.write_addr_inst/USE_BURSTS.cmd_queue/inst/s_axi_wvalid
    SLICE_X14Y48         LUT3 (Prop_lut3_I0_O)        0.125     5.560 r  system_i/axi_mem_intercon/m00_couplers/auto_pc/inst/gen_axi4_axi3.axi3_conv_inst/USE_WRITE.write_addr_inst/USE_BURSTS.cmd_queue/inst/s_axi_wready_INST_0/O
                         net (fo=9, routed)           0.784     6.344    system_i/axi_mem_intercon/xbar/inst/gen_samd.crossbar_samd/gen_master_slots[0].gen_mi_write.wdata_mux_w/gen_wmux.wmux_aw_fifo/m_axi_wready[0]
    SLICE_X15Y38         LUT5 (Prop_lut5_I2_O)        0.264     6.608 r  system_i/axi_mem_intercon/xbar/inst/gen_samd.crossbar_samd/gen_master_slots[0].gen_mi_write.wdata_mux_w/gen_wmux.wmux_aw_fifo/s_axi_wready[0]_INST_0_i_2/O
                         net (fo=1, routed)           0.116     6.724    system_i/axi_mem_intercon/xbar/inst/gen_samd.crossbar_samd/gen_master_slots[1].gen_mi_write.wdata_mux_w/gen_wmux.wmux_aw_fifo/s_axi_wready[0]
    SLICE_X15Y38         LUT6 (Prop_lut6_I5_O)        0.105     6.829 r  system_i/axi_mem_intercon/xbar/inst/gen_samd.crossbar_samd/gen_master_slots[1].gen_mi_write.wdata_mux_w/gen_wmux.wmux_aw_fifo/s_axi_wready[0]_INST_0_i_1/O
                         net (fo=2, routed)           0.480     7.309    system_i/axi_mem_intercon/xbar/inst/gen_samd.crossbar_samd/gen_slave_slots[0].gen_si_write.wdata_router_w/wrouter_aw_fifo/m_aready0__0
    SLICE_X18Y39         LUT2 (Prop_lut2_I1_O)        0.106     7.415 r  system_i/axi_mem_intercon/xbar/inst/gen_samd.crossbar_samd/gen_slave_slots[0].gen_si_write.wdata_router_w/wrouter_aw_fifo/s_axi_wready[0]_INST_0/O
                         net (fo=22, routed)          0.778     8.194    system_i/axi_mem_intercon/s00_couplers/auto_us/inst/gen_upsizer.gen_full_upsizer.axi_upsizer_inst/USE_WRITE.write_addr_inst/GEN_CMD_QUEUE.cmd_queue/m_axi_wready
    SLICE_X25Y41         LUT3 (Prop_lut3_I1_O)        0.283     8.477 r  system_i/axi_mem_intercon/s00_couplers/auto_us/inst/gen_upsizer.gen_full_upsizer.axi_upsizer_inst/USE_WRITE.write_addr_inst/GEN_CMD_QUEUE.cmd_queue/s_axi_wready_INST_0/O
                         net (fo=2, routed)           0.966     9.443    system_i/axi_dma_0/U0/GEN_SG_ENGINE.I_SG_ENGINE/I_SG_AXI_DATAMOVER/GEN_S2MM_BASIC.I_S2MM_BASIC_WRAPPER/I_WR_DATA_CNTL/m_axi_sg_wready
    SLICE_X46Y37         LUT2 (Prop_lut2_I1_O)        0.105     9.548 f  system_i/axi_dma_0/U0/GEN_SG_ENGINE.I_SG_ENGINE/I_SG_AXI_DATAMOVER/GEN_S2MM_BASIC.I_S2MM_BASIC_WRAPPER/I_WR_DATA_CNTL/sig_dbeat_cntr[7]_i_4__0/O
                         net (fo=2, routed)           0.386     9.934    system_i/axi_dma_0/U0/GEN_SG_ENGINE.I_SG_ENGINE/I_SG_AXI_DATAMOVER/GEN_S2MM_BASIC.I_S2MM_BASIC_WRAPPER/I_WR_DATA_CNTL/sig_dbeat_cntr[7]_i_4__0_n_0
    SLICE_X46Y37         LUT6 (Prop_lut6_I1_O)        0.264    10.198 f  system_i/axi_dma_0/U0/GEN_SG_ENGINE.I_SG_ENGINE/I_SG_AXI_DATAMOVER/GEN_S2MM_BASIC.I_S2MM_BASIC_WRAPPER/I_WR_DATA_CNTL/sig_dqual_reg_full_i_3/O
                         net (fo=4, routed)           0.278    10.476    system_i/axi_dma_0/U0/GEN_SG_ENGINE.I_SG_ENGINE/I_SG_AXI_DATAMOVER/GEN_S2MM_BASIC.I_S2MM_BASIC_WRAPPER/I_WR_DATA_CNTL/sig_dqual_reg_full_i_3_n_0
    SLICE_X48Y37         LUT5 (Prop_lut5_I0_O)        0.105    10.581 r  system_i/axi_dma_0/U0/GEN_SG_ENGINE.I_SG_ENGINE/I_SG_AXI_DATAMOVER/GEN_S2MM_BASIC.I_S2MM_BASIC_WRAPPER/I_WR_DATA_CNTL/sig_dqual_reg_full_i_1/O
                         net (fo=3, routed)           0.497    11.078    system_i/axi_dma_0/U0/GEN_SG_ENGINE.I_SG_ENGINE/I_SG_AXI_DATAMOVER/GEN_S2MM_BASIC.I_S2MM_BASIC_WRAPPER/I_WR_DATA_CNTL/sig_clr_dqual_reg
    SLICE_X48Y37         FDSE                                         r  system_i/axi_dma_0/U0/GEN_SG_ENGINE.I_SG_ENGINE/I_SG_AXI_DATAMOVER/GEN_S2MM_BASIC.I_S2MM_BASIC_WRAPPER/I_WR_DATA_CNTL/sig_dqual_reg_empty_reg/S
  -------------------------------------------------------------------    -------------------

                         (clock clk_fpga_0 rise edge)
                                                     10.000    10.000 r  
    PS7_X0Y0             PS7                          0.000    10.000 r  system_i/processing_system7_0/inst/PS7_i/FCLKCLK[0]
                         net (fo=1, routed)           0.905    10.906    system_i/processing_system7_0/inst/FCLK_CLK_unbuffered[0]
    BUFGCTRL_X0Y16       BUFG (Prop_bufg_I_O)         0.077    10.983 r  system_i/processing_system7_0/inst/buffer_fclk_clk_0.FCLK_CLK_0_BUFG/O
                         net (fo=6193, routed)        1.249    12.231    system_i/axi_dma_0/U0/GEN_SG_ENGINE.I_SG_ENGINE/I_SG_AXI_DATAMOVER/GEN_S2MM_BASIC.I_S2MM_BASIC_WRAPPER/I_WR_DATA_CNTL/m_axi_sg_aclk
    SLICE_X48Y37         FDSE                                         r  system_i/axi_dma_0/U0/GEN_SG_ENGINE.I_SG_ENGINE/I_SG_AXI_DATAMOVER/GEN_S2MM_BASIC.I_S2MM_BASIC_WRAPPER/I_WR_DATA_CNTL/sig_dqual_reg_empty_reg/C
                         clock pessimism              0.193    12.424    
                         clock uncertainty           -0.154    12.270    
    SLICE_X48Y37         FDSE (Setup_fdse_C_S)       -0.352    11.918    system_i/axi_dma_0/U0/GEN_SG_ENGINE.I_SG_ENGINE/I_SG_AXI_DATAMOVER/GEN_S2MM_BASIC.I_S2MM_BASIC_WRAPPER/I_WR_DATA_CNTL/sig_dqual_reg_empty_reg
  -------------------------------------------------------------------
                         required time                         11.918    
                         arrival time                         -11.078    
  -------------------------------------------------------------------
                         slack                                  0.840    

Slack (MET) :             0.840ns  (required time - arrival time)
  Source:                 system_i/axi_mem_intercon/s00_couplers/auto_us/inst/gen_upsizer.gen_full_upsizer.axi_upsizer_inst/USE_WRITE.gen_non_fifo_w_upsizer.write_data_inst/USE_REGISTER.M_AXI_WVALID_q_reg/C
                            (rising edge-triggered cell FDRE clocked by clk_fpga_0  {rise@0.000ns fall@5.000ns period=10.000ns})
  Destination:            system_i/axi_dma_0/U0/GEN_SG_ENGINE.I_SG_ENGINE/I_SG_AXI_DATAMOVER/GEN_S2MM_BASIC.I_S2MM_BASIC_WRAPPER/I_WR_DATA_CNTL/sig_dqual_reg_full_reg/R
                            (rising edge-triggered cell FDRE clocked by clk_fpga_0  {rise@0.000ns fall@5.000ns period=10.000ns})
  Path Group:             clk_fpga_0
  Path Type:              Setup (Max at Slow Process Corner)
  Requirement:            10.000ns  (clk_fpga_0 rise@10.000ns - clk_fpga_0 rise@0.000ns)
  Data Path Delay:        8.523ns  (logic 1.946ns (22.832%)  route 6.577ns (77.168%))
  Logic Levels:           10  (LUT2=2 LUT3=2 LUT5=2 LUT6=4)
  Clock Path Skew:        -0.131ns (DCD - SCD + CPR)
    Destination Clock Delay (DCD):    2.231ns = ( 12.231 - 10.000 ) 
    Source Clock Delay      (SCD):    2.555ns
    Clock Pessimism Removal (CPR):    0.193ns
  Clock Uncertainty:      0.154ns  ((TSJ^2 + TIJ^2)^1/2 + DJ) / 2 + PE
    Total System Jitter     (TSJ):    0.071ns
    Total Input Jitter      (TIJ):    0.300ns
    Discrete Jitter          (DJ):    0.000ns
    Phase Error              (PE):    0.000ns

    Location             Delay type                Incr(ns)  Path(ns)    Netlist Resource(s)
  -------------------------------------------------------------------    -------------------
                         (clock clk_fpga_0 rise edge)
                                                      0.000     0.000 r  
    PS7_X0Y0             PS7                          0.000     0.000 r  system_i/processing_system7_0/inst/PS7_i/FCLKCLK[0]
                         net (fo=1, routed)           0.994     0.994    system_i/processing_system7_0/inst/FCLK_CLK_unbuffered[0]
    BUFGCTRL_X0Y16       BUFG (Prop_bufg_I_O)         0.085     1.079 r  system_i/processing_system7_0/inst/buffer_fclk_clk_0.FCLK_CLK_0_BUFG/O
                         net (fo=6193, routed)        1.476     2.555    system_i/axi_mem_intercon/s00_couplers/auto_us/inst/gen_upsizer.gen_full_upsizer.axi_upsizer_inst/USE_WRITE.gen_non_fifo_w_upsizer.write_data_inst/USE_RTL_LENGTH.length_counter_q_reg[0]_0
    SLICE_X25Y41         FDRE                                         r  system_i/axi_mem_intercon/s00_couplers/auto_us/inst/gen_upsizer.gen_full_upsizer.axi_upsizer_inst/USE_WRITE.gen_non_fifo_w_upsizer.write_data_inst/USE_REGISTER.M_AXI_WVALID_q_reg/C
  -------------------------------------------------------------------    -------------------
    SLICE_X25Y41         FDRE (Prop_fdre_C_Q)         0.379     2.934 r  system_i/axi_mem_intercon/s00_couplers/auto_us/inst/gen_upsizer.gen_full_upsizer.axi_upsizer_inst/USE_WRITE.gen_non_fifo_w_upsizer.write_data_inst/USE_REGISTER.M_AXI_WVALID_q_reg/Q
                         net (fo=25, routed)          1.201     4.135    system_i/axi_mem_intercon/xbar/inst/gen_samd.crossbar_samd/gen_master_slots[0].gen_mi_write.wdata_mux_w/gen_wmux.wmux_aw_fifo/gen_srls[0].gen_rep[1].srl_nx1/s_axi_wvalid[0]
    SLICE_X16Y38         LUT6 (Prop_lut6_I1_O)        0.105     4.240 r  system_i/axi_mem_intercon/xbar/inst/gen_samd.crossbar_samd/gen_master_slots[0].gen_mi_write.wdata_mux_w/gen_wmux.wmux_aw_fifo/gen_srls[0].gen_rep[1].srl_nx1/m_axi_wvalid[0]_INST_0_i_1/O
                         net (fo=1, routed)           0.264     4.504    system_i/axi_mem_intercon/xbar/inst/gen_samd.crossbar_samd/gen_master_slots[0].gen_mi_write.wdata_mux_w/gen_wmux.wmux_aw_fifo/gen_srls[0].gen_rep[1].srl_nx1/m_axi_wvalid[0]_INST_0_i_1_n_0
    SLICE_X16Y38         LUT6 (Prop_lut6_I0_O)        0.105     4.609 r  system_i/axi_mem_intercon/xbar/inst/gen_samd.crossbar_samd/gen_master_slots[0].gen_mi_write.wdata_mux_w/gen_wmux.wmux_aw_fifo/gen_srls[0].gen_rep[1].srl_nx1/m_axi_wvalid[0]_INST_0/O
                         net (fo=7, routed)           0.826     5.435    system_i/axi_mem_intercon/m00_couplers/auto_pc/inst/gen_axi4_axi3.axi3_conv_inst/USE_WRITE.write_addr_inst/USE_BURSTS.cmd_queue/inst/s_axi_wvalid
    SLICE_X14Y48         LUT3 (Prop_lut3_I0_O)        0.125     5.560 r  system_i/axi_mem_intercon/m00_couplers/auto_pc/inst/gen_axi4_axi3.axi3_conv_inst/USE_WRITE.write_addr_inst/USE_BURSTS.cmd_queue/inst/s_axi_wready_INST_0/O
                         net (fo=9, routed)           0.784     6.344    system_i/axi_mem_intercon/xbar/inst/gen_samd.crossbar_samd/gen_master_slots[0].gen_mi_write.wdata_mux_w/gen_wmux.wmux_aw_fifo/m_axi_wready[0]
    SLICE_X15Y38         LUT5 (Prop_lut5_I2_O)        0.264     6.608 r  system_i/axi_mem_intercon/xbar/inst/gen_samd.crossbar_samd/gen_master_slots[0].gen_mi_write.wdata_mux_w/gen_wmux.wmux_aw_fifo/s_axi_wready[0]_INST_0_i_2/O
                         net (fo=1, routed)           0.116     6.724    system_i/axi_mem_intercon/xbar/inst/gen_samd.crossbar_samd/gen_master_slots[1].gen_mi_write.wdata_mux_w/gen_wmux.wmux_aw_fifo/s_axi_wready[0]
    SLICE_X15Y38         LUT6 (Prop_lut6_I5_O)        0.105     6.829 r  system_i/axi_mem_intercon/xbar/inst/gen_samd.crossbar_samd/gen_master_slots[1].gen_mi_write.wdata_mux_w/gen_wmux.wmux_aw_fifo/s_axi_wready[0]_INST_0_i_1/O
                         net (fo=2, routed)           0.480     7.309    system_i/axi_mem_intercon/xbar/inst/gen_samd.crossbar_samd/gen_slave_slots[0].gen_si_write.wdata_router_w/wrouter_aw_fifo/m_aready0__0
    SLICE_X18Y39         LUT2 (Prop_lut2_I1_O)        0.106     7.415 r  system_i/axi_mem_intercon/xbar/inst/gen_samd.crossbar_samd/gen_slave_slots[0].gen_si_write.wdata_router_w/wrouter_aw_fifo/s_axi_wready[0]_INST_0/O
                         net (fo=22, routed)          0.778     8.194    system_i/axi_mem_intercon/s00_couplers/auto_us/inst/gen_upsizer.gen_full_upsizer.axi_upsizer_inst/USE_WRITE.write_addr_inst/GEN_CMD_QUEUE.cmd_queue/m_axi_wready
    SLICE_X25Y41         LUT3 (Prop_lut3_I1_O)        0.283     8.477 r  system_i/axi_mem_intercon/s00_couplers/auto_us/inst/gen_upsizer.gen_full_upsizer.axi_upsizer_inst/USE_WRITE.write_addr_inst/GEN_CMD_QUEUE.cmd_queue/s_axi_wready_INST_0/O
                         net (fo=2, routed)           0.966     9.443    system_i/axi_dma_0/U0/GEN_SG_ENGINE.I_SG_ENGINE/I_SG_AXI_DATAMOVER/GEN_S2MM_BASIC.I_S2MM_BASIC_WRAPPER/I_WR_DATA_CNTL/m_axi_sg_wready
    SLICE_X46Y37         LUT2 (Prop_lut2_I1_O)        0.105     9.548 f  system_i/axi_dma_0/U0/GEN_SG_ENGINE.I_SG_ENGINE/I_SG_AXI_DATAMOVER/GEN_S2MM_BASIC.I_S2MM_BASIC_WRAPPER/I_WR_DATA_CNTL/sig_dbeat_cntr[7]_i_4__0/O
                         net (fo=2, routed)           0.386     9.934    system_i/axi_dma_0/U0/GEN_SG_ENGINE.I_SG_ENGINE/I_SG_AXI_DATAMOVER/GEN_S2MM_BASIC.I_S2MM_BASIC_WRAPPER/I_WR_DATA_CNTL/sig_dbeat_cntr[7]_i_4__0_n_0
    SLICE_X46Y37         LUT6 (Prop_lut6_I1_O)        0.264    10.198 f  system_i/axi_dma_0/U0/GEN_SG_ENGINE.I_SG_ENGINE/I_SG_AXI_DATAMOVER/GEN_S2MM_BASIC.I_S2MM_BASIC_WRAPPER/I_WR_DATA_CNTL/sig_dqual_reg_full_i_3/O
                         net (fo=4, routed)           0.278    10.476    system_i/axi_dma_0/U0/GEN_SG_ENGINE.I_SG_ENGINE/I_SG_AXI_DATAMOVER/GEN_S2MM_BASIC.I_S2MM_BASIC_WRAPPER/I_WR_DATA_CNTL/sig_dqual_reg_full_i_3_n_0
    SLICE_X48Y37         LUT5 (Prop_lut5_I0_O)        0.105    10.581 r  system_i/axi_dma_0/U0/GEN_SG_ENGINE.I_SG_ENGINE/I_SG_AXI_DATAMOVER/GEN_S2MM_BASIC.I_S2MM_BASIC_WRAPPER/I_WR_DATA_CNTL/sig_dqual_reg_full_i_1/O
                         net (fo=3, routed)           0.497    11.078    system_i/axi_dma_0/U0/GEN_SG_ENGINE.I_SG_ENGINE/I_SG_AXI_DATAMOVER/GEN_S2MM_BASIC.I_S2MM_BASIC_WRAPPER/I_WR_DATA_CNTL/sig_clr_dqual_reg
    SLICE_X48Y37         FDRE                                         r  system_i/axi_dma_0/U0/GEN_SG_ENGINE.I_SG_ENGINE/I_SG_AXI_DATAMOVER/GEN_S2MM_BASIC.I_S2MM_BASIC_WRAPPER/I_WR_DATA_CNTL/sig_dqual_reg_full_reg/R
  -------------------------------------------------------------------    -------------------

                         (clock clk_fpga_0 rise edge)
                                                     10.000    10.000 r  
    PS7_X0Y0             PS7                          0.000    10.000 r  system_i/processing_system7_0/inst/PS7_i/FCLKCLK[0]
                         net (fo=1, routed)           0.905    10.906    system_i/processing_system7_0/inst/FCLK_CLK_unbuffered[0]
    BUFGCTRL_X0Y16       BUFG (Prop_bufg_I_O)         0.077    10.983 r  system_i/processing_system7_0/inst/buffer_fclk_clk_0.FCLK_CLK_0_BUFG/O
                         net (fo=6193, routed)        1.249    12.231    system_i/axi_dma_0/U0/GEN_SG_ENGINE.I_SG_ENGINE/I_SG_AXI_DATAMOVER/GEN_S2MM_BASIC.I_S2MM_BASIC_WRAPPER/I_WR_DATA_CNTL/m_axi_sg_aclk
    SLICE_X48Y37         FDRE                                         r  system_i/axi_dma_0/U0/GEN_SG_ENGINE.I_SG_ENGINE/I_SG_AXI_DATAMOVER/GEN_S2MM_BASIC.I_S2MM_BASIC_WRAPPER/I_WR_DATA_CNTL/sig_dqual_reg_full_reg/C
                         clock pessimism              0.193    12.424    
                         clock uncertainty           -0.154    12.270    
    SLICE_X48Y37         FDRE (Setup_fdre_C_R)       -0.352    11.918    system_i/axi_dma_0/U0/GEN_SG_ENGINE.I_SG_ENGINE/I_SG_AXI_DATAMOVER/GEN_S2MM_BASIC.I_S2MM_BASIC_WRAPPER/I_WR_DATA_CNTL/sig_dqual_reg_full_reg
  -------------------------------------------------------------------
                         required time                         11.918    
                         arrival time                         -11.078    
  -------------------------------------------------------------------
                         slack                                  0.840    

Slack (MET) :             0.840ns  (required time - arrival time)
  Source:                 system_i/axi_mem_intercon/s00_couplers/auto_us/inst/gen_upsizer.gen_full_upsizer.axi_upsizer_inst/USE_WRITE.gen_non_fifo_w_upsizer.write_data_inst/USE_REGISTER.M_AXI_WVALID_q_reg/C
                            (rising edge-triggered cell FDRE clocked by clk_fpga_0  {rise@0.000ns fall@5.000ns period=10.000ns})
  Destination:            system_i/axi_dma_0/U0/GEN_SG_ENGINE.I_SG_ENGINE/I_SG_AXI_DATAMOVER/GEN_S2MM_BASIC.I_S2MM_BASIC_WRAPPER/I_WR_DATA_CNTL/sig_next_calc_error_reg_reg/R
                            (rising edge-triggered cell FDRE clocked by clk_fpga_0  {rise@0.000ns fall@5.000ns period=10.000ns})
  Path Group:             clk_fpga_0
  Path Type:              Setup (Max at Slow Process Corner)
  Requirement:            10.000ns  (clk_fpga_0 rise@10.000ns - clk_fpga_0 rise@0.000ns)
  Data Path Delay:        8.523ns  (logic 1.946ns (22.832%)  route 6.577ns (77.168%))
  Logic Levels:           10  (LUT2=2 LUT3=2 LUT5=2 LUT6=4)
  Clock Path Skew:        -0.131ns (DCD - SCD + CPR)
    Destination Clock Delay (DCD):    2.231ns = ( 12.231 - 10.000 ) 
    Source Clock Delay      (SCD):    2.555ns
    Clock Pessimism Removal (CPR):    0.193ns
  Clock Uncertainty:      0.154ns  ((TSJ^2 + TIJ^2)^1/2 + DJ) / 2 + PE
    Total System Jitter     (TSJ):    0.071ns
    Total Input Jitter      (TIJ):    0.300ns
    Discrete Jitter          (DJ):    0.000ns
    Phase Error              (PE):    0.000ns

    Location             Delay type                Incr(ns)  Path(ns)    Netlist Resource(s)
  -------------------------------------------------------------------    -------------------
                         (clock clk_fpga_0 rise edge)
                                                      0.000     0.000 r  
    PS7_X0Y0             PS7                          0.000     0.000 r  system_i/processing_system7_0/inst/PS7_i/FCLKCLK[0]
                         net (fo=1, routed)           0.994     0.994    system_i/processing_system7_0/inst/FCLK_CLK_unbuffered[0]
    BUFGCTRL_X0Y16       BUFG (Prop_bufg_I_O)         0.085     1.079 r  system_i/processing_system7_0/inst/buffer_fclk_clk_0.FCLK_CLK_0_BUFG/O
                         net (fo=6193, routed)        1.476     2.555    system_i/axi_mem_intercon/s00_couplers/auto_us/inst/gen_upsizer.gen_full_upsizer.axi_upsizer_inst/USE_WRITE.gen_non_fifo_w_upsizer.write_data_inst/USE_RTL_LENGTH.length_counter_q_reg[0]_0
    SLICE_X25Y41         FDRE                                         r  system_i/axi_mem_intercon/s00_couplers/auto_us/inst/gen_upsizer.gen_full_upsizer.axi_upsizer_inst/USE_WRITE.gen_non_fifo_w_upsizer.write_data_inst/USE_REGISTER.M_AXI_WVALID_q_reg/C
  -------------------------------------------------------------------    -------------------
    SLICE_X25Y41         FDRE (Prop_fdre_C_Q)         0.379     2.934 r  system_i/axi_mem_intercon/s00_couplers/auto_us/inst/gen_upsizer.gen_full_upsizer.axi_upsizer_inst/USE_WRITE.gen_non_fifo_w_upsizer.write_data_inst/USE_REGISTER.M_AXI_WVALID_q_reg/Q
                         net (fo=25, routed)          1.201     4.135    system_i/axi_mem_intercon/xbar/inst/gen_samd.crossbar_samd/gen_master_slots[0].gen_mi_write.wdata_mux_w/gen_wmux.wmux_aw_fifo/gen_srls[0].gen_rep[1].srl_nx1/s_axi_wvalid[0]
    SLICE_X16Y38         LUT6 (Prop_lut6_I1_O)        0.105     4.240 r  system_i/axi_mem_intercon/xbar/inst/gen_samd.crossbar_samd/gen_master_slots[0].gen_mi_write.wdata_mux_w/gen_wmux.wmux_aw_fifo/gen_srls[0].gen_rep[1].srl_nx1/m_axi_wvalid[0]_INST_0_i_1/O
                         net (fo=1, routed)           0.264     4.504    system_i/axi_mem_intercon/xbar/inst/gen_samd.crossbar_samd/gen_master_slots[0].gen_mi_write.wdata_mux_w/gen_wmux.wmux_aw_fifo/gen_srls[0].gen_rep[1].srl_nx1/m_axi_wvalid[0]_INST_0_i_1_n_0
    SLICE_X16Y38         LUT6 (Prop_lut6_I0_O)        0.105     4.609 r  system_i/axi_mem_intercon/xbar/inst/gen_samd.crossbar_samd/gen_master_slots[0].gen_mi_write.wdata_mux_w/gen_wmux.wmux_aw_fifo/gen_srls[0].gen_rep[1].srl_nx1/m_axi_wvalid[0]_INST_0/O
                         net (fo=7, routed)           0.826     5.435    system_i/axi_mem_intercon/m00_couplers/auto_pc/inst/gen_axi4_axi3.axi3_conv_inst/USE_WRITE.write_addr_inst/USE_BURSTS.cmd_queue/inst/s_axi_wvalid
    SLICE_X14Y48         LUT3 (Prop_lut3_I0_O)        0.125     5.560 r  system_i/axi_mem_intercon/m00_couplers/auto_pc/inst/gen_axi4_axi3.axi3_conv_inst/USE_WRITE.write_addr_inst/USE_BURSTS.cmd_queue/inst/s_axi_wready_INST_0/O
                         net (fo=9, routed)           0.784     6.344    system_i/axi_mem_intercon/xbar/inst/gen_samd.crossbar_samd/gen_master_slots[0].gen_mi_write.wdata_mux_w/gen_wmux.wmux_aw_fifo/m_axi_wready[0]
    SLICE_X15Y38         LUT5 (Prop_lut5_I2_O)        0.264     6.608 r  system_i/axi_mem_intercon/xbar/inst/gen_samd.crossbar_samd/gen_master_slots[0].gen_mi_write.wdata_mux_w/gen_wmux.wmux_aw_fifo/s_axi_wready[0]_INST_0_i_2/O
                         net (fo=1, routed)           0.116     6.724    system_i/axi_mem_intercon/xbar/inst/gen_samd.crossbar_samd/gen_master_slots[1].gen_mi_write.wdata_mux_w/gen_wmux.wmux_aw_fifo/s_axi_wready[0]
    SLICE_X15Y38         LUT6 (Prop_lut6_I5_O)        0.105     6.829 r  system_i/axi_mem_intercon/xbar/inst/gen_samd.crossbar_samd/gen_master_slots[1].gen_mi_write.wdata_mux_w/gen_wmux.wmux_aw_fifo/s_axi_wready[0]_INST_0_i_1/O
                         net (fo=2, routed)           0.480     7.309    system_i/axi_mem_intercon/xbar/inst/gen_samd.crossbar_samd/gen_slave_slots[0].gen_si_write.wdata_router_w/wrouter_aw_fifo/m_aready0__0
    SLICE_X18Y39         LUT2 (Prop_lut2_I1_O)        0.106     7.415 r  system_i/axi_mem_intercon/xbar/inst/gen_samd.crossbar_samd/gen_slave_slots[0].gen_si_write.wdata_router_w/wrouter_aw_fifo/s_axi_wready[0]_INST_0/O
                         net (fo=22, routed)          0.778     8.194    system_i/axi_mem_intercon/s00_couplers/auto_us/inst/gen_upsizer.gen_full_upsizer.axi_upsizer_inst/USE_WRITE.write_addr_inst/GEN_CMD_QUEUE.cmd_queue/m_axi_wready
    SLICE_X25Y41         LUT3 (Prop_lut3_I1_O)        0.283     8.477 r  system_i/axi_mem_intercon/s00_couplers/auto_us/inst/gen_upsizer.gen_full_upsizer.axi_upsizer_inst/USE_WRITE.write_addr_inst/GEN_CMD_QUEUE.cmd_queue/s_axi_wready_INST_0/O
                         net (fo=2, routed)           0.966     9.443    system_i/axi_dma_0/U0/GEN_SG_ENGINE.I_SG_ENGINE/I_SG_AXI_DATAMOVER/GEN_S2MM_BASIC.I_S2MM_BASIC_WRAPPER/I_WR_DATA_CNTL/m_axi_sg_wready
    SLICE_X46Y37         LUT2 (Prop_lut2_I1_O)        0.105     9.548 f  system_i/axi_dma_0/U0/GEN_SG_ENGINE.I_SG_ENGINE/I_SG_AXI_DATAMOVER/GEN_S2MM_BASIC.I_S2MM_BASIC_WRAPPER/I_WR_DATA_CNTL/sig_dbeat_cntr[7]_i_4__0/O
                         net (fo=2, routed)           0.386     9.934    system_i/axi_dma_0/U0/GEN_SG_ENGINE.I_SG_ENGINE/I_SG_AXI_DATAMOVER/GEN_S2MM_BASIC.I_S2MM_BASIC_WRAPPER/I_WR_DATA_CNTL/sig_dbeat_cntr[7]_i_4__0_n_0
    SLICE_X46Y37         LUT6 (Prop_lut6_I1_O)        0.264    10.198 f  system_i/axi_dma_0/U0/GEN_SG_ENGINE.I_SG_ENGINE/I_SG_AXI_DATAMOVER/GEN_S2MM_BASIC.I_S2MM_BASIC_WRAPPER/I_WR_DATA_CNTL/sig_dqual_reg_full_i_3/O
                         net (fo=4, routed)           0.278    10.476    system_i/axi_dma_0/U0/GEN_SG_ENGINE.I_SG_ENGINE/I_SG_AXI_DATAMOVER/GEN_S2MM_BASIC.I_S2MM_BASIC_WRAPPER/I_WR_DATA_CNTL/sig_dqual_reg_full_i_3_n_0
    SLICE_X48Y37         LUT5 (Prop_lut5_I0_O)        0.105    10.581 r  system_i/axi_dma_0/U0/GEN_SG_ENGINE.I_SG_ENGINE/I_SG_AXI_DATAMOVER/GEN_S2MM_BASIC.I_S2MM_BASIC_WRAPPER/I_WR_DATA_CNTL/sig_dqual_reg_full_i_1/O
                         net (fo=3, routed)           0.497    11.078    system_i/axi_dma_0/U0/GEN_SG_ENGINE.I_SG_ENGINE/I_SG_AXI_DATAMOVER/GEN_S2MM_BASIC.I_S2MM_BASIC_WRAPPER/I_WR_DATA_CNTL/sig_clr_dqual_reg
    SLICE_X48Y37         FDRE                                         r  system_i/axi_dma_0/U0/GEN_SG_ENGINE.I_SG_ENGINE/I_SG_AXI_DATAMOVER/GEN_S2MM_BASIC.I_S2MM_BASIC_WRAPPER/I_WR_DATA_CNTL/sig_next_calc_error_reg_reg/R
  -------------------------------------------------------------------    -------------------

                         (clock clk_fpga_0 rise edge)
                                                     10.000    10.000 r  
    PS7_X0Y0             PS7                          0.000    10.000 r  system_i/processing_system7_0/inst/PS7_i/FCLKCLK[0]
                         net (fo=1, routed)           0.905    10.906    system_i/processing_system7_0/inst/FCLK_CLK_unbuffered[0]
    BUFGCTRL_X0Y16       BUFG (Prop_bufg_I_O)         0.077    10.983 r  system_i/processing_system7_0/inst/buffer_fclk_clk_0.FCLK_CLK_0_BUFG/O
                         net (fo=6193, routed)        1.249    12.231    system_i/axi_dma_0/U0/GEN_SG_ENGINE.I_SG_ENGINE/I_SG_AXI_DATAMOVER/GEN_S2MM_BASIC.I_S2MM_BASIC_WRAPPER/I_WR_DATA_CNTL/m_axi_sg_aclk
    SLICE_X48Y37         FDRE                                         r  system_i/axi_dma_0/U0/GEN_SG_ENGINE.I_SG_ENGINE/I_SG_AXI_DATAMOVER/GEN_S2MM_BASIC.I_S2MM_BASIC_WRAPPER/I_WR_DATA_CNTL/sig_next_calc_error_reg_reg/C
                         clock pessimism              0.193    12.424    
                         clock uncertainty           -0.154    12.270    
    SLICE_X48Y37         FDRE (Setup_fdre_C_R)       -0.352    11.918    system_i/axi_dma_0/U0/GEN_SG_ENGINE.I_SG_ENGINE/I_SG_AXI_DATAMOVER/GEN_S2MM_BASIC.I_S2MM_BASIC_WRAPPER/I_WR_DATA_CNTL/sig_next_calc_error_reg_reg
  -------------------------------------------------------------------
                         required time                         11.918    
                         arrival time                         -11.078    
  -------------------------------------------------------------------
                         slack                                  0.840    

Slack (MET) :             0.948ns  (required time - arrival time)
  Source:                 system_i/axi_mem_intercon/s00_couplers/auto_us/inst/gen_upsizer.gen_full_upsizer.axi_upsizer_inst/USE_WRITE.gen_non_fifo_w_upsizer.write_data_inst/USE_REGISTER.M_AXI_WVALID_q_reg/C
                            (rising edge-triggered cell FDRE clocked by clk_fpga_0  {rise@0.000ns fall@5.000ns period=10.000ns})
  Destination:            system_i/axi_dma_0/U0/GEN_SG_ENGINE.I_SG_ENGINE/I_SG_AXI_DATAMOVER/GEN_S2MM_BASIC.I_S2MM_BASIC_WRAPPER/I_WR_DATA_CNTL/sig_data2wsc_calc_err_reg/R
                            (rising edge-triggered cell FDRE clocked by clk_fpga_0  {rise@0.000ns fall@5.000ns period=10.000ns})
  Path Group:             clk_fpga_0
  Path Type:              Setup (Max at Slow Process Corner)
  Requirement:            10.000ns  (clk_fpga_0 rise@10.000ns - clk_fpga_0 rise@0.000ns)
  Data Path Delay:        8.415ns  (logic 1.946ns (23.126%)  route 6.469ns (76.874%))
  Logic Levels:           10  (LUT2=2 LUT3=2 LUT5=1 LUT6=5)
  Clock Path Skew:        -0.131ns (DCD - SCD + CPR)
    Destination Clock Delay (DCD):    2.231ns = ( 12.231 - 10.000 ) 
    Source Clock Delay      (SCD):    2.555ns
    Clock Pessimism Removal (CPR):    0.193ns
  Clock Uncertainty:      0.154ns  ((TSJ^2 + TIJ^2)^1/2 + DJ) / 2 + PE
    Total System Jitter     (TSJ):    0.071ns
    Total Input Jitter      (TIJ):    0.300ns
    Discrete Jitter          (DJ):    0.000ns
    Phase Error              (PE):    0.000ns

    Location             Delay type                Incr(ns)  Path(ns)    Netlist Resource(s)
  -------------------------------------------------------------------    -------------------
                         (clock clk_fpga_0 rise edge)
                                                      0.000     0.000 r  
    PS7_X0Y0             PS7                          0.000     0.000 r  system_i/processing_system7_0/inst/PS7_i/FCLKCLK[0]
                         net (fo=1, routed)           0.994     0.994    system_i/processing_system7_0/inst/FCLK_CLK_unbuffered[0]
    BUFGCTRL_X0Y16       BUFG (Prop_bufg_I_O)         0.085     1.079 r  system_i/processing_system7_0/inst/buffer_fclk_clk_0.FCLK_CLK_0_BUFG/O
                         net (fo=6193, routed)        1.476     2.555    system_i/axi_mem_intercon/s00_couplers/auto_us/inst/gen_upsizer.gen_full_upsizer.axi_upsizer_inst/USE_WRITE.gen_non_fifo_w_upsizer.write_data_inst/USE_RTL_LENGTH.length_counter_q_reg[0]_0
    SLICE_X25Y41         FDRE                                         r  system_i/axi_mem_intercon/s00_couplers/auto_us/inst/gen_upsizer.gen_full_upsizer.axi_upsizer_inst/USE_WRITE.gen_non_fifo_w_upsizer.write_data_inst/USE_REGISTER.M_AXI_WVALID_q_reg/C
  -------------------------------------------------------------------    -------------------
    SLICE_X25Y41         FDRE (Prop_fdre_C_Q)         0.379     2.934 f  system_i/axi_mem_intercon/s00_couplers/auto_us/inst/gen_upsizer.gen_full_upsizer.axi_upsizer_inst/USE_WRITE.gen_non_fifo_w_upsizer.write_data_inst/USE_REGISTER.M_AXI_WVALID_q_reg/Q
                         net (fo=25, routed)          1.201     4.135    system_i/axi_mem_intercon/xbar/inst/gen_samd.crossbar_samd/gen_master_slots[0].gen_mi_write.wdata_mux_w/gen_wmux.wmux_aw_fifo/gen_srls[0].gen_rep[1].srl_nx1/s_axi_wvalid[0]
    SLICE_X16Y38         LUT6 (Prop_lut6_I1_O)        0.105     4.240 f  system_i/axi_mem_intercon/xbar/inst/gen_samd.crossbar_samd/gen_master_slots[0].gen_mi_write.wdata_mux_w/gen_wmux.wmux_aw_fifo/gen_srls[0].gen_rep[1].srl_nx1/m_axi_wvalid[0]_INST_0_i_1/O
                         net (fo=1, routed)           0.264     4.504    system_i/axi_mem_intercon/xbar/inst/gen_samd.crossbar_samd/gen_master_slots[0].gen_mi_write.wdata_mux_w/gen_wmux.wmux_aw_fifo/gen_srls[0].gen_rep[1].srl_nx1/m_axi_wvalid[0]_INST_0_i_1_n_0
    SLICE_X16Y38         LUT6 (Prop_lut6_I0_O)        0.105     4.609 f  system_i/axi_mem_intercon/xbar/inst/gen_samd.crossbar_samd/gen_master_slots[0].gen_mi_write.wdata_mux_w/gen_wmux.wmux_aw_fifo/gen_srls[0].gen_rep[1].srl_nx1/m_axi_wvalid[0]_INST_0/O
                         net (fo=7, routed)           0.826     5.435    system_i/axi_mem_intercon/m00_couplers/auto_pc/inst/gen_axi4_axi3.axi3_conv_inst/USE_WRITE.write_addr_inst/USE_BURSTS.cmd_queue/inst/s_axi_wvalid
    SLICE_X14Y48         LUT3 (Prop_lut3_I0_O)        0.125     5.560 f  system_i/axi_mem_intercon/m00_couplers/auto_pc/inst/gen_axi4_axi3.axi3_conv_inst/USE_WRITE.write_addr_inst/USE_BURSTS.cmd_queue/inst/s_axi_wready_INST_0/O
                         net (fo=9, routed)           0.784     6.344    system_i/axi_mem_intercon/xbar/inst/gen_samd.crossbar_samd/gen_master_slots[0].gen_mi_write.wdata_mux_w/gen_wmux.wmux_aw_fifo/m_axi_wready[0]
    SLICE_X15Y38         LUT5 (Prop_lut5_I2_O)        0.264     6.608 f  system_i/axi_mem_intercon/xbar/inst/gen_samd.crossbar_samd/gen_master_slots[0].gen_mi_write.wdata_mux_w/gen_wmux.wmux_aw_fifo/s_axi_wready[0]_INST_0_i_2/O
                         net (fo=1, routed)           0.116     6.724    system_i/axi_mem_intercon/xbar/inst/gen_samd.crossbar_samd/gen_master_slots[1].gen_mi_write.wdata_mux_w/gen_wmux.wmux_aw_fifo/s_axi_wready[0]
    SLICE_X15Y38         LUT6 (Prop_lut6_I5_O)        0.105     6.829 f  system_i/axi_mem_intercon/xbar/inst/gen_samd.crossbar_samd/gen_master_slots[1].gen_mi_write.wdata_mux_w/gen_wmux.wmux_aw_fifo/s_axi_wready[0]_INST_0_i_1/O
                         net (fo=2, routed)           0.480     7.309    system_i/axi_mem_intercon/xbar/inst/gen_samd.crossbar_samd/gen_slave_slots[0].gen_si_write.wdata_router_w/wrouter_aw_fifo/m_aready0__0
    SLICE_X18Y39         LUT2 (Prop_lut2_I1_O)        0.106     7.415 f  system_i/axi_mem_intercon/xbar/inst/gen_samd.crossbar_samd/gen_slave_slots[0].gen_si_write.wdata_router_w/wrouter_aw_fifo/s_axi_wready[0]_INST_0/O
                         net (fo=22, routed)          0.778     8.194    system_i/axi_mem_intercon/s00_couplers/auto_us/inst/gen_upsizer.gen_full_upsizer.axi_upsizer_inst/USE_WRITE.write_addr_inst/GEN_CMD_QUEUE.cmd_queue/m_axi_wready
    SLICE_X25Y41         LUT3 (Prop_lut3_I1_O)        0.283     8.477 f  system_i/axi_mem_intercon/s00_couplers/auto_us/inst/gen_upsizer.gen_full_upsizer.axi_upsizer_inst/USE_WRITE.write_addr_inst/GEN_CMD_QUEUE.cmd_queue/s_axi_wready_INST_0/O
                         net (fo=2, routed)           0.966     9.443    system_i/axi_dma_0/U0/GEN_SG_ENGINE.I_SG_ENGINE/I_SG_AXI_DATAMOVER/GEN_S2MM_BASIC.I_S2MM_BASIC_WRAPPER/I_WR_DATA_CNTL/m_axi_sg_wready
    SLICE_X46Y37         LUT2 (Prop_lut2_I1_O)        0.105     9.548 r  system_i/axi_dma_0/U0/GEN_SG_ENGINE.I_SG_ENGINE/I_SG_AXI_DATAMOVER/GEN_S2MM_BASIC.I_S2MM_BASIC_WRAPPER/I_WR_DATA_CNTL/sig_dbeat_cntr[7]_i_4__0/O
                         net (fo=2, routed)           0.386     9.934    system_i/axi_dma_0/U0/GEN_SG_ENGINE.I_SG_ENGINE/I_SG_AXI_DATAMOVER/GEN_S2MM_BASIC.I_S2MM_BASIC_WRAPPER/I_WR_DATA_CNTL/sig_dbeat_cntr[7]_i_4__0_n_0
    SLICE_X46Y37         LUT6 (Prop_lut6_I1_O)        0.264    10.198 r  system_i/axi_dma_0/U0/GEN_SG_ENGINE.I_SG_ENGINE/I_SG_AXI_DATAMOVER/GEN_S2MM_BASIC.I_S2MM_BASIC_WRAPPER/I_WR_DATA_CNTL/sig_dqual_reg_full_i_3/O
                         net (fo=4, routed)           0.375    10.574    system_i/axi_dma_0/U0/GEN_SG_ENGINE.I_SG_ENGINE/I_SG_AXI_DATAMOVER/GEN_S2MM_BASIC.I_S2MM_BASIC_WRAPPER/I_WR_DATA_CNTL/sig_dqual_reg_full_i_3_n_0
    SLICE_X45Y37         LUT6 (Prop_lut6_I1_O)        0.105    10.679 r  system_i/axi_dma_0/U0/GEN_SG_ENGINE.I_SG_ENGINE/I_SG_AXI_DATAMOVER/GEN_S2MM_BASIC.I_S2MM_BASIC_WRAPPER/I_WR_DATA_CNTL/sig_push_to_wsc_i_1__0/O
                         net (fo=4, routed)           0.291    10.970    system_i/axi_dma_0/U0/GEN_SG_ENGINE.I_SG_ENGINE/I_SG_AXI_DATAMOVER/GEN_S2MM_BASIC.I_S2MM_BASIC_WRAPPER/I_WR_DATA_CNTL/sig_push_to_wsc0
    SLICE_X45Y37         FDRE                                         r  system_i/axi_dma_0/U0/GEN_SG_ENGINE.I_SG_ENGINE/I_SG_AXI_DATAMOVER/GEN_S2MM_BASIC.I_S2MM_BASIC_WRAPPER/I_WR_DATA_CNTL/sig_data2wsc_calc_err_reg/R
  -------------------------------------------------------------------    -------------------

                         (clock clk_fpga_0 rise edge)
                                                     10.000    10.000 r  
    PS7_X0Y0             PS7                          0.000    10.000 r  system_i/processing_system7_0/inst/PS7_i/FCLKCLK[0]
                         net (fo=1, routed)           0.905    10.906    system_i/processing_system7_0/inst/FCLK_CLK_unbuffered[0]
    BUFGCTRL_X0Y16       BUFG (Prop_bufg_I_O)         0.077    10.983 r  system_i/processing_system7_0/inst/buffer_fclk_clk_0.FCLK_CLK_0_BUFG/O
                         net (fo=6193, routed)        1.249    12.231    system_i/axi_dma_0/U0/GEN_SG_ENGINE.I_SG_ENGINE/I_SG_AXI_DATAMOVER/GEN_S2MM_BASIC.I_S2MM_BASIC_WRAPPER/I_WR_DATA_CNTL/m_axi_sg_aclk
    SLICE_X45Y37         FDRE                                         r  system_i/axi_dma_0/U0/GEN_SG_ENGINE.I_SG_ENGINE/I_SG_AXI_DATAMOVER/GEN_S2MM_BASIC.I_S2MM_BASIC_WRAPPER/I_WR_DATA_CNTL/sig_data2wsc_calc_err_reg/C
                         clock pessimism              0.193    12.424    
                         clock uncertainty           -0.154    12.270    
    SLICE_X45Y37         FDRE (Setup_fdre_C_R)       -0.352    11.918    system_i/axi_dma_0/U0/GEN_SG_ENGINE.I_SG_ENGINE/I_SG_AXI_DATAMOVER/GEN_S2MM_BASIC.I_S2MM_BASIC_WRAPPER/I_WR_DATA_CNTL/sig_data2wsc_calc_err_reg
  -------------------------------------------------------------------
                         required time                         11.918    
                         arrival time                         -10.970    
  -------------------------------------------------------------------
                         slack                                  0.948    

Slack (MET) :             0.948ns  (required time - arrival time)
  Source:                 system_i/axi_mem_intercon/s00_couplers/auto_us/inst/gen_upsizer.gen_full_upsizer.axi_upsizer_inst/USE_WRITE.gen_non_fifo_w_upsizer.write_data_inst/USE_REGISTER.M_AXI_WVALID_q_reg/C
                            (rising edge-triggered cell FDRE clocked by clk_fpga_0  {rise@0.000ns fall@5.000ns period=10.000ns})
  Destination:            system_i/axi_dma_0/U0/GEN_SG_ENGINE.I_SG_ENGINE/I_SG_AXI_DATAMOVER/GEN_S2MM_BASIC.I_S2MM_BASIC_WRAPPER/I_WR_DATA_CNTL/sig_data2wsc_cmd_cmplt_reg/R
                            (rising edge-triggered cell FDRE clocked by clk_fpga_0  {rise@0.000ns fall@5.000ns period=10.000ns})
  Path Group:             clk_fpga_0
  Path Type:              Setup (Max at Slow Process Corner)
  Requirement:            10.000ns  (clk_fpga_0 rise@10.000ns - clk_fpga_0 rise@0.000ns)
  Data Path Delay:        8.415ns  (logic 1.946ns (23.126%)  route 6.469ns (76.874%))
  Logic Levels:           10  (LUT2=2 LUT3=2 LUT5=1 LUT6=5)
  Clock Path Skew:        -0.131ns (DCD - SCD + CPR)
    Destination Clock Delay (DCD):    2.231ns = ( 12.231 - 10.000 ) 
    Source Clock Delay      (SCD):    2.555ns
    Clock Pessimism Removal (CPR):    0.193ns
  Clock Uncertainty:      0.154ns  ((TSJ^2 + TIJ^2)^1/2 + DJ) / 2 + PE
    Total System Jitter     (TSJ):    0.071ns
    Total Input Jitter      (TIJ):    0.300ns
    Discrete Jitter          (DJ):    0.000ns
    Phase Error              (PE):    0.000ns

    Location             Delay type                Incr(ns)  Path(ns)    Netlist Resource(s)
  -------------------------------------------------------------------    -------------------
                         (clock clk_fpga_0 rise edge)
                                                      0.000     0.000 r  
    PS7_X0Y0             PS7                          0.000     0.000 r  system_i/processing_system7_0/inst/PS7_i/FCLKCLK[0]
                         net (fo=1, routed)           0.994     0.994    system_i/processing_system7_0/inst/FCLK_CLK_unbuffered[0]
    BUFGCTRL_X0Y16       BUFG (Prop_bufg_I_O)         0.085     1.079 r  system_i/processing_system7_0/inst/buffer_fclk_clk_0.FCLK_CLK_0_BUFG/O
                         net (fo=6193, routed)        1.476     2.555    system_i/axi_mem_intercon/s00_couplers/auto_us/inst/gen_upsizer.gen_full_upsizer.axi_upsizer_inst/USE_WRITE.gen_non_fifo_w_upsizer.write_data_inst/USE_RTL_LENGTH.length_counter_q_reg[0]_0
    SLICE_X25Y41         FDRE                                         r  system_i/axi_mem_intercon/s00_couplers/auto_us/inst/gen_upsizer.gen_full_upsizer.axi_upsizer_inst/USE_WRITE.gen_non_fifo_w_upsizer.write_data_inst/USE_REGISTER.M_AXI_WVALID_q_reg/C
  -------------------------------------------------------------------    -------------------
    SLICE_X25Y41         FDRE (Prop_fdre_C_Q)         0.379     2.934 f  system_i/axi_mem_intercon/s00_couplers/auto_us/inst/gen_upsizer.gen_full_upsizer.axi_upsizer_inst/USE_WRITE.gen_non_fifo_w_upsizer.write_data_inst/USE_REGISTER.M_AXI_WVALID_q_reg/Q
                         net (fo=25, routed)          1.201     4.135    system_i/axi_mem_intercon/xbar/inst/gen_samd.crossbar_samd/gen_master_slots[0].gen_mi_write.wdata_mux_w/gen_wmux.wmux_aw_fifo/gen_srls[0].gen_rep[1].srl_nx1/s_axi_wvalid[0]
    SLICE_X16Y38         LUT6 (Prop_lut6_I1_O)        0.105     4.240 f  system_i/axi_mem_intercon/xbar/inst/gen_samd.crossbar_samd/gen_master_slots[0].gen_mi_write.wdata_mux_w/gen_wmux.wmux_aw_fifo/gen_srls[0].gen_rep[1].srl_nx1/m_axi_wvalid[0]_INST_0_i_1/O
                         net (fo=1, routed)           0.264     4.504    system_i/axi_mem_intercon/xbar/inst/gen_samd.crossbar_samd/gen_master_slots[0].gen_mi_write.wdata_mux_w/gen_wmux.wmux_aw_fifo/gen_srls[0].gen_rep[1].srl_nx1/m_axi_wvalid[0]_INST_0_i_1_n_0
    SLICE_X16Y38         LUT6 (Prop_lut6_I0_O)        0.105     4.609 f  system_i/axi_mem_intercon/xbar/inst/gen_samd.crossbar_samd/gen_master_slots[0].gen_mi_write.wdata_mux_w/gen_wmux.wmux_aw_fifo/gen_srls[0].gen_rep[1].srl_nx1/m_axi_wvalid[0]_INST_0/O
                         net (fo=7, routed)           0.826     5.435    system_i/axi_mem_intercon/m00_couplers/auto_pc/inst/gen_axi4_axi3.axi3_conv_inst/USE_WRITE.write_addr_inst/USE_BURSTS.cmd_queue/inst/s_axi_wvalid
    SLICE_X14Y48         LUT3 (Prop_lut3_I0_O)        0.125     5.560 f  system_i/axi_mem_intercon/m00_couplers/auto_pc/inst/gen_axi4_axi3.axi3_conv_inst/USE_WRITE.write_addr_inst/USE_BURSTS.cmd_queue/inst/s_axi_wready_INST_0/O
                         net (fo=9, routed)           0.784     6.344    system_i/axi_mem_intercon/xbar/inst/gen_samd.crossbar_samd/gen_master_slots[0].gen_mi_write.wdata_mux_w/gen_wmux.wmux_aw_fifo/m_axi_wready[0]
    SLICE_X15Y38         LUT5 (Prop_lut5_I2_O)        0.264     6.608 f  system_i/axi_mem_intercon/xbar/inst/gen_samd.crossbar_samd/gen_master_slots[0].gen_mi_write.wdata_mux_w/gen_wmux.wmux_aw_fifo/s_axi_wready[0]_INST_0_i_2/O
                         net (fo=1, routed)           0.116     6.724    system_i/axi_mem_intercon/xbar/inst/gen_samd.crossbar_samd/gen_master_slots[1].gen_mi_write.wdata_mux_w/gen_wmux.wmux_aw_fifo/s_axi_wready[0]
    SLICE_X15Y38         LUT6 (Prop_lut6_I5_O)        0.105     6.829 f  system_i/axi_mem_intercon/xbar/inst/gen_samd.crossbar_samd/gen_master_slots[1].gen_mi_write.wdata_mux_w/gen_wmux.wmux_aw_fifo/s_axi_wready[0]_INST_0_i_1/O
                         net (fo=2, routed)           0.480     7.309    system_i/axi_mem_intercon/xbar/inst/gen_samd.crossbar_samd/gen_slave_slots[0].gen_si_write.wdata_router_w/wrouter_aw_fifo/m_aready0__0
    SLICE_X18Y39         LUT2 (Prop_lut2_I1_O)        0.106     7.415 f  system_i/axi_mem_intercon/xbar/inst/gen_samd.crossbar_samd/gen_slave_slots[0].gen_si_write.wdata_router_w/wrouter_aw_fifo/s_axi_wready[0]_INST_0/O
                         net (fo=22, routed)          0.778     8.194    system_i/axi_mem_intercon/s00_couplers/auto_us/inst/gen_upsizer.gen_full_upsizer.axi_upsizer_inst/USE_WRITE.write_addr_inst/GEN_CMD_QUEUE.cmd_queue/m_axi_wready
    SLICE_X25Y41         LUT3 (Prop_lut3_I1_O)        0.283     8.477 f  system_i/axi_mem_intercon/s00_couplers/auto_us/inst/gen_upsizer.gen_full_upsizer.axi_upsizer_inst/USE_WRITE.write_addr_inst/GEN_CMD_QUEUE.cmd_queue/s_axi_wready_INST_0/O
                         net (fo=2, routed)           0.966     9.443    system_i/axi_dma_0/U0/GEN_SG_ENGINE.I_SG_ENGINE/I_SG_AXI_DATAMOVER/GEN_S2MM_BASIC.I_S2MM_BASIC_WRAPPER/I_WR_DATA_CNTL/m_axi_sg_wready
    SLICE_X46Y37         LUT2 (Prop_lut2_I1_O)        0.105     9.548 r  system_i/axi_dma_0/U0/GEN_SG_ENGINE.I_SG_ENGINE/I_SG_AXI_DATAMOVER/GEN_S2MM_BASIC.I_S2MM_BASIC_WRAPPER/I_WR_DATA_CNTL/sig_dbeat_cntr[7]_i_4__0/O
                         net (fo=2, routed)           0.386     9.934    system_i/axi_dma_0/U0/GEN_SG_ENGINE.I_SG_ENGINE/I_SG_AXI_DATAMOVER/GEN_S2MM_BASIC.I_S2MM_BASIC_WRAPPER/I_WR_DATA_CNTL/sig_dbeat_cntr[7]_i_4__0_n_0
    SLICE_X46Y37         LUT6 (Prop_lut6_I1_O)        0.264    10.198 r  system_i/axi_dma_0/U0/GEN_SG_ENGINE.I_SG_ENGINE/I_SG_AXI_DATAMOVER/GEN_S2MM_BASIC.I_S2MM_BASIC_WRAPPER/I_WR_DATA_CNTL/sig_dqual_reg_full_i_3/O
                         net (fo=4, routed)           0.375    10.574    system_i/axi_dma_0/U0/GEN_SG_ENGINE.I_SG_ENGINE/I_SG_AXI_DATAMOVER/GEN_S2MM_BASIC.I_S2MM_BASIC_WRAPPER/I_WR_DATA_CNTL/sig_dqual_reg_full_i_3_n_0
    SLICE_X45Y37         LUT6 (Prop_lut6_I1_O)        0.105    10.679 r  system_i/axi_dma_0/U0/GEN_SG_ENGINE.I_SG_ENGINE/I_SG_AXI_DATAMOVER/GEN_S2MM_BASIC.I_S2MM_BASIC_WRAPPER/I_WR_DATA_CNTL/sig_push_to_wsc_i_1__0/O
                         net (fo=4, routed)           0.291    10.970    system_i/axi_dma_0/U0/GEN_SG_ENGINE.I_SG_ENGINE/I_SG_AXI_DATAMOVER/GEN_S2MM_BASIC.I_S2MM_BASIC_WRAPPER/I_WR_DATA_CNTL/sig_push_to_wsc0
    SLICE_X45Y37         FDRE                                         r  system_i/axi_dma_0/U0/GEN_SG_ENGINE.I_SG_ENGINE/I_SG_AXI_DATAMOVER/GEN_S2MM_BASIC.I_S2MM_BASIC_WRAPPER/I_WR_DATA_CNTL/sig_data2wsc_cmd_cmplt_reg/R
  -------------------------------------------------------------------    -------------------

                         (clock clk_fpga_0 rise edge)
                                                     10.000    10.000 r  
    PS7_X0Y0             PS7                          0.000    10.000 r  system_i/processing_system7_0/inst/PS7_i/FCLKCLK[0]
                         net (fo=1, routed)           0.905    10.906    system_i/processing_system7_0/inst/FCLK_CLK_unbuffered[0]
    BUFGCTRL_X0Y16       BUFG (Prop_bufg_I_O)         0.077    10.983 r  system_i/processing_system7_0/inst/buffer_fclk_clk_0.FCLK_CLK_0_BUFG/O
                         net (fo=6193, routed)        1.249    12.231    system_i/axi_dma_0/U0/GEN_SG_ENGINE.I_SG_ENGINE/I_SG_AXI_DATAMOVER/GEN_S2MM_BASIC.I_S2MM_BASIC_WRAPPER/I_WR_DATA_CNTL/m_axi_sg_aclk
    SLICE_X45Y37         FDRE                                         r  system_i/axi_dma_0/U0/GEN_SG_ENGINE.I_SG_ENGINE/I_SG_AXI_DATAMOVER/GEN_S2MM_BASIC.I_S2MM_BASIC_WRAPPER/I_WR_DATA_CNTL/sig_data2wsc_cmd_cmplt_reg/C
                         clock pessimism              0.193    12.424    
                         clock uncertainty           -0.154    12.270    
    SLICE_X45Y37         FDRE (Setup_fdre_C_R)       -0.352    11.918    system_i/axi_dma_0/U0/GEN_SG_ENGINE.I_SG_ENGINE/I_SG_AXI_DATAMOVER/GEN_S2MM_BASIC.I_S2MM_BASIC_WRAPPER/I_WR_DATA_CNTL/sig_data2wsc_cmd_cmplt_reg
  -------------------------------------------------------------------
                         required time                         11.918    
                         arrival time                         -10.970    
  -------------------------------------------------------------------
                         slack                                  0.948    

Slack (MET) :             0.948ns  (required time - arrival time)
  Source:                 system_i/axi_mem_intercon/s00_couplers/auto_us/inst/gen_upsizer.gen_full_upsizer.axi_upsizer_inst/USE_WRITE.gen_non_fifo_w_upsizer.write_data_inst/USE_REGISTER.M_AXI_WVALID_q_reg/C
                            (rising edge-triggered cell FDRE clocked by clk_fpga_0  {rise@0.000ns fall@5.000ns period=10.000ns})
  Destination:            system_i/axi_dma_0/U0/GEN_SG_ENGINE.I_SG_ENGINE/I_SG_AXI_DATAMOVER/GEN_S2MM_BASIC.I_S2MM_BASIC_WRAPPER/I_WR_DATA_CNTL/sig_data2wsc_last_err_reg/R
                            (rising edge-triggered cell FDRE clocked by clk_fpga_0  {rise@0.000ns fall@5.000ns period=10.000ns})
  Path Group:             clk_fpga_0
  Path Type:              Setup (Max at Slow Process Corner)
  Requirement:            10.000ns  (clk_fpga_0 rise@10.000ns - clk_fpga_0 rise@0.000ns)
  Data Path Delay:        8.415ns  (logic 1.946ns (23.126%)  route 6.469ns (76.874%))
  Logic Levels:           10  (LUT2=2 LUT3=2 LUT5=1 LUT6=5)
  Clock Path Skew:        -0.131ns (DCD - SCD + CPR)
    Destination Clock Delay (DCD):    2.231ns = ( 12.231 - 10.000 ) 
    Source Clock Delay      (SCD):    2.555ns
    Clock Pessimism Removal (CPR):    0.193ns
  Clock Uncertainty:      0.154ns  ((TSJ^2 + TIJ^2)^1/2 + DJ) / 2 + PE
    Total System Jitter     (TSJ):    0.071ns
    Total Input Jitter      (TIJ):    0.300ns
    Discrete Jitter          (DJ):    0.000ns
    Phase Error              (PE):    0.000ns

    Location             Delay type                Incr(ns)  Path(ns)    Netlist Resource(s)
  -------------------------------------------------------------------    -------------------
                         (clock clk_fpga_0 rise edge)
                                                      0.000     0.000 r  
    PS7_X0Y0             PS7                          0.000     0.000 r  system_i/processing_system7_0/inst/PS7_i/FCLKCLK[0]
                         net (fo=1, routed)           0.994     0.994    system_i/processing_system7_0/inst/FCLK_CLK_unbuffered[0]
    BUFGCTRL_X0Y16       BUFG (Prop_bufg_I_O)         0.085     1.079 r  system_i/processing_system7_0/inst/buffer_fclk_clk_0.FCLK_CLK_0_BUFG/O
                         net (fo=6193, routed)        1.476     2.555    system_i/axi_mem_intercon/s00_couplers/auto_us/inst/gen_upsizer.gen_full_upsizer.axi_upsizer_inst/USE_WRITE.gen_non_fifo_w_upsizer.write_data_inst/USE_RTL_LENGTH.length_counter_q_reg[0]_0
    SLICE_X25Y41         FDRE                                         r  system_i/axi_mem_intercon/s00_couplers/auto_us/inst/gen_upsizer.gen_full_upsizer.axi_upsizer_inst/USE_WRITE.gen_non_fifo_w_upsizer.write_data_inst/USE_REGISTER.M_AXI_WVALID_q_reg/C
  -------------------------------------------------------------------    -------------------
    SLICE_X25Y41         FDRE (Prop_fdre_C_Q)         0.379     2.934 f  system_i/axi_mem_intercon/s00_couplers/auto_us/inst/gen_upsizer.gen_full_upsizer.axi_upsizer_inst/USE_WRITE.gen_non_fifo_w_upsizer.write_data_inst/USE_REGISTER.M_AXI_WVALID_q_reg/Q
                         net (fo=25, routed)          1.201     4.135    system_i/axi_mem_intercon/xbar/inst/gen_samd.crossbar_samd/gen_master_slots[0].gen_mi_write.wdata_mux_w/gen_wmux.wmux_aw_fifo/gen_srls[0].gen_rep[1].srl_nx1/s_axi_wvalid[0]
    SLICE_X16Y38         LUT6 (Prop_lut6_I1_O)        0.105     4.240 f  system_i/axi_mem_intercon/xbar/inst/gen_samd.crossbar_samd/gen_master_slots[0].gen_mi_write.wdata_mux_w/gen_wmux.wmux_aw_fifo/gen_srls[0].gen_rep[1].srl_nx1/m_axi_wvalid[0]_INST_0_i_1/O
                         net (fo=1, routed)           0.264     4.504    system_i/axi_mem_intercon/xbar/inst/gen_samd.crossbar_samd/gen_master_slots[0].gen_mi_write.wdata_mux_w/gen_wmux.wmux_aw_fifo/gen_srls[0].gen_rep[1].srl_nx1/m_axi_wvalid[0]_INST_0_i_1_n_0
    SLICE_X16Y38         LUT6 (Prop_lut6_I0_O)        0.105     4.609 f  system_i/axi_mem_intercon/xbar/inst/gen_samd.crossbar_samd/gen_master_slots[0].gen_mi_write.wdata_mux_w/gen_wmux.wmux_aw_fifo/gen_srls[0].gen_rep[1].srl_nx1/m_axi_wvalid[0]_INST_0/O
                         net (fo=7, routed)           0.826     5.435    system_i/axi_mem_intercon/m00_couplers/auto_pc/inst/gen_axi4_axi3.axi3_conv_inst/USE_WRITE.write_addr_inst/USE_BURSTS.cmd_queue/inst/s_axi_wvalid
    SLICE_X14Y48         LUT3 (Prop_lut3_I0_O)        0.125     5.560 f  system_i/axi_mem_intercon/m00_couplers/auto_pc/inst/gen_axi4_axi3.axi3_conv_inst/USE_WRITE.write_addr_inst/USE_BURSTS.cmd_queue/inst/s_axi_wready_INST_0/O
                         net (fo=9, routed)           0.784     6.344    system_i/axi_mem_intercon/xbar/inst/gen_samd.crossbar_samd/gen_master_slots[0].gen_mi_write.wdata_mux_w/gen_wmux.wmux_aw_fifo/m_axi_wready[0]
    SLICE_X15Y38         LUT5 (Prop_lut5_I2_O)        0.264     6.608 f  system_i/axi_mem_intercon/xbar/inst/gen_samd.crossbar_samd/gen_master_slots[0].gen_mi_write.wdata_mux_w/gen_wmux.wmux_aw_fifo/s_axi_wready[0]_INST_0_i_2/O
                         net (fo=1, routed)           0.116     6.724    system_i/axi_mem_intercon/xbar/inst/gen_samd.crossbar_samd/gen_master_slots[1].gen_mi_write.wdata_mux_w/gen_wmux.wmux_aw_fifo/s_axi_wready[0]
    SLICE_X15Y38         LUT6 (Prop_lut6_I5_O)        0.105     6.829 f  system_i/axi_mem_intercon/xbar/inst/gen_samd.crossbar_samd/gen_master_slots[1].gen_mi_write.wdata_mux_w/gen_wmux.wmux_aw_fifo/s_axi_wready[0]_INST_0_i_1/O
                         net (fo=2, routed)           0.480     7.309    system_i/axi_mem_intercon/xbar/inst/gen_samd.crossbar_samd/gen_slave_slots[0].gen_si_write.wdata_router_w/wrouter_aw_fifo/m_aready0__0
    SLICE_X18Y39         LUT2 (Prop_lut2_I1_O)        0.106     7.415 f  system_i/axi_mem_intercon/xbar/inst/gen_samd.crossbar_samd/gen_slave_slots[0].gen_si_write.wdata_router_w/wrouter_aw_fifo/s_axi_wready[0]_INST_0/O
                         net (fo=22, routed)          0.778     8.194    system_i/axi_mem_intercon/s00_couplers/auto_us/inst/gen_upsizer.gen_full_upsizer.axi_upsizer_inst/USE_WRITE.write_addr_inst/GEN_CMD_QUEUE.cmd_queue/m_axi_wready
    SLICE_X25Y41         LUT3 (Prop_lut3_I1_O)        0.283     8.477 f  system_i/axi_mem_intercon/s00_couplers/auto_us/inst/gen_upsizer.gen_full_upsizer.axi_upsizer_inst/USE_WRITE.write_addr_inst/GEN_CMD_QUEUE.cmd_queue/s_axi_wready_INST_0/O
                         net (fo=2, routed)           0.966     9.443    system_i/axi_dma_0/U0/GEN_SG_ENGINE.I_SG_ENGINE/I_SG_AXI_DATAMOVER/GEN_S2MM_BASIC.I_S2MM_BASIC_WRAPPER/I_WR_DATA_CNTL/m_axi_sg_wready
    SLICE_X46Y37         LUT2 (Prop_lut2_I1_O)        0.105     9.548 r  system_i/axi_dma_0/U0/GEN_SG_ENGINE.I_SG_ENGINE/I_SG_AXI_DATAMOVER/GEN_S2MM_BASIC.I_S2MM_BASIC_WRAPPER/I_WR_DATA_CNTL/sig_dbeat_cntr[7]_i_4__0/O
                         net (fo=2, routed)           0.386     9.934    system_i/axi_dma_0/U0/GEN_SG_ENGINE.I_SG_ENGINE/I_SG_AXI_DATAMOVER/GEN_S2MM_BASIC.I_S2MM_BASIC_WRAPPER/I_WR_DATA_CNTL/sig_dbeat_cntr[7]_i_4__0_n_0
    SLICE_X46Y37         LUT6 (Prop_lut6_I1_O)        0.264    10.198 r  system_i/axi_dma_0/U0/GEN_SG_ENGINE.I_SG_ENGINE/I_SG_AXI_DATAMOVER/GEN_S2MM_BASIC.I_S2MM_BASIC_WRAPPER/I_WR_DATA_CNTL/sig_dqual_reg_full_i_3/O
                         net (fo=4, routed)           0.375    10.574    system_i/axi_dma_0/U0/GEN_SG_ENGINE.I_SG_ENGINE/I_SG_AXI_DATAMOVER/GEN_S2MM_BASIC.I_S2MM_BASIC_WRAPPER/I_WR_DATA_CNTL/sig_dqual_reg_full_i_3_n_0
    SLICE_X45Y37         LUT6 (Prop_lut6_I1_O)        0.105    10.679 r  system_i/axi_dma_0/U0/GEN_SG_ENGINE.I_SG_ENGINE/I_SG_AXI_DATAMOVER/GEN_S2MM_BASIC.I_S2MM_BASIC_WRAPPER/I_WR_DATA_CNTL/sig_push_to_wsc_i_1__0/O
                         net (fo=4, routed)           0.291    10.970    system_i/axi_dma_0/U0/GEN_SG_ENGINE.I_SG_ENGINE/I_SG_AXI_DATAMOVER/GEN_S2MM_BASIC.I_S2MM_BASIC_WRAPPER/I_WR_DATA_CNTL/sig_push_to_wsc0
    SLICE_X45Y37         FDRE                                         r  system_i/axi_dma_0/U0/GEN_SG_ENGINE.I_SG_ENGINE/I_SG_AXI_DATAMOVER/GEN_S2MM_BASIC.I_S2MM_BASIC_WRAPPER/I_WR_DATA_CNTL/sig_data2wsc_last_err_reg/R
  -------------------------------------------------------------------    -------------------

                         (clock clk_fpga_0 rise edge)
                                                     10.000    10.000 r  
    PS7_X0Y0             PS7                          0.000    10.000 r  system_i/processing_system7_0/inst/PS7_i/FCLKCLK[0]
                         net (fo=1, routed)           0.905    10.906    system_i/processing_system7_0/inst/FCLK_CLK_unbuffered[0]
    BUFGCTRL_X0Y16       BUFG (Prop_bufg_I_O)         0.077    10.983 r  system_i/processing_system7_0/inst/buffer_fclk_clk_0.FCLK_CLK_0_BUFG/O
                         net (fo=6193, routed)        1.249    12.231    system_i/axi_dma_0/U0/GEN_SG_ENGINE.I_SG_ENGINE/I_SG_AXI_DATAMOVER/GEN_S2MM_BASIC.I_S2MM_BASIC_WRAPPER/I_WR_DATA_CNTL/m_axi_sg_aclk
    SLICE_X45Y37         FDRE                                         r  system_i/axi_dma_0/U0/GEN_SG_ENGINE.I_SG_ENGINE/I_SG_AXI_DATAMOVER/GEN_S2MM_BASIC.I_S2MM_BASIC_WRAPPER/I_WR_DATA_CNTL/sig_data2wsc_last_err_reg/C
                         clock pessimism              0.193    12.424    
                         clock uncertainty           -0.154    12.270    
    SLICE_X45Y37         FDRE (Setup_fdre_C_R)       -0.352    11.918    system_i/axi_dma_0/U0/GEN_SG_ENGINE.I_SG_ENGINE/I_SG_AXI_DATAMOVER/GEN_S2MM_BASIC.I_S2MM_BASIC_WRAPPER/I_WR_DATA_CNTL/sig_data2wsc_last_err_reg
  -------------------------------------------------------------------
                         required time                         11.918    
                         arrival time                         -10.970    
  -------------------------------------------------------------------
                         slack                                  0.948    

Slack (MET) :             0.948ns  (required time - arrival time)
  Source:                 system_i/axi_mem_intercon/s00_couplers/auto_us/inst/gen_upsizer.gen_full_upsizer.axi_upsizer_inst/USE_WRITE.gen_non_fifo_w_upsizer.write_data_inst/USE_REGISTER.M_AXI_WVALID_q_reg/C
                            (rising edge-triggered cell FDRE clocked by clk_fpga_0  {rise@0.000ns fall@5.000ns period=10.000ns})
  Destination:            system_i/axi_dma_0/U0/GEN_SG_ENGINE.I_SG_ENGINE/I_SG_AXI_DATAMOVER/GEN_S2MM_BASIC.I_S2MM_BASIC_WRAPPER/I_WR_DATA_CNTL/sig_push_to_wsc_reg/R
                            (rising edge-triggered cell FDRE clocked by clk_fpga_0  {rise@0.000ns fall@5.000ns period=10.000ns})
  Path Group:             clk_fpga_0
  Path Type:              Setup (Max at Slow Process Corner)
  Requirement:            10.000ns  (clk_fpga_0 rise@10.000ns - clk_fpga_0 rise@0.000ns)
  Data Path Delay:        8.415ns  (logic 1.946ns (23.126%)  route 6.469ns (76.874%))
  Logic Levels:           10  (LUT2=2 LUT3=2 LUT5=1 LUT6=5)
  Clock Path Skew:        -0.131ns (DCD - SCD + CPR)
    Destination Clock Delay (DCD):    2.231ns = ( 12.231 - 10.000 ) 
    Source Clock Delay      (SCD):    2.555ns
    Clock Pessimism Removal (CPR):    0.193ns
  Clock Uncertainty:      0.154ns  ((TSJ^2 + TIJ^2)^1/2 + DJ) / 2 + PE
    Total System Jitter     (TSJ):    0.071ns
    Total Input Jitter      (TIJ):    0.300ns
    Discrete Jitter          (DJ):    0.000ns
    Phase Error              (PE):    0.000ns

    Location             Delay type                Incr(ns)  Path(ns)    Netlist Resource(s)
  -------------------------------------------------------------------    -------------------
                         (clock clk_fpga_0 rise edge)
                                                      0.000     0.000 r  
    PS7_X0Y0             PS7                          0.000     0.000 r  system_i/processing_system7_0/inst/PS7_i/FCLKCLK[0]
                         net (fo=1, routed)           0.994     0.994    system_i/processing_system7_0/inst/FCLK_CLK_unbuffered[0]
    BUFGCTRL_X0Y16       BUFG (Prop_bufg_I_O)         0.085     1.079 r  system_i/processing_system7_0/inst/buffer_fclk_clk_0.FCLK_CLK_0_BUFG/O
                         net (fo=6193, routed)        1.476     2.555    system_i/axi_mem_intercon/s00_couplers/auto_us/inst/gen_upsizer.gen_full_upsizer.axi_upsizer_inst/USE_WRITE.gen_non_fifo_w_upsizer.write_data_inst/USE_RTL_LENGTH.length_counter_q_reg[0]_0
    SLICE_X25Y41         FDRE                                         r  system_i/axi_mem_intercon/s00_couplers/auto_us/inst/gen_upsizer.gen_full_upsizer.axi_upsizer_inst/USE_WRITE.gen_non_fifo_w_upsizer.write_data_inst/USE_REGISTER.M_AXI_WVALID_q_reg/C
  -------------------------------------------------------------------    -------------------
    SLICE_X25Y41         FDRE (Prop_fdre_C_Q)         0.379     2.934 f  system_i/axi_mem_intercon/s00_couplers/auto_us/inst/gen_upsizer.gen_full_upsizer.axi_upsizer_inst/USE_WRITE.gen_non_fifo_w_upsizer.write_data_inst/USE_REGISTER.M_AXI_WVALID_q_reg/Q
                         net (fo=25, routed)          1.201     4.135    system_i/axi_mem_intercon/xbar/inst/gen_samd.crossbar_samd/gen_master_slots[0].gen_mi_write.wdata_mux_w/gen_wmux.wmux_aw_fifo/gen_srls[0].gen_rep[1].srl_nx1/s_axi_wvalid[0]
    SLICE_X16Y38         LUT6 (Prop_lut6_I1_O)        0.105     4.240 f  system_i/axi_mem_intercon/xbar/inst/gen_samd.crossbar_samd/gen_master_slots[0].gen_mi_write.wdata_mux_w/gen_wmux.wmux_aw_fifo/gen_srls[0].gen_rep[1].srl_nx1/m_axi_wvalid[0]_INST_0_i_1/O
                         net (fo=1, routed)           0.264     4.504    system_i/axi_mem_intercon/xbar/inst/gen_samd.crossbar_samd/gen_master_slots[0].gen_mi_write.wdata_mux_w/gen_wmux.wmux_aw_fifo/gen_srls[0].gen_rep[1].srl_nx1/m_axi_wvalid[0]_INST_0_i_1_n_0
    SLICE_X16Y38         LUT6 (Prop_lut6_I0_O)        0.105     4.609 f  system_i/axi_mem_intercon/xbar/inst/gen_samd.crossbar_samd/gen_master_slots[0].gen_mi_write.wdata_mux_w/gen_wmux.wmux_aw_fifo/gen_srls[0].gen_rep[1].srl_nx1/m_axi_wvalid[0]_INST_0/O
                         net (fo=7, routed)           0.826     5.435    system_i/axi_mem_intercon/m00_couplers/auto_pc/inst/gen_axi4_axi3.axi3_conv_inst/USE_WRITE.write_addr_inst/USE_BURSTS.cmd_queue/inst/s_axi_wvalid
    SLICE_X14Y48         LUT3 (Prop_lut3_I0_O)        0.125     5.560 f  system_i/axi_mem_intercon/m00_couplers/auto_pc/inst/gen_axi4_axi3.axi3_conv_inst/USE_WRITE.write_addr_inst/USE_BURSTS.cmd_queue/inst/s_axi_wready_INST_0/O
                         net (fo=9, routed)           0.784     6.344    system_i/axi_mem_intercon/xbar/inst/gen_samd.crossbar_samd/gen_master_slots[0].gen_mi_write.wdata_mux_w/gen_wmux.wmux_aw_fifo/m_axi_wready[0]
    SLICE_X15Y38         LUT5 (Prop_lut5_I2_O)        0.264     6.608 f  system_i/axi_mem_intercon/xbar/inst/gen_samd.crossbar_samd/gen_master_slots[0].gen_mi_write.wdata_mux_w/gen_wmux.wmux_aw_fifo/s_axi_wready[0]_INST_0_i_2/O
                         net (fo=1, routed)           0.116     6.724    system_i/axi_mem_intercon/xbar/inst/gen_samd.crossbar_samd/gen_master_slots[1].gen_mi_write.wdata_mux_w/gen_wmux.wmux_aw_fifo/s_axi_wready[0]
    SLICE_X15Y38         LUT6 (Prop_lut6_I5_O)        0.105     6.829 f  system_i/axi_mem_intercon/xbar/inst/gen_samd.crossbar_samd/gen_master_slots[1].gen_mi_write.wdata_mux_w/gen_wmux.wmux_aw_fifo/s_axi_wready[0]_INST_0_i_1/O
                         net (fo=2, routed)           0.480     7.309    system_i/axi_mem_intercon/xbar/inst/gen_samd.crossbar_samd/gen_slave_slots[0].gen_si_write.wdata_router_w/wrouter_aw_fifo/m_aready0__0
    SLICE_X18Y39         LUT2 (Prop_lut2_I1_O)        0.106     7.415 f  system_i/axi_mem_intercon/xbar/inst/gen_samd.crossbar_samd/gen_slave_slots[0].gen_si_write.wdata_router_w/wrouter_aw_fifo/s_axi_wready[0]_INST_0/O
                         net (fo=22, routed)          0.778     8.194    system_i/axi_mem_intercon/s00_couplers/auto_us/inst/gen_upsizer.gen_full_upsizer.axi_upsizer_inst/USE_WRITE.write_addr_inst/GEN_CMD_QUEUE.cmd_queue/m_axi_wready
    SLICE_X25Y41         LUT3 (Prop_lut3_I1_O)        0.283     8.477 f  system_i/axi_mem_intercon/s00_couplers/auto_us/inst/gen_upsizer.gen_full_upsizer.axi_upsizer_inst/USE_WRITE.write_addr_inst/GEN_CMD_QUEUE.cmd_queue/s_axi_wready_INST_0/O
                         net (fo=2, routed)           0.966     9.443    system_i/axi_dma_0/U0/GEN_SG_ENGINE.I_SG_ENGINE/I_SG_AXI_DATAMOVER/GEN_S2MM_BASIC.I_S2MM_BASIC_WRAPPER/I_WR_DATA_CNTL/m_axi_sg_wready
    SLICE_X46Y37         LUT2 (Prop_lut2_I1_O)        0.105     9.548 r  system_i/axi_dma_0/U0/GEN_SG_ENGINE.I_SG_ENGINE/I_SG_AXI_DATAMOVER/GEN_S2MM_BASIC.I_S2MM_BASIC_WRAPPER/I_WR_DATA_CNTL/sig_dbeat_cntr[7]_i_4__0/O
                         net (fo=2, routed)           0.386     9.934    system_i/axi_dma_0/U0/GEN_SG_ENGINE.I_SG_ENGINE/I_SG_AXI_DATAMOVER/GEN_S2MM_BASIC.I_S2MM_BASIC_WRAPPER/I_WR_DATA_CNTL/sig_dbeat_cntr[7]_i_4__0_n_0
    SLICE_X46Y37         LUT6 (Prop_lut6_I1_O)        0.264    10.198 r  system_i/axi_dma_0/U0/GEN_SG_ENGINE.I_SG_ENGINE/I_SG_AXI_DATAMOVER/GEN_S2MM_BASIC.I_S2MM_BASIC_WRAPPER/I_WR_DATA_CNTL/sig_dqual_reg_full_i_3/O
                         net (fo=4, routed)           0.375    10.574    system_i/axi_dma_0/U0/GEN_SG_ENGINE.I_SG_ENGINE/I_SG_AXI_DATAMOVER/GEN_S2MM_BASIC.I_S2MM_BASIC_WRAPPER/I_WR_DATA_CNTL/sig_dqual_reg_full_i_3_n_0
    SLICE_X45Y37         LUT6 (Prop_lut6_I1_O)        0.105    10.679 r  system_i/axi_dma_0/U0/GEN_SG_ENGINE.I_SG_ENGINE/I_SG_AXI_DATAMOVER/GEN_S2MM_BASIC.I_S2MM_BASIC_WRAPPER/I_WR_DATA_CNTL/sig_push_to_wsc_i_1__0/O
                         net (fo=4, routed)           0.291    10.970    system_i/axi_dma_0/U0/GEN_SG_ENGINE.I_SG_ENGINE/I_SG_AXI_DATAMOVER/GEN_S2MM_BASIC.I_S2MM_BASIC_WRAPPER/I_WR_DATA_CNTL/sig_push_to_wsc0
    SLICE_X45Y37         FDRE                                         r  system_i/axi_dma_0/U0/GEN_SG_ENGINE.I_SG_ENGINE/I_SG_AXI_DATAMOVER/GEN_S2MM_BASIC.I_S2MM_BASIC_WRAPPER/I_WR_DATA_CNTL/sig_push_to_wsc_reg/R
  -------------------------------------------------------------------    -------------------

                         (clock clk_fpga_0 rise edge)
                                                     10.000    10.000 r  
    PS7_X0Y0             PS7                          0.000    10.000 r  system_i/processing_system7_0/inst/PS7_i/FCLKCLK[0]
                         net (fo=1, routed)           0.905    10.906    system_i/processing_system7_0/inst/FCLK_CLK_unbuffered[0]
    BUFGCTRL_X0Y16       BUFG (Prop_bufg_I_O)         0.077    10.983 r  system_i/processing_system7_0/inst/buffer_fclk_clk_0.FCLK_CLK_0_BUFG/O
                         net (fo=6193, routed)        1.249    12.231    system_i/axi_dma_0/U0/GEN_SG_ENGINE.I_SG_ENGINE/I_SG_AXI_DATAMOVER/GEN_S2MM_BASIC.I_S2MM_BASIC_WRAPPER/I_WR_DATA_CNTL/m_axi_sg_aclk
    SLICE_X45Y37         FDRE                                         r  system_i/axi_dma_0/U0/GEN_SG_ENGINE.I_SG_ENGINE/I_SG_AXI_DATAMOVER/GEN_S2MM_BASIC.I_S2MM_BASIC_WRAPPER/I_WR_DATA_CNTL/sig_push_to_wsc_reg/C
                         clock pessimism              0.193    12.424    
                         clock uncertainty           -0.154    12.270    
    SLICE_X45Y37         FDRE (Setup_fdre_C_R)       -0.352    11.918    system_i/axi_dma_0/U0/GEN_SG_ENGINE.I_SG_ENGINE/I_SG_AXI_DATAMOVER/GEN_S2MM_BASIC.I_S2MM_BASIC_WRAPPER/I_WR_DATA_CNTL/sig_push_to_wsc_reg
  -------------------------------------------------------------------
                         required time                         11.918    
                         arrival time                         -10.970    
  -------------------------------------------------------------------
                         slack                                  0.948    

Slack (MET) :             1.003ns  (required time - arrival time)
  Source:                 system_i/axi_mem_intercon/s00_couplers/auto_us/inst/gen_upsizer.gen_full_upsizer.axi_upsizer_inst/USE_WRITE.gen_non_fifo_w_upsizer.write_data_inst/USE_REGISTER.M_AXI_WVALID_q_reg/C
                            (rising edge-triggered cell FDRE clocked by clk_fpga_0  {rise@0.000ns fall@5.000ns period=10.000ns})
  Destination:            system_i/axi_dma_0/U0/GEN_SG_ENGINE.I_SG_ENGINE/I_SG_AXI_DATAMOVER/GEN_S2MM_BASIC.I_S2MM_BASIC_WRAPPER/I_WR_DATA_CNTL/sig_data2wsc_calc_err_reg/CE
                            (rising edge-triggered cell FDRE clocked by clk_fpga_0  {rise@0.000ns fall@5.000ns period=10.000ns})
  Path Group:             clk_fpga_0
  Path Type:              Setup (Max at Slow Process Corner)
  Requirement:            10.000ns  (clk_fpga_0 rise@10.000ns - clk_fpga_0 rise@0.000ns)
  Data Path Delay:        8.544ns  (logic 1.946ns (22.776%)  route 6.598ns (77.224%))
  Logic Levels:           10  (LUT2=2 LUT3=3 LUT5=1 LUT6=4)
  Clock Path Skew:        -0.131ns (DCD - SCD + CPR)
    Destination Clock Delay (DCD):    2.231ns = ( 12.231 - 10.000 ) 
    Source Clock Delay      (SCD):    2.555ns
    Clock Pessimism Removal (CPR):    0.193ns
  Clock Uncertainty:      0.154ns  ((TSJ^2 + TIJ^2)^1/2 + DJ) / 2 + PE
    Total System Jitter     (TSJ):    0.071ns
    Total Input Jitter      (TIJ):    0.300ns
    Discrete Jitter          (DJ):    0.000ns
    Phase Error              (PE):    0.000ns

    Location             Delay type                Incr(ns)  Path(ns)    Netlist Resource(s)
  -------------------------------------------------------------------    -------------------
                         (clock clk_fpga_0 rise edge)
                                                      0.000     0.000 r  
    PS7_X0Y0             PS7                          0.000     0.000 r  system_i/processing_system7_0/inst/PS7_i/FCLKCLK[0]
                         net (fo=1, routed)           0.994     0.994    system_i/processing_system7_0/inst/FCLK_CLK_unbuffered[0]
    BUFGCTRL_X0Y16       BUFG (Prop_bufg_I_O)         0.085     1.079 r  system_i/processing_system7_0/inst/buffer_fclk_clk_0.FCLK_CLK_0_BUFG/O
                         net (fo=6193, routed)        1.476     2.555    system_i/axi_mem_intercon/s00_couplers/auto_us/inst/gen_upsizer.gen_full_upsizer.axi_upsizer_inst/USE_WRITE.gen_non_fifo_w_upsizer.write_data_inst/USE_RTL_LENGTH.length_counter_q_reg[0]_0
    SLICE_X25Y41         FDRE                                         r  system_i/axi_mem_intercon/s00_couplers/auto_us/inst/gen_upsizer.gen_full_upsizer.axi_upsizer_inst/USE_WRITE.gen_non_fifo_w_upsizer.write_data_inst/USE_REGISTER.M_AXI_WVALID_q_reg/C
  -------------------------------------------------------------------    -------------------
    SLICE_X25Y41         FDRE (Prop_fdre_C_Q)         0.379     2.934 r  system_i/axi_mem_intercon/s00_couplers/auto_us/inst/gen_upsizer.gen_full_upsizer.axi_upsizer_inst/USE_WRITE.gen_non_fifo_w_upsizer.write_data_inst/USE_REGISTER.M_AXI_WVALID_q_reg/Q
                         net (fo=25, routed)          1.201     4.135    system_i/axi_mem_intercon/xbar/inst/gen_samd.crossbar_samd/gen_master_slots[0].gen_mi_write.wdata_mux_w/gen_wmux.wmux_aw_fifo/gen_srls[0].gen_rep[1].srl_nx1/s_axi_wvalid[0]
    SLICE_X16Y38         LUT6 (Prop_lut6_I1_O)        0.105     4.240 r  system_i/axi_mem_intercon/xbar/inst/gen_samd.crossbar_samd/gen_master_slots[0].gen_mi_write.wdata_mux_w/gen_wmux.wmux_aw_fifo/gen_srls[0].gen_rep[1].srl_nx1/m_axi_wvalid[0]_INST_0_i_1/O
                         net (fo=1, routed)           0.264     4.504    system_i/axi_mem_intercon/xbar/inst/gen_samd.crossbar_samd/gen_master_slots[0].gen_mi_write.wdata_mux_w/gen_wmux.wmux_aw_fifo/gen_srls[0].gen_rep[1].srl_nx1/m_axi_wvalid[0]_INST_0_i_1_n_0
    SLICE_X16Y38         LUT6 (Prop_lut6_I0_O)        0.105     4.609 r  system_i/axi_mem_intercon/xbar/inst/gen_samd.crossbar_samd/gen_master_slots[0].gen_mi_write.wdata_mux_w/gen_wmux.wmux_aw_fifo/gen_srls[0].gen_rep[1].srl_nx1/m_axi_wvalid[0]_INST_0/O
                         net (fo=7, routed)           0.826     5.435    system_i/axi_mem_intercon/m00_couplers/auto_pc/inst/gen_axi4_axi3.axi3_conv_inst/USE_WRITE.write_addr_inst/USE_BURSTS.cmd_queue/inst/s_axi_wvalid
    SLICE_X14Y48         LUT3 (Prop_lut3_I0_O)        0.125     5.560 r  system_i/axi_mem_intercon/m00_couplers/auto_pc/inst/gen_axi4_axi3.axi3_conv_inst/USE_WRITE.write_addr_inst/USE_BURSTS.cmd_queue/inst/s_axi_wready_INST_0/O
                         net (fo=9, routed)           0.784     6.344    system_i/axi_mem_intercon/xbar/inst/gen_samd.crossbar_samd/gen_master_slots[0].gen_mi_write.wdata_mux_w/gen_wmux.wmux_aw_fifo/m_axi_wready[0]
    SLICE_X15Y38         LUT5 (Prop_lut5_I2_O)        0.264     6.608 r  system_i/axi_mem_intercon/xbar/inst/gen_samd.crossbar_samd/gen_master_slots[0].gen_mi_write.wdata_mux_w/gen_wmux.wmux_aw_fifo/s_axi_wready[0]_INST_0_i_2/O
                         net (fo=1, routed)           0.116     6.724    system_i/axi_mem_intercon/xbar/inst/gen_samd.crossbar_samd/gen_master_slots[1].gen_mi_write.wdata_mux_w/gen_wmux.wmux_aw_fifo/s_axi_wready[0]
    SLICE_X15Y38         LUT6 (Prop_lut6_I5_O)        0.105     6.829 r  system_i/axi_mem_intercon/xbar/inst/gen_samd.crossbar_samd/gen_master_slots[1].gen_mi_write.wdata_mux_w/gen_wmux.wmux_aw_fifo/s_axi_wready[0]_INST_0_i_1/O
                         net (fo=2, routed)           0.480     7.309    system_i/axi_mem_intercon/xbar/inst/gen_samd.crossbar_samd/gen_slave_slots[0].gen_si_write.wdata_router_w/wrouter_aw_fifo/m_aready0__0
    SLICE_X18Y39         LUT2 (Prop_lut2_I1_O)        0.106     7.415 r  system_i/axi_mem_intercon/xbar/inst/gen_samd.crossbar_samd/gen_slave_slots[0].gen_si_write.wdata_router_w/wrouter_aw_fifo/s_axi_wready[0]_INST_0/O
                         net (fo=22, routed)          0.778     8.194    system_i/axi_mem_intercon/s00_couplers/auto_us/inst/gen_upsizer.gen_full_upsizer.axi_upsizer_inst/USE_WRITE.write_addr_inst/GEN_CMD_QUEUE.cmd_queue/m_axi_wready
    SLICE_X25Y41         LUT3 (Prop_lut3_I1_O)        0.283     8.477 r  system_i/axi_mem_intercon/s00_couplers/auto_us/inst/gen_upsizer.gen_full_upsizer.axi_upsizer_inst/USE_WRITE.write_addr_inst/GEN_CMD_QUEUE.cmd_queue/s_axi_wready_INST_0/O
                         net (fo=2, routed)           0.966     9.443    system_i/axi_dma_0/U0/GEN_SG_ENGINE.I_SG_ENGINE/I_SG_AXI_DATAMOVER/GEN_S2MM_BASIC.I_S2MM_BASIC_WRAPPER/I_WR_DATA_CNTL/m_axi_sg_wready
    SLICE_X46Y37         LUT2 (Prop_lut2_I1_O)        0.105     9.548 f  system_i/axi_dma_0/U0/GEN_SG_ENGINE.I_SG_ENGINE/I_SG_AXI_DATAMOVER/GEN_S2MM_BASIC.I_S2MM_BASIC_WRAPPER/I_WR_DATA_CNTL/sig_dbeat_cntr[7]_i_4__0/O
                         net (fo=2, routed)           0.386     9.934    system_i/axi_dma_0/U0/GEN_SG_ENGINE.I_SG_ENGINE/I_SG_AXI_DATAMOVER/GEN_S2MM_BASIC.I_S2MM_BASIC_WRAPPER/I_WR_DATA_CNTL/sig_dbeat_cntr[7]_i_4__0_n_0
    SLICE_X46Y37         LUT6 (Prop_lut6_I1_O)        0.264    10.198 f  system_i/axi_dma_0/U0/GEN_SG_ENGINE.I_SG_ENGINE/I_SG_AXI_DATAMOVER/GEN_S2MM_BASIC.I_S2MM_BASIC_WRAPPER/I_WR_DATA_CNTL/sig_dqual_reg_full_i_3/O
                         net (fo=4, routed)           0.367    10.565    system_i/axi_dma_0/U0/GEN_SG_ENGINE.I_SG_ENGINE/I_SG_AXI_DATAMOVER/GEN_S2MM_BASIC.I_S2MM_BASIC_WRAPPER/I_WR_DATA_CNTL/sig_dqual_reg_full_i_3_n_0
    SLICE_X45Y37         LUT3 (Prop_lut3_I0_O)        0.105    10.670 r  system_i/axi_dma_0/U0/GEN_SG_ENGINE.I_SG_ENGINE/I_SG_AXI_DATAMOVER/GEN_S2MM_BASIC.I_S2MM_BASIC_WRAPPER/I_WR_DATA_CNTL/sig_push_to_wsc_i_2/O
                         net (fo=4, routed)           0.429    11.099    system_i/axi_dma_0/U0/GEN_SG_ENGINE.I_SG_ENGINE/I_SG_AXI_DATAMOVER/GEN_S2MM_BASIC.I_S2MM_BASIC_WRAPPER/I_WR_DATA_CNTL/sig_push_to_wsc_i_2_n_0
    SLICE_X45Y37         FDRE                                         r  system_i/axi_dma_0/U0/GEN_SG_ENGINE.I_SG_ENGINE/I_SG_AXI_DATAMOVER/GEN_S2MM_BASIC.I_S2MM_BASIC_WRAPPER/I_WR_DATA_CNTL/sig_data2wsc_calc_err_reg/CE
  -------------------------------------------------------------------    -------------------

                         (clock clk_fpga_0 rise edge)
                                                     10.000    10.000 r  
    PS7_X0Y0             PS7                          0.000    10.000 r  system_i/processing_system7_0/inst/PS7_i/FCLKCLK[0]
                         net (fo=1, routed)           0.905    10.906    system_i/processing_system7_0/inst/FCLK_CLK_unbuffered[0]
    BUFGCTRL_X0Y16       BUFG (Prop_bufg_I_O)         0.077    10.983 r  system_i/processing_system7_0/inst/buffer_fclk_clk_0.FCLK_CLK_0_BUFG/O
                         net (fo=6193, routed)        1.249    12.231    system_i/axi_dma_0/U0/GEN_SG_ENGINE.I_SG_ENGINE/I_SG_AXI_DATAMOVER/GEN_S2MM_BASIC.I_S2MM_BASIC_WRAPPER/I_WR_DATA_CNTL/m_axi_sg_aclk
    SLICE_X45Y37         FDRE                                         r  system_i/axi_dma_0/U0/GEN_SG_ENGINE.I_SG_ENGINE/I_SG_AXI_DATAMOVER/GEN_S2MM_BASIC.I_S2MM_BASIC_WRAPPER/I_WR_DATA_CNTL/sig_data2wsc_calc_err_reg/C
                         clock pessimism              0.193    12.424    
                         clock uncertainty           -0.154    12.270    
    SLICE_X45Y37         FDRE (Setup_fdre_C_CE)      -0.168    12.102    system_i/axi_dma_0/U0/GEN_SG_ENGINE.I_SG_ENGINE/I_SG_AXI_DATAMOVER/GEN_S2MM_BASIC.I_S2MM_BASIC_WRAPPER/I_WR_DATA_CNTL/sig_data2wsc_calc_err_reg
  -------------------------------------------------------------------
                         required time                         12.102    
                         arrival time                         -11.099    
  -------------------------------------------------------------------
                         slack                                  1.003    

Slack (MET) :             1.003ns  (required time - arrival time)
  Source:                 system_i/axi_mem_intercon/s00_couplers/auto_us/inst/gen_upsizer.gen_full_upsizer.axi_upsizer_inst/USE_WRITE.gen_non_fifo_w_upsizer.write_data_inst/USE_REGISTER.M_AXI_WVALID_q_reg/C
                            (rising edge-triggered cell FDRE clocked by clk_fpga_0  {rise@0.000ns fall@5.000ns period=10.000ns})
  Destination:            system_i/axi_dma_0/U0/GEN_SG_ENGINE.I_SG_ENGINE/I_SG_AXI_DATAMOVER/GEN_S2MM_BASIC.I_S2MM_BASIC_WRAPPER/I_WR_DATA_CNTL/sig_data2wsc_cmd_cmplt_reg/CE
                            (rising edge-triggered cell FDRE clocked by clk_fpga_0  {rise@0.000ns fall@5.000ns period=10.000ns})
  Path Group:             clk_fpga_0
  Path Type:              Setup (Max at Slow Process Corner)
  Requirement:            10.000ns  (clk_fpga_0 rise@10.000ns - clk_fpga_0 rise@0.000ns)
  Data Path Delay:        8.544ns  (logic 1.946ns (22.776%)  route 6.598ns (77.224%))
  Logic Levels:           10  (LUT2=2 LUT3=3 LUT5=1 LUT6=4)
  Clock Path Skew:        -0.131ns (DCD - SCD + CPR)
    Destination Clock Delay (DCD):    2.231ns = ( 12.231 - 10.000 ) 
    Source Clock Delay      (SCD):    2.555ns
    Clock Pessimism Removal (CPR):    0.193ns
  Clock Uncertainty:      0.154ns  ((TSJ^2 + TIJ^2)^1/2 + DJ) / 2 + PE
    Total System Jitter     (TSJ):    0.071ns
    Total Input Jitter      (TIJ):    0.300ns
    Discrete Jitter          (DJ):    0.000ns
    Phase Error              (PE):    0.000ns

    Location             Delay type                Incr(ns)  Path(ns)    Netlist Resource(s)
  -------------------------------------------------------------------    -------------------
                         (clock clk_fpga_0 rise edge)
                                                      0.000     0.000 r  
    PS7_X0Y0             PS7                          0.000     0.000 r  system_i/processing_system7_0/inst/PS7_i/FCLKCLK[0]
                         net (fo=1, routed)           0.994     0.994    system_i/processing_system7_0/inst/FCLK_CLK_unbuffered[0]
    BUFGCTRL_X0Y16       BUFG (Prop_bufg_I_O)         0.085     1.079 r  system_i/processing_system7_0/inst/buffer_fclk_clk_0.FCLK_CLK_0_BUFG/O
                         net (fo=6193, routed)        1.476     2.555    system_i/axi_mem_intercon/s00_couplers/auto_us/inst/gen_upsizer.gen_full_upsizer.axi_upsizer_inst/USE_WRITE.gen_non_fifo_w_upsizer.write_data_inst/USE_RTL_LENGTH.length_counter_q_reg[0]_0
    SLICE_X25Y41         FDRE                                         r  system_i/axi_mem_intercon/s00_couplers/auto_us/inst/gen_upsizer.gen_full_upsizer.axi_upsizer_inst/USE_WRITE.gen_non_fifo_w_upsizer.write_data_inst/USE_REGISTER.M_AXI_WVALID_q_reg/C
  -------------------------------------------------------------------    -------------------
    SLICE_X25Y41         FDRE (Prop_fdre_C_Q)         0.379     2.934 r  system_i/axi_mem_intercon/s00_couplers/auto_us/inst/gen_upsizer.gen_full_upsizer.axi_upsizer_inst/USE_WRITE.gen_non_fifo_w_upsizer.write_data_inst/USE_REGISTER.M_AXI_WVALID_q_reg/Q
                         net (fo=25, routed)          1.201     4.135    system_i/axi_mem_intercon/xbar/inst/gen_samd.crossbar_samd/gen_master_slots[0].gen_mi_write.wdata_mux_w/gen_wmux.wmux_aw_fifo/gen_srls[0].gen_rep[1].srl_nx1/s_axi_wvalid[0]
    SLICE_X16Y38         LUT6 (Prop_lut6_I1_O)        0.105     4.240 r  system_i/axi_mem_intercon/xbar/inst/gen_samd.crossbar_samd/gen_master_slots[0].gen_mi_write.wdata_mux_w/gen_wmux.wmux_aw_fifo/gen_srls[0].gen_rep[1].srl_nx1/m_axi_wvalid[0]_INST_0_i_1/O
                         net (fo=1, routed)           0.264     4.504    system_i/axi_mem_intercon/xbar/inst/gen_samd.crossbar_samd/gen_master_slots[0].gen_mi_write.wdata_mux_w/gen_wmux.wmux_aw_fifo/gen_srls[0].gen_rep[1].srl_nx1/m_axi_wvalid[0]_INST_0_i_1_n_0
    SLICE_X16Y38         LUT6 (Prop_lut6_I0_O)        0.105     4.609 r  system_i/axi_mem_intercon/xbar/inst/gen_samd.crossbar_samd/gen_master_slots[0].gen_mi_write.wdata_mux_w/gen_wmux.wmux_aw_fifo/gen_srls[0].gen_rep[1].srl_nx1/m_axi_wvalid[0]_INST_0/O
                         net (fo=7, routed)           0.826     5.435    system_i/axi_mem_intercon/m00_couplers/auto_pc/inst/gen_axi4_axi3.axi3_conv_inst/USE_WRITE.write_addr_inst/USE_BURSTS.cmd_queue/inst/s_axi_wvalid
    SLICE_X14Y48         LUT3 (Prop_lut3_I0_O)        0.125     5.560 r  system_i/axi_mem_intercon/m00_couplers/auto_pc/inst/gen_axi4_axi3.axi3_conv_inst/USE_WRITE.write_addr_inst/USE_BURSTS.cmd_queue/inst/s_axi_wready_INST_0/O
                         net (fo=9, routed)           0.784     6.344    system_i/axi_mem_intercon/xbar/inst/gen_samd.crossbar_samd/gen_master_slots[0].gen_mi_write.wdata_mux_w/gen_wmux.wmux_aw_fifo/m_axi_wready[0]
    SLICE_X15Y38         LUT5 (Prop_lut5_I2_O)        0.264     6.608 r  system_i/axi_mem_intercon/xbar/inst/gen_samd.crossbar_samd/gen_master_slots[0].gen_mi_write.wdata_mux_w/gen_wmux.wmux_aw_fifo/s_axi_wready[0]_INST_0_i_2/O
                         net (fo=1, routed)           0.116     6.724    system_i/axi_mem_intercon/xbar/inst/gen_samd.crossbar_samd/gen_master_slots[1].gen_mi_write.wdata_mux_w/gen_wmux.wmux_aw_fifo/s_axi_wready[0]
    SLICE_X15Y38         LUT6 (Prop_lut6_I5_O)        0.105     6.829 r  system_i/axi_mem_intercon/xbar/inst/gen_samd.crossbar_samd/gen_master_slots[1].gen_mi_write.wdata_mux_w/gen_wmux.wmux_aw_fifo/s_axi_wready[0]_INST_0_i_1/O
                         net (fo=2, routed)           0.480     7.309    system_i/axi_mem_intercon/xbar/inst/gen_samd.crossbar_samd/gen_slave_slots[0].gen_si_write.wdata_router_w/wrouter_aw_fifo/m_aready0__0
    SLICE_X18Y39         LUT2 (Prop_lut2_I1_O)        0.106     7.415 r  system_i/axi_mem_intercon/xbar/inst/gen_samd.crossbar_samd/gen_slave_slots[0].gen_si_write.wdata_router_w/wrouter_aw_fifo/s_axi_wready[0]_INST_0/O
                         net (fo=22, routed)          0.778     8.194    system_i/axi_mem_intercon/s00_couplers/auto_us/inst/gen_upsizer.gen_full_upsizer.axi_upsizer_inst/USE_WRITE.write_addr_inst/GEN_CMD_QUEUE.cmd_queue/m_axi_wready
    SLICE_X25Y41         LUT3 (Prop_lut3_I1_O)        0.283     8.477 r  system_i/axi_mem_intercon/s00_couplers/auto_us/inst/gen_upsizer.gen_full_upsizer.axi_upsizer_inst/USE_WRITE.write_addr_inst/GEN_CMD_QUEUE.cmd_queue/s_axi_wready_INST_0/O
                         net (fo=2, routed)           0.966     9.443    system_i/axi_dma_0/U0/GEN_SG_ENGINE.I_SG_ENGINE/I_SG_AXI_DATAMOVER/GEN_S2MM_BASIC.I_S2MM_BASIC_WRAPPER/I_WR_DATA_CNTL/m_axi_sg_wready
    SLICE_X46Y37         LUT2 (Prop_lut2_I1_O)        0.105     9.548 f  system_i/axi_dma_0/U0/GEN_SG_ENGINE.I_SG_ENGINE/I_SG_AXI_DATAMOVER/GEN_S2MM_BASIC.I_S2MM_BASIC_WRAPPER/I_WR_DATA_CNTL/sig_dbeat_cntr[7]_i_4__0/O
                         net (fo=2, routed)           0.386     9.934    system_i/axi_dma_0/U0/GEN_SG_ENGINE.I_SG_ENGINE/I_SG_AXI_DATAMOVER/GEN_S2MM_BASIC.I_S2MM_BASIC_WRAPPER/I_WR_DATA_CNTL/sig_dbeat_cntr[7]_i_4__0_n_0
    SLICE_X46Y37         LUT6 (Prop_lut6_I1_O)        0.264    10.198 f  system_i/axi_dma_0/U0/GEN_SG_ENGINE.I_SG_ENGINE/I_SG_AXI_DATAMOVER/GEN_S2MM_BASIC.I_S2MM_BASIC_WRAPPER/I_WR_DATA_CNTL/sig_dqual_reg_full_i_3/O
                         net (fo=4, routed)           0.367    10.565    system_i/axi_dma_0/U0/GEN_SG_ENGINE.I_SG_ENGINE/I_SG_AXI_DATAMOVER/GEN_S2MM_BASIC.I_S2MM_BASIC_WRAPPER/I_WR_DATA_CNTL/sig_dqual_reg_full_i_3_n_0
    SLICE_X45Y37         LUT3 (Prop_lut3_I0_O)        0.105    10.670 r  system_i/axi_dma_0/U0/GEN_SG_ENGINE.I_SG_ENGINE/I_SG_AXI_DATAMOVER/GEN_S2MM_BASIC.I_S2MM_BASIC_WRAPPER/I_WR_DATA_CNTL/sig_push_to_wsc_i_2/O
                         net (fo=4, routed)           0.429    11.099    system_i/axi_dma_0/U0/GEN_SG_ENGINE.I_SG_ENGINE/I_SG_AXI_DATAMOVER/GEN_S2MM_BASIC.I_S2MM_BASIC_WRAPPER/I_WR_DATA_CNTL/sig_push_to_wsc_i_2_n_0
    SLICE_X45Y37         FDRE                                         r  system_i/axi_dma_0/U0/GEN_SG_ENGINE.I_SG_ENGINE/I_SG_AXI_DATAMOVER/GEN_S2MM_BASIC.I_S2MM_BASIC_WRAPPER/I_WR_DATA_CNTL/sig_data2wsc_cmd_cmplt_reg/CE
  -------------------------------------------------------------------    -------------------

                         (clock clk_fpga_0 rise edge)
                                                     10.000    10.000 r  
    PS7_X0Y0             PS7                          0.000    10.000 r  system_i/processing_system7_0/inst/PS7_i/FCLKCLK[0]
                         net (fo=1, routed)           0.905    10.906    system_i/processing_system7_0/inst/FCLK_CLK_unbuffered[0]
    BUFGCTRL_X0Y16       BUFG (Prop_bufg_I_O)         0.077    10.983 r  system_i/processing_system7_0/inst/buffer_fclk_clk_0.FCLK_CLK_0_BUFG/O
                         net (fo=6193, routed)        1.249    12.231    system_i/axi_dma_0/U0/GEN_SG_ENGINE.I_SG_ENGINE/I_SG_AXI_DATAMOVER/GEN_S2MM_BASIC.I_S2MM_BASIC_WRAPPER/I_WR_DATA_CNTL/m_axi_sg_aclk
    SLICE_X45Y37         FDRE                                         r  system_i/axi_dma_0/U0/GEN_SG_ENGINE.I_SG_ENGINE/I_SG_AXI_DATAMOVER/GEN_S2MM_BASIC.I_S2MM_BASIC_WRAPPER/I_WR_DATA_CNTL/sig_data2wsc_cmd_cmplt_reg/C
                         clock pessimism              0.193    12.424    
                         clock uncertainty           -0.154    12.270    
    SLICE_X45Y37         FDRE (Setup_fdre_C_CE)      -0.168    12.102    system_i/axi_dma_0/U0/GEN_SG_ENGINE.I_SG_ENGINE/I_SG_AXI_DATAMOVER/GEN_S2MM_BASIC.I_S2MM_BASIC_WRAPPER/I_WR_DATA_CNTL/sig_data2wsc_cmd_cmplt_reg
  -------------------------------------------------------------------
                         required time                         12.102    
                         arrival time                         -11.099    
  -------------------------------------------------------------------
                         slack                                  1.003    

Slack (MET) :             1.003ns  (required time - arrival time)
  Source:                 system_i/axi_mem_intercon/s00_couplers/auto_us/inst/gen_upsizer.gen_full_upsizer.axi_upsizer_inst/USE_WRITE.gen_non_fifo_w_upsizer.write_data_inst/USE_REGISTER.M_AXI_WVALID_q_reg/C
                            (rising edge-triggered cell FDRE clocked by clk_fpga_0  {rise@0.000ns fall@5.000ns period=10.000ns})
  Destination:            system_i/axi_dma_0/U0/GEN_SG_ENGINE.I_SG_ENGINE/I_SG_AXI_DATAMOVER/GEN_S2MM_BASIC.I_S2MM_BASIC_WRAPPER/I_WR_DATA_CNTL/sig_data2wsc_last_err_reg/CE
                            (rising edge-triggered cell FDRE clocked by clk_fpga_0  {rise@0.000ns fall@5.000ns period=10.000ns})
  Path Group:             clk_fpga_0
  Path Type:              Setup (Max at Slow Process Corner)
  Requirement:            10.000ns  (clk_fpga_0 rise@10.000ns - clk_fpga_0 rise@0.000ns)
  Data Path Delay:        8.544ns  (logic 1.946ns (22.776%)  route 6.598ns (77.224%))
  Logic Levels:           10  (LUT2=2 LUT3=3 LUT5=1 LUT6=4)
  Clock Path Skew:        -0.131ns (DCD - SCD + CPR)
    Destination Clock Delay (DCD):    2.231ns = ( 12.231 - 10.000 ) 
    Source Clock Delay      (SCD):    2.555ns
    Clock Pessimism Removal (CPR):    0.193ns
  Clock Uncertainty:      0.154ns  ((TSJ^2 + TIJ^2)^1/2 + DJ) / 2 + PE
    Total System Jitter     (TSJ):    0.071ns
    Total Input Jitter      (TIJ):    0.300ns
    Discrete Jitter          (DJ):    0.000ns
    Phase Error              (PE):    0.000ns

    Location             Delay type                Incr(ns)  Path(ns)    Netlist Resource(s)
  -------------------------------------------------------------------    -------------------
                         (clock clk_fpga_0 rise edge)
                                                      0.000     0.000 r  
    PS7_X0Y0             PS7                          0.000     0.000 r  system_i/processing_system7_0/inst/PS7_i/FCLKCLK[0]
                         net (fo=1, routed)           0.994     0.994    system_i/processing_system7_0/inst/FCLK_CLK_unbuffered[0]
    BUFGCTRL_X0Y16       BUFG (Prop_bufg_I_O)         0.085     1.079 r  system_i/processing_system7_0/inst/buffer_fclk_clk_0.FCLK_CLK_0_BUFG/O
                         net (fo=6193, routed)        1.476     2.555    system_i/axi_mem_intercon/s00_couplers/auto_us/inst/gen_upsizer.gen_full_upsizer.axi_upsizer_inst/USE_WRITE.gen_non_fifo_w_upsizer.write_data_inst/USE_RTL_LENGTH.length_counter_q_reg[0]_0
    SLICE_X25Y41         FDRE                                         r  system_i/axi_mem_intercon/s00_couplers/auto_us/inst/gen_upsizer.gen_full_upsizer.axi_upsizer_inst/USE_WRITE.gen_non_fifo_w_upsizer.write_data_inst/USE_REGISTER.M_AXI_WVALID_q_reg/C
  -------------------------------------------------------------------    -------------------
    SLICE_X25Y41         FDRE (Prop_fdre_C_Q)         0.379     2.934 r  system_i/axi_mem_intercon/s00_couplers/auto_us/inst/gen_upsizer.gen_full_upsizer.axi_upsizer_inst/USE_WRITE.gen_non_fifo_w_upsizer.write_data_inst/USE_REGISTER.M_AXI_WVALID_q_reg/Q
                         net (fo=25, routed)          1.201     4.135    system_i/axi_mem_intercon/xbar/inst/gen_samd.crossbar_samd/gen_master_slots[0].gen_mi_write.wdata_mux_w/gen_wmux.wmux_aw_fifo/gen_srls[0].gen_rep[1].srl_nx1/s_axi_wvalid[0]
    SLICE_X16Y38         LUT6 (Prop_lut6_I1_O)        0.105     4.240 r  system_i/axi_mem_intercon/xbar/inst/gen_samd.crossbar_samd/gen_master_slots[0].gen_mi_write.wdata_mux_w/gen_wmux.wmux_aw_fifo/gen_srls[0].gen_rep[1].srl_nx1/m_axi_wvalid[0]_INST_0_i_1/O
                         net (fo=1, routed)           0.264     4.504    system_i/axi_mem_intercon/xbar/inst/gen_samd.crossbar_samd/gen_master_slots[0].gen_mi_write.wdata_mux_w/gen_wmux.wmux_aw_fifo/gen_srls[0].gen_rep[1].srl_nx1/m_axi_wvalid[0]_INST_0_i_1_n_0
    SLICE_X16Y38         LUT6 (Prop_lut6_I0_O)        0.105     4.609 r  system_i/axi_mem_intercon/xbar/inst/gen_samd.crossbar_samd/gen_master_slots[0].gen_mi_write.wdata_mux_w/gen_wmux.wmux_aw_fifo/gen_srls[0].gen_rep[1].srl_nx1/m_axi_wvalid[0]_INST_0/O
                         net (fo=7, routed)           0.826     5.435    system_i/axi_mem_intercon/m00_couplers/auto_pc/inst/gen_axi4_axi3.axi3_conv_inst/USE_WRITE.write_addr_inst/USE_BURSTS.cmd_queue/inst/s_axi_wvalid
    SLICE_X14Y48         LUT3 (Prop_lut3_I0_O)        0.125     5.560 r  system_i/axi_mem_intercon/m00_couplers/auto_pc/inst/gen_axi4_axi3.axi3_conv_inst/USE_WRITE.write_addr_inst/USE_BURSTS.cmd_queue/inst/s_axi_wready_INST_0/O
                         net (fo=9, routed)           0.784     6.344    system_i/axi_mem_intercon/xbar/inst/gen_samd.crossbar_samd/gen_master_slots[0].gen_mi_write.wdata_mux_w/gen_wmux.wmux_aw_fifo/m_axi_wready[0]
    SLICE_X15Y38         LUT5 (Prop_lut5_I2_O)        0.264     6.608 r  system_i/axi_mem_intercon/xbar/inst/gen_samd.crossbar_samd/gen_master_slots[0].gen_mi_write.wdata_mux_w/gen_wmux.wmux_aw_fifo/s_axi_wready[0]_INST_0_i_2/O
                         net (fo=1, routed)           0.116     6.724    system_i/axi_mem_intercon/xbar/inst/gen_samd.crossbar_samd/gen_master_slots[1].gen_mi_write.wdata_mux_w/gen_wmux.wmux_aw_fifo/s_axi_wready[0]
    SLICE_X15Y38         LUT6 (Prop_lut6_I5_O)        0.105     6.829 r  system_i/axi_mem_intercon/xbar/inst/gen_samd.crossbar_samd/gen_master_slots[1].gen_mi_write.wdata_mux_w/gen_wmux.wmux_aw_fifo/s_axi_wready[0]_INST_0_i_1/O
                         net (fo=2, routed)           0.480     7.309    system_i/axi_mem_intercon/xbar/inst/gen_samd.crossbar_samd/gen_slave_slots[0].gen_si_write.wdata_router_w/wrouter_aw_fifo/m_aready0__0
    SLICE_X18Y39         LUT2 (Prop_lut2_I1_O)        0.106     7.415 r  system_i/axi_mem_intercon/xbar/inst/gen_samd.crossbar_samd/gen_slave_slots[0].gen_si_write.wdata_router_w/wrouter_aw_fifo/s_axi_wready[0]_INST_0/O
                         net (fo=22, routed)          0.778     8.194    system_i/axi_mem_intercon/s00_couplers/auto_us/inst/gen_upsizer.gen_full_upsizer.axi_upsizer_inst/USE_WRITE.write_addr_inst/GEN_CMD_QUEUE.cmd_queue/m_axi_wready
    SLICE_X25Y41         LUT3 (Prop_lut3_I1_O)        0.283     8.477 r  system_i/axi_mem_intercon/s00_couplers/auto_us/inst/gen_upsizer.gen_full_upsizer.axi_upsizer_inst/USE_WRITE.write_addr_inst/GEN_CMD_QUEUE.cmd_queue/s_axi_wready_INST_0/O
                         net (fo=2, routed)           0.966     9.443    system_i/axi_dma_0/U0/GEN_SG_ENGINE.I_SG_ENGINE/I_SG_AXI_DATAMOVER/GEN_S2MM_BASIC.I_S2MM_BASIC_WRAPPER/I_WR_DATA_CNTL/m_axi_sg_wready
    SLICE_X46Y37         LUT2 (Prop_lut2_I1_O)        0.105     9.548 f  system_i/axi_dma_0/U0/GEN_SG_ENGINE.I_SG_ENGINE/I_SG_AXI_DATAMOVER/GEN_S2MM_BASIC.I_S2MM_BASIC_WRAPPER/I_WR_DATA_CNTL/sig_dbeat_cntr[7]_i_4__0/O
                         net (fo=2, routed)           0.386     9.934    system_i/axi_dma_0/U0/GEN_SG_ENGINE.I_SG_ENGINE/I_SG_AXI_DATAMOVER/GEN_S2MM_BASIC.I_S2MM_BASIC_WRAPPER/I_WR_DATA_CNTL/sig_dbeat_cntr[7]_i_4__0_n_0
    SLICE_X46Y37         LUT6 (Prop_lut6_I1_O)        0.264    10.198 f  system_i/axi_dma_0/U0/GEN_SG_ENGINE.I_SG_ENGINE/I_SG_AXI_DATAMOVER/GEN_S2MM_BASIC.I_S2MM_BASIC_WRAPPER/I_WR_DATA_CNTL/sig_dqual_reg_full_i_3/O
                         net (fo=4, routed)           0.367    10.565    system_i/axi_dma_0/U0/GEN_SG_ENGINE.I_SG_ENGINE/I_SG_AXI_DATAMOVER/GEN_S2MM_BASIC.I_S2MM_BASIC_WRAPPER/I_WR_DATA_CNTL/sig_dqual_reg_full_i_3_n_0
    SLICE_X45Y37         LUT3 (Prop_lut3_I0_O)        0.105    10.670 r  system_i/axi_dma_0/U0/GEN_SG_ENGINE.I_SG_ENGINE/I_SG_AXI_DATAMOVER/GEN_S2MM_BASIC.I_S2MM_BASIC_WRAPPER/I_WR_DATA_CNTL/sig_push_to_wsc_i_2/O
                         net (fo=4, routed)           0.429    11.099    system_i/axi_dma_0/U0/GEN_SG_ENGINE.I_SG_ENGINE/I_SG_AXI_DATAMOVER/GEN_S2MM_BASIC.I_S2MM_BASIC_WRAPPER/I_WR_DATA_CNTL/sig_push_to_wsc_i_2_n_0
    SLICE_X45Y37         FDRE                                         r  system_i/axi_dma_0/U0/GEN_SG_ENGINE.I_SG_ENGINE/I_SG_AXI_DATAMOVER/GEN_S2MM_BASIC.I_S2MM_BASIC_WRAPPER/I_WR_DATA_CNTL/sig_data2wsc_last_err_reg/CE
  -------------------------------------------------------------------    -------------------

                         (clock clk_fpga_0 rise edge)
                                                     10.000    10.000 r  
    PS7_X0Y0             PS7                          0.000    10.000 r  system_i/processing_system7_0/inst/PS7_i/FCLKCLK[0]
                         net (fo=1, routed)           0.905    10.906    system_i/processing_system7_0/inst/FCLK_CLK_unbuffered[0]
    BUFGCTRL_X0Y16       BUFG (Prop_bufg_I_O)         0.077    10.983 r  system_i/processing_system7_0/inst/buffer_fclk_clk_0.FCLK_CLK_0_BUFG/O
                         net (fo=6193, routed)        1.249    12.231    system_i/axi_dma_0/U0/GEN_SG_ENGINE.I_SG_ENGINE/I_SG_AXI_DATAMOVER/GEN_S2MM_BASIC.I_S2MM_BASIC_WRAPPER/I_WR_DATA_CNTL/m_axi_sg_aclk
    SLICE_X45Y37         FDRE                                         r  system_i/axi_dma_0/U0/GEN_SG_ENGINE.I_SG_ENGINE/I_SG_AXI_DATAMOVER/GEN_S2MM_BASIC.I_S2MM_BASIC_WRAPPER/I_WR_DATA_CNTL/sig_data2wsc_last_err_reg/C
                         clock pessimism              0.193    12.424    
                         clock uncertainty           -0.154    12.270    
    SLICE_X45Y37         FDRE (Setup_fdre_C_CE)      -0.168    12.102    system_i/axi_dma_0/U0/GEN_SG_ENGINE.I_SG_ENGINE/I_SG_AXI_DATAMOVER/GEN_S2MM_BASIC.I_S2MM_BASIC_WRAPPER/I_WR_DATA_CNTL/sig_data2wsc_last_err_reg
  -------------------------------------------------------------------
                         required time                         12.102    
                         arrival time                         -11.099    
  -------------------------------------------------------------------
                         slack                                  1.003    





Min Delay Paths
--------------------------------------------------------------------------------------
Slack (MET) :             0.053ns  (arrival time - required time)
  Source:                 system_i/ps7_0_axi_periph/s00_couplers/auto_pc/inst/gen_axilite.gen_b2s_conv.axilite_b2s/WR.aw_channel_0/s_awid_r_reg[7]/C
                            (rising edge-triggered cell FDRE clocked by clk_fpga_0  {rise@0.000ns fall@5.000ns period=10.000ns})
  Destination:            system_i/ps7_0_axi_periph/s00_couplers/auto_pc/inst/gen_axilite.gen_b2s_conv.axilite_b2s/WR.b_channel_0/bid_fifo_0/memory_reg[3][15]_srl4/D
                            (rising edge-triggered cell SRL16E clocked by clk_fpga_0  {rise@0.000ns fall@5.000ns period=10.000ns})
  Path Group:             clk_fpga_0
  Path Type:              Hold (Min at Fast Process Corner)
  Requirement:            0.000ns  (clk_fpga_0 rise@0.000ns - clk_fpga_0 rise@0.000ns)
  Data Path Delay:        0.249ns  (logic 0.141ns (56.528%)  route 0.108ns (43.472%))
  Logic Levels:           0  
  Clock Path Skew:        0.013ns (DCD - SCD - CPR)
    Destination Clock Delay (DCD):    1.296ns
    Source Clock Delay      (SCD):    0.992ns
    Clock Pessimism Removal (CPR):    0.291ns

    Location             Delay type                Incr(ns)  Path(ns)    Netlist Resource(s)
  -------------------------------------------------------------------    -------------------
                         (clock clk_fpga_0 rise edge)
                                                      0.000     0.000 r  
    PS7_X0Y0             PS7                          0.000     0.000 r  system_i/processing_system7_0/inst/PS7_i/FCLKCLK[0]
                         net (fo=1, routed)           0.310     0.310    system_i/processing_system7_0/inst/FCLK_CLK_unbuffered[0]
    BUFGCTRL_X0Y16       BUFG (Prop_bufg_I_O)         0.026     0.336 r  system_i/processing_system7_0/inst/buffer_fclk_clk_0.FCLK_CLK_0_BUFG/O
                         net (fo=6193, routed)        0.656     0.992    system_i/ps7_0_axi_periph/s00_couplers/auto_pc/inst/gen_axilite.gen_b2s_conv.axilite_b2s/WR.aw_channel_0/aclk
    SLICE_X27Y100        FDRE                                         r  system_i/ps7_0_axi_periph/s00_couplers/auto_pc/inst/gen_axilite.gen_b2s_conv.axilite_b2s/WR.aw_channel_0/s_awid_r_reg[7]/C
  -------------------------------------------------------------------    -------------------
    SLICE_X27Y100        FDRE (Prop_fdre_C_Q)         0.141     1.133 r  system_i/ps7_0_axi_periph/s00_couplers/auto_pc/inst/gen_axilite.gen_b2s_conv.axilite_b2s/WR.aw_channel_0/s_awid_r_reg[7]/Q
                         net (fo=1, routed)           0.108     1.241    system_i/ps7_0_axi_periph/s00_couplers/auto_pc/inst/gen_axilite.gen_b2s_conv.axilite_b2s/WR.b_channel_0/bid_fifo_0/in[11]
    SLICE_X26Y100        SRL16E                                       r  system_i/ps7_0_axi_periph/s00_couplers/auto_pc/inst/gen_axilite.gen_b2s_conv.axilite_b2s/WR.b_channel_0/bid_fifo_0/memory_reg[3][15]_srl4/D
  -------------------------------------------------------------------    -------------------

                         (clock clk_fpga_0 rise edge)
                                                      0.000     0.000 r  
    PS7_X0Y0             PS7                          0.000     0.000 r  system_i/processing_system7_0/inst/PS7_i/FCLKCLK[0]
                         net (fo=1, routed)           0.337     0.337    system_i/processing_system7_0/inst/FCLK_CLK_unbuffered[0]
    BUFGCTRL_X0Y16       BUFG (Prop_bufg_I_O)         0.029     0.366 r  system_i/processing_system7_0/inst/buffer_fclk_clk_0.FCLK_CLK_0_BUFG/O
                         net (fo=6193, routed)        0.930     1.296    system_i/ps7_0_axi_periph/s00_couplers/auto_pc/inst/gen_axilite.gen_b2s_conv.axilite_b2s/WR.b_channel_0/bid_fifo_0/aclk
    SLICE_X26Y100        SRL16E                                       r  system_i/ps7_0_axi_periph/s00_couplers/auto_pc/inst/gen_axilite.gen_b2s_conv.axilite_b2s/WR.b_channel_0/bid_fifo_0/memory_reg[3][15]_srl4/CLK
                         clock pessimism             -0.291     1.005    
    SLICE_X26Y100        SRL16E (Hold_srl16e_CLK_D)
                                                      0.183     1.188    system_i/ps7_0_axi_periph/s00_couplers/auto_pc/inst/gen_axilite.gen_b2s_conv.axilite_b2s/WR.b_channel_0/bid_fifo_0/memory_reg[3][15]_srl4
  -------------------------------------------------------------------
                         required time                         -1.188    
                         arrival time                           1.241    
  -------------------------------------------------------------------
                         slack                                  0.053    

Slack (MET) :             0.053ns  (arrival time - required time)
  Source:                 system_i/ps7_0_axi_periph/xbar/inst/gen_sasd.crossbar_sasd_0/reg_slice_r/m_payload_i_reg[9]/C
                            (rising edge-triggered cell FDRE clocked by clk_fpga_0  {rise@0.000ns fall@5.000ns period=10.000ns})
  Destination:            system_i/ps7_0_axi_periph/s00_couplers/auto_pc/inst/gen_axilite.gen_b2s_conv.axilite_b2s/RD.r_channel_0/rd_data_fifo_0/memory_reg[31][6]_srl32/D
                            (rising edge-triggered cell SRLC32E clocked by clk_fpga_0  {rise@0.000ns fall@5.000ns period=10.000ns})
  Path Group:             clk_fpga_0
  Path Type:              Hold (Min at Fast Process Corner)
  Requirement:            0.000ns  (clk_fpga_0 rise@0.000ns - clk_fpga_0 rise@0.000ns)
  Data Path Delay:        0.249ns  (logic 0.141ns (56.528%)  route 0.108ns (43.472%))
  Logic Levels:           0  
  Clock Path Skew:        0.013ns (DCD - SCD - CPR)
    Destination Clock Delay (DCD):    1.199ns
    Source Clock Delay      (SCD):    0.901ns
    Clock Pessimism Removal (CPR):    0.285ns

    Location             Delay type                Incr(ns)  Path(ns)    Netlist Resource(s)
  -------------------------------------------------------------------    -------------------
                         (clock clk_fpga_0 rise edge)
                                                      0.000     0.000 r  
    PS7_X0Y0             PS7                          0.000     0.000 r  system_i/processing_system7_0/inst/PS7_i/FCLKCLK[0]
                         net (fo=1, routed)           0.310     0.310    system_i/processing_system7_0/inst/FCLK_CLK_unbuffered[0]
    BUFGCTRL_X0Y16       BUFG (Prop_bufg_I_O)         0.026     0.336 r  system_i/processing_system7_0/inst/buffer_fclk_clk_0.FCLK_CLK_0_BUFG/O
                         net (fo=6193, routed)        0.565     0.901    system_i/ps7_0_axi_periph/xbar/inst/gen_sasd.crossbar_sasd_0/reg_slice_r/aclk
    SLICE_X27Y80         FDRE                                         r  system_i/ps7_0_axi_periph/xbar/inst/gen_sasd.crossbar_sasd_0/reg_slice_r/m_payload_i_reg[9]/C
  -------------------------------------------------------------------    -------------------
    SLICE_X27Y80         FDRE (Prop_fdre_C_Q)         0.141     1.042 r  system_i/ps7_0_axi_periph/xbar/inst/gen_sasd.crossbar_sasd_0/reg_slice_r/m_payload_i_reg[9]/Q
                         net (fo=1, routed)           0.108     1.150    system_i/ps7_0_axi_periph/s00_couplers/auto_pc/inst/gen_axilite.gen_b2s_conv.axilite_b2s/RD.r_channel_0/rd_data_fifo_0/in[6]
    SLICE_X26Y80         SRLC32E                                      r  system_i/ps7_0_axi_periph/s00_couplers/auto_pc/inst/gen_axilite.gen_b2s_conv.axilite_b2s/RD.r_channel_0/rd_data_fifo_0/memory_reg[31][6]_srl32/D
  -------------------------------------------------------------------    -------------------

                         (clock clk_fpga_0 rise edge)
                                                      0.000     0.000 r  
    PS7_X0Y0             PS7                          0.000     0.000 r  system_i/processing_system7_0/inst/PS7_i/FCLKCLK[0]
                         net (fo=1, routed)           0.337     0.337    system_i/processing_system7_0/inst/FCLK_CLK_unbuffered[0]
    BUFGCTRL_X0Y16       BUFG (Prop_bufg_I_O)         0.029     0.366 r  system_i/processing_system7_0/inst/buffer_fclk_clk_0.FCLK_CLK_0_BUFG/O
                         net (fo=6193, routed)        0.833     1.199    system_i/ps7_0_axi_periph/s00_couplers/auto_pc/inst/gen_axilite.gen_b2s_conv.axilite_b2s/RD.r_channel_0/rd_data_fifo_0/aclk
    SLICE_X26Y80         SRLC32E                                      r  system_i/ps7_0_axi_periph/s00_couplers/auto_pc/inst/gen_axilite.gen_b2s_conv.axilite_b2s/RD.r_channel_0/rd_data_fifo_0/memory_reg[31][6]_srl32/CLK
                         clock pessimism             -0.285     0.914    
    SLICE_X26Y80         SRLC32E (Hold_srlc32e_CLK_D)
                                                      0.183     1.097    system_i/ps7_0_axi_periph/s00_couplers/auto_pc/inst/gen_axilite.gen_b2s_conv.axilite_b2s/RD.r_channel_0/rd_data_fifo_0/memory_reg[31][6]_srl32
  -------------------------------------------------------------------
                         required time                         -1.097    
                         arrival time                           1.150    
  -------------------------------------------------------------------
                         slack                                  0.053    

Slack (MET) :             0.055ns  (arrival time - required time)
  Source:                 system_i/axi_mem_intercon/m00_couplers/auto_pc/inst/gen_axi4_axi3.axi3_conv_inst/USE_WRITE.write_addr_inst/USE_B_CHANNEL.cmd_b_queue/inst/fifo_gen_inst/inst_fifo_gen/gconvfifo.rf/grf.rf/gntv_or_sync_fifo.gl0.wr/wpntr/gcc0.gc0.count_d1_reg[3]/C
                            (rising edge-triggered cell FDCE clocked by clk_fpga_0  {rise@0.000ns fall@5.000ns period=10.000ns})
  Destination:            system_i/axi_mem_intercon/m00_couplers/auto_pc/inst/gen_axi4_axi3.axi3_conv_inst/USE_WRITE.write_addr_inst/USE_B_CHANNEL.cmd_b_queue/inst/fifo_gen_inst/inst_fifo_gen/gconvfifo.rf/grf.rf/gntv_or_sync_fifo.mem/gdm.dm_gen.dm/RAM_reg_0_31_0_4/RAMA/WADR3
                            (rising edge-triggered cell RAMD32 clocked by clk_fpga_0  {rise@0.000ns fall@5.000ns period=10.000ns})
  Path Group:             clk_fpga_0
  Path Type:              Hold (Min at Fast Process Corner)
  Requirement:            0.000ns  (clk_fpga_0 rise@0.000ns - clk_fpga_0 rise@0.000ns)
  Data Path Delay:        0.331ns  (logic 0.141ns (42.604%)  route 0.190ns (57.396%))
  Logic Levels:           0  
  Clock Path Skew:        0.036ns (DCD - SCD - CPR)
    Destination Clock Delay (DCD):    1.258ns
    Source Clock Delay      (SCD):    0.959ns
    Clock Pessimism Removal (CPR):    0.263ns

    Location             Delay type                Incr(ns)  Path(ns)    Netlist Resource(s)
  -------------------------------------------------------------------    -------------------
                         (clock clk_fpga_0 rise edge)
                                                      0.000     0.000 r  
    PS7_X0Y0             PS7                          0.000     0.000 r  system_i/processing_system7_0/inst/PS7_i/FCLKCLK[0]
                         net (fo=1, routed)           0.310     0.310    system_i/processing_system7_0/inst/FCLK_CLK_unbuffered[0]
    BUFGCTRL_X0Y16       BUFG (Prop_bufg_I_O)         0.026     0.336 r  system_i/processing_system7_0/inst/buffer_fclk_clk_0.FCLK_CLK_0_BUFG/O
                         net (fo=6193, routed)        0.623     0.959    system_i/axi_mem_intercon/m00_couplers/auto_pc/inst/gen_axi4_axi3.axi3_conv_inst/USE_WRITE.write_addr_inst/USE_B_CHANNEL.cmd_b_queue/inst/fifo_gen_inst/inst_fifo_gen/gconvfifo.rf/grf.rf/gntv_or_sync_fifo.gl0.wr/wpntr/clk
    SLICE_X3Y39          FDCE                                         r  system_i/axi_mem_intercon/m00_couplers/auto_pc/inst/gen_axi4_axi3.axi3_conv_inst/USE_WRITE.write_addr_inst/USE_B_CHANNEL.cmd_b_queue/inst/fifo_gen_inst/inst_fifo_gen/gconvfifo.rf/grf.rf/gntv_or_sync_fifo.gl0.wr/wpntr/gcc0.gc0.count_d1_reg[3]/C
  -------------------------------------------------------------------    -------------------
    SLICE_X3Y39          FDCE (Prop_fdce_C_Q)         0.141     1.100 r  system_i/axi_mem_intercon/m00_couplers/auto_pc/inst/gen_axi4_axi3.axi3_conv_inst/USE_WRITE.write_addr_inst/USE_B_CHANNEL.cmd_b_queue/inst/fifo_gen_inst/inst_fifo_gen/gconvfifo.rf/grf.rf/gntv_or_sync_fifo.gl0.wr/wpntr/gcc0.gc0.count_d1_reg[3]/Q
                         net (fo=10, routed)          0.190     1.289    system_i/axi_mem_intercon/m00_couplers/auto_pc/inst/gen_axi4_axi3.axi3_conv_inst/USE_WRITE.write_addr_inst/USE_B_CHANNEL.cmd_b_queue/inst/fifo_gen_inst/inst_fifo_gen/gconvfifo.rf/grf.rf/gntv_or_sync_fifo.mem/gdm.dm_gen.dm/RAM_reg_0_31_0_4/ADDRD3
    SLICE_X6Y39          RAMD32                                       r  system_i/axi_mem_intercon/m00_couplers/auto_pc/inst/gen_axi4_axi3.axi3_conv_inst/USE_WRITE.write_addr_inst/USE_B_CHANNEL.cmd_b_queue/inst/fifo_gen_inst/inst_fifo_gen/gconvfifo.rf/grf.rf/gntv_or_sync_fifo.mem/gdm.dm_gen.dm/RAM_reg_0_31_0_4/RAMA/WADR3
  -------------------------------------------------------------------    -------------------

                         (clock clk_fpga_0 rise edge)
                                                      0.000     0.000 r  
    PS7_X0Y0             PS7                          0.000     0.000 r  system_i/processing_system7_0/inst/PS7_i/FCLKCLK[0]
                         net (fo=1, routed)           0.337     0.337    system_i/processing_system7_0/inst/FCLK_CLK_unbuffered[0]
    BUFGCTRL_X0Y16       BUFG (Prop_bufg_I_O)         0.029     0.366 r  system_i/processing_system7_0/inst/buffer_fclk_clk_0.FCLK_CLK_0_BUFG/O
                         net (fo=6193, routed)        0.892     1.258    system_i/axi_mem_intercon/m00_couplers/auto_pc/inst/gen_axi4_axi3.axi3_conv_inst/USE_WRITE.write_addr_inst/USE_B_CHANNEL.cmd_b_queue/inst/fifo_gen_inst/inst_fifo_gen/gconvfifo.rf/grf.rf/gntv_or_sync_fifo.mem/gdm.dm_gen.dm/RAM_reg_0_31_0_4/WCLK
    SLICE_X6Y39          RAMD32                                       r  system_i/axi_mem_intercon/m00_couplers/auto_pc/inst/gen_axi4_axi3.axi3_conv_inst/USE_WRITE.write_addr_inst/USE_B_CHANNEL.cmd_b_queue/inst/fifo_gen_inst/inst_fifo_gen/gconvfifo.rf/grf.rf/gntv_or_sync_fifo.mem/gdm.dm_gen.dm/RAM_reg_0_31_0_4/RAMA/CLK
                         clock pessimism             -0.263     0.995    
    SLICE_X6Y39          RAMD32 (Hold_ramd32_CLK_WADR3)
                                                      0.240     1.235    system_i/axi_mem_intercon/m00_couplers/auto_pc/inst/gen_axi4_axi3.axi3_conv_inst/USE_WRITE.write_addr_inst/USE_B_CHANNEL.cmd_b_queue/inst/fifo_gen_inst/inst_fifo_gen/gconvfifo.rf/grf.rf/gntv_or_sync_fifo.mem/gdm.dm_gen.dm/RAM_reg_0_31_0_4/RAMA
  -------------------------------------------------------------------
                         required time                         -1.235    
                         arrival time                           1.289    
  -------------------------------------------------------------------
                         slack                                  0.055    

Slack (MET) :             0.055ns  (arrival time - required time)
  Source:                 system_i/axi_mem_intercon/m00_couplers/auto_pc/inst/gen_axi4_axi3.axi3_conv_inst/USE_WRITE.write_addr_inst/USE_B_CHANNEL.cmd_b_queue/inst/fifo_gen_inst/inst_fifo_gen/gconvfifo.rf/grf.rf/gntv_or_sync_fifo.gl0.wr/wpntr/gcc0.gc0.count_d1_reg[3]/C
                            (rising edge-triggered cell FDCE clocked by clk_fpga_0  {rise@0.000ns fall@5.000ns period=10.000ns})
  Destination:            system_i/axi_mem_intercon/m00_couplers/auto_pc/inst/gen_axi4_axi3.axi3_conv_inst/USE_WRITE.write_addr_inst/USE_B_CHANNEL.cmd_b_queue/inst/fifo_gen_inst/inst_fifo_gen/gconvfifo.rf/grf.rf/gntv_or_sync_fifo.mem/gdm.dm_gen.dm/RAM_reg_0_31_0_4/RAMA_D1/WADR3
                            (rising edge-triggered cell RAMD32 clocked by clk_fpga_0  {rise@0.000ns fall@5.000ns period=10.000ns})
  Path Group:             clk_fpga_0
  Path Type:              Hold (Min at Fast Process Corner)
  Requirement:            0.000ns  (clk_fpga_0 rise@0.000ns - clk_fpga_0 rise@0.000ns)
  Data Path Delay:        0.331ns  (logic 0.141ns (42.604%)  route 0.190ns (57.396%))
  Logic Levels:           0  
  Clock Path Skew:        0.036ns (DCD - SCD - CPR)
    Destination Clock Delay (DCD):    1.258ns
    Source Clock Delay      (SCD):    0.959ns
    Clock Pessimism Removal (CPR):    0.263ns

    Location             Delay type                Incr(ns)  Path(ns)    Netlist Resource(s)
  -------------------------------------------------------------------    -------------------
                         (clock clk_fpga_0 rise edge)
                                                      0.000     0.000 r  
    PS7_X0Y0             PS7                          0.000     0.000 r  system_i/processing_system7_0/inst/PS7_i/FCLKCLK[0]
                         net (fo=1, routed)           0.310     0.310    system_i/processing_system7_0/inst/FCLK_CLK_unbuffered[0]
    BUFGCTRL_X0Y16       BUFG (Prop_bufg_I_O)         0.026     0.336 r  system_i/processing_system7_0/inst/buffer_fclk_clk_0.FCLK_CLK_0_BUFG/O
                         net (fo=6193, routed)        0.623     0.959    system_i/axi_mem_intercon/m00_couplers/auto_pc/inst/gen_axi4_axi3.axi3_conv_inst/USE_WRITE.write_addr_inst/USE_B_CHANNEL.cmd_b_queue/inst/fifo_gen_inst/inst_fifo_gen/gconvfifo.rf/grf.rf/gntv_or_sync_fifo.gl0.wr/wpntr/clk
    SLICE_X3Y39          FDCE                                         r  system_i/axi_mem_intercon/m00_couplers/auto_pc/inst/gen_axi4_axi3.axi3_conv_inst/USE_WRITE.write_addr_inst/USE_B_CHANNEL.cmd_b_queue/inst/fifo_gen_inst/inst_fifo_gen/gconvfifo.rf/grf.rf/gntv_or_sync_fifo.gl0.wr/wpntr/gcc0.gc0.count_d1_reg[3]/C
  -------------------------------------------------------------------    -------------------
    SLICE_X3Y39          FDCE (Prop_fdce_C_Q)         0.141     1.100 r  system_i/axi_mem_intercon/m00_couplers/auto_pc/inst/gen_axi4_axi3.axi3_conv_inst/USE_WRITE.write_addr_inst/USE_B_CHANNEL.cmd_b_queue/inst/fifo_gen_inst/inst_fifo_gen/gconvfifo.rf/grf.rf/gntv_or_sync_fifo.gl0.wr/wpntr/gcc0.gc0.count_d1_reg[3]/Q
                         net (fo=10, routed)          0.190     1.289    system_i/axi_mem_intercon/m00_couplers/auto_pc/inst/gen_axi4_axi3.axi3_conv_inst/USE_WRITE.write_addr_inst/USE_B_CHANNEL.cmd_b_queue/inst/fifo_gen_inst/inst_fifo_gen/gconvfifo.rf/grf.rf/gntv_or_sync_fifo.mem/gdm.dm_gen.dm/RAM_reg_0_31_0_4/ADDRD3
    SLICE_X6Y39          RAMD32                                       r  system_i/axi_mem_intercon/m00_couplers/auto_pc/inst/gen_axi4_axi3.axi3_conv_inst/USE_WRITE.write_addr_inst/USE_B_CHANNEL.cmd_b_queue/inst/fifo_gen_inst/inst_fifo_gen/gconvfifo.rf/grf.rf/gntv_or_sync_fifo.mem/gdm.dm_gen.dm/RAM_reg_0_31_0_4/RAMA_D1/WADR3
  -------------------------------------------------------------------    -------------------

                         (clock clk_fpga_0 rise edge)
                                                      0.000     0.000 r  
    PS7_X0Y0             PS7                          0.000     0.000 r  system_i/processing_system7_0/inst/PS7_i/FCLKCLK[0]
                         net (fo=1, routed)           0.337     0.337    system_i/processing_system7_0/inst/FCLK_CLK_unbuffered[0]
    BUFGCTRL_X0Y16       BUFG (Prop_bufg_I_O)         0.029     0.366 r  system_i/processing_system7_0/inst/buffer_fclk_clk_0.FCLK_CLK_0_BUFG/O
                         net (fo=6193, routed)        0.892     1.258    system_i/axi_mem_intercon/m00_couplers/auto_pc/inst/gen_axi4_axi3.axi3_conv_inst/USE_WRITE.write_addr_inst/USE_B_CHANNEL.cmd_b_queue/inst/fifo_gen_inst/inst_fifo_gen/gconvfifo.rf/grf.rf/gntv_or_sync_fifo.mem/gdm.dm_gen.dm/RAM_reg_0_31_0_4/WCLK
    SLICE_X6Y39          RAMD32                                       r  system_i/axi_mem_intercon/m00_couplers/auto_pc/inst/gen_axi4_axi3.axi3_conv_inst/USE_WRITE.write_addr_inst/USE_B_CHANNEL.cmd_b_queue/inst/fifo_gen_inst/inst_fifo_gen/gconvfifo.rf/grf.rf/gntv_or_sync_fifo.mem/gdm.dm_gen.dm/RAM_reg_0_31_0_4/RAMA_D1/CLK
                         clock pessimism             -0.263     0.995    
    SLICE_X6Y39          RAMD32 (Hold_ramd32_CLK_WADR3)
                                                      0.240     1.235    system_i/axi_mem_intercon/m00_couplers/auto_pc/inst/gen_axi4_axi3.axi3_conv_inst/USE_WRITE.write_addr_inst/USE_B_CHANNEL.cmd_b_queue/inst/fifo_gen_inst/inst_fifo_gen/gconvfifo.rf/grf.rf/gntv_or_sync_fifo.mem/gdm.dm_gen.dm/RAM_reg_0_31_0_4/RAMA_D1
  -------------------------------------------------------------------
                         required time                         -1.235    
                         arrival time                           1.289    
  -------------------------------------------------------------------
                         slack                                  0.055    

Slack (MET) :             0.055ns  (arrival time - required time)
  Source:                 system_i/axi_mem_intercon/m00_couplers/auto_pc/inst/gen_axi4_axi3.axi3_conv_inst/USE_WRITE.write_addr_inst/USE_B_CHANNEL.cmd_b_queue/inst/fifo_gen_inst/inst_fifo_gen/gconvfifo.rf/grf.rf/gntv_or_sync_fifo.gl0.wr/wpntr/gcc0.gc0.count_d1_reg[3]/C
                            (rising edge-triggered cell FDCE clocked by clk_fpga_0  {rise@0.000ns fall@5.000ns period=10.000ns})
  Destination:            system_i/axi_mem_intercon/m00_couplers/auto_pc/inst/gen_axi4_axi3.axi3_conv_inst/USE_WRITE.write_addr_inst/USE_B_CHANNEL.cmd_b_queue/inst/fifo_gen_inst/inst_fifo_gen/gconvfifo.rf/grf.rf/gntv_or_sync_fifo.mem/gdm.dm_gen.dm/RAM_reg_0_31_0_4/RAMB/WADR3
                            (rising edge-triggered cell RAMD32 clocked by clk_fpga_0  {rise@0.000ns fall@5.000ns period=10.000ns})
  Path Group:             clk_fpga_0
  Path Type:              Hold (Min at Fast Process Corner)
  Requirement:            0.000ns  (clk_fpga_0 rise@0.000ns - clk_fpga_0 rise@0.000ns)
  Data Path Delay:        0.331ns  (logic 0.141ns (42.604%)  route 0.190ns (57.396%))
  Logic Levels:           0  
  Clock Path Skew:        0.036ns (DCD - SCD - CPR)
    Destination Clock Delay (DCD):    1.258ns
    Source Clock Delay      (SCD):    0.959ns
    Clock Pessimism Removal (CPR):    0.263ns

    Location             Delay type                Incr(ns)  Path(ns)    Netlist Resource(s)
  -------------------------------------------------------------------    -------------------
                         (clock clk_fpga_0 rise edge)
                                                      0.000     0.000 r  
    PS7_X0Y0             PS7                          0.000     0.000 r  system_i/processing_system7_0/inst/PS7_i/FCLKCLK[0]
                         net (fo=1, routed)           0.310     0.310    system_i/processing_system7_0/inst/FCLK_CLK_unbuffered[0]
    BUFGCTRL_X0Y16       BUFG (Prop_bufg_I_O)         0.026     0.336 r  system_i/processing_system7_0/inst/buffer_fclk_clk_0.FCLK_CLK_0_BUFG/O
                         net (fo=6193, routed)        0.623     0.959    system_i/axi_mem_intercon/m00_couplers/auto_pc/inst/gen_axi4_axi3.axi3_conv_inst/USE_WRITE.write_addr_inst/USE_B_CHANNEL.cmd_b_queue/inst/fifo_gen_inst/inst_fifo_gen/gconvfifo.rf/grf.rf/gntv_or_sync_fifo.gl0.wr/wpntr/clk
    SLICE_X3Y39          FDCE                                         r  system_i/axi_mem_intercon/m00_couplers/auto_pc/inst/gen_axi4_axi3.axi3_conv_inst/USE_WRITE.write_addr_inst/USE_B_CHANNEL.cmd_b_queue/inst/fifo_gen_inst/inst_fifo_gen/gconvfifo.rf/grf.rf/gntv_or_sync_fifo.gl0.wr/wpntr/gcc0.gc0.count_d1_reg[3]/C
  -------------------------------------------------------------------    -------------------
    SLICE_X3Y39          FDCE (Prop_fdce_C_Q)         0.141     1.100 r  system_i/axi_mem_intercon/m00_couplers/auto_pc/inst/gen_axi4_axi3.axi3_conv_inst/USE_WRITE.write_addr_inst/USE_B_CHANNEL.cmd_b_queue/inst/fifo_gen_inst/inst_fifo_gen/gconvfifo.rf/grf.rf/gntv_or_sync_fifo.gl0.wr/wpntr/gcc0.gc0.count_d1_reg[3]/Q
                         net (fo=10, routed)          0.190     1.289    system_i/axi_mem_intercon/m00_couplers/auto_pc/inst/gen_axi4_axi3.axi3_conv_inst/USE_WRITE.write_addr_inst/USE_B_CHANNEL.cmd_b_queue/inst/fifo_gen_inst/inst_fifo_gen/gconvfifo.rf/grf.rf/gntv_or_sync_fifo.mem/gdm.dm_gen.dm/RAM_reg_0_31_0_4/ADDRD3
    SLICE_X6Y39          RAMD32                                       r  system_i/axi_mem_intercon/m00_couplers/auto_pc/inst/gen_axi4_axi3.axi3_conv_inst/USE_WRITE.write_addr_inst/USE_B_CHANNEL.cmd_b_queue/inst/fifo_gen_inst/inst_fifo_gen/gconvfifo.rf/grf.rf/gntv_or_sync_fifo.mem/gdm.dm_gen.dm/RAM_reg_0_31_0_4/RAMB/WADR3
  -------------------------------------------------------------------    -------------------

                         (clock clk_fpga_0 rise edge)
                                                      0.000     0.000 r  
    PS7_X0Y0             PS7                          0.000     0.000 r  system_i/processing_system7_0/inst/PS7_i/FCLKCLK[0]
                         net (fo=1, routed)           0.337     0.337    system_i/processing_system7_0/inst/FCLK_CLK_unbuffered[0]
    BUFGCTRL_X0Y16       BUFG (Prop_bufg_I_O)         0.029     0.366 r  system_i/processing_system7_0/inst/buffer_fclk_clk_0.FCLK_CLK_0_BUFG/O
                         net (fo=6193, routed)        0.892     1.258    system_i/axi_mem_intercon/m00_couplers/auto_pc/inst/gen_axi4_axi3.axi3_conv_inst/USE_WRITE.write_addr_inst/USE_B_CHANNEL.cmd_b_queue/inst/fifo_gen_inst/inst_fifo_gen/gconvfifo.rf/grf.rf/gntv_or_sync_fifo.mem/gdm.dm_gen.dm/RAM_reg_0_31_0_4/WCLK
    SLICE_X6Y39          RAMD32                                       r  system_i/axi_mem_intercon/m00_couplers/auto_pc/inst/gen_axi4_axi3.axi3_conv_inst/USE_WRITE.write_addr_inst/USE_B_CHANNEL.cmd_b_queue/inst/fifo_gen_inst/inst_fifo_gen/gconvfifo.rf/grf.rf/gntv_or_sync_fifo.mem/gdm.dm_gen.dm/RAM_reg_0_31_0_4/RAMB/CLK
                         clock pessimism             -0.263     0.995    
    SLICE_X6Y39          RAMD32 (Hold_ramd32_CLK_WADR3)
                                                      0.240     1.235    system_i/axi_mem_intercon/m00_couplers/auto_pc/inst/gen_axi4_axi3.axi3_conv_inst/USE_WRITE.write_addr_inst/USE_B_CHANNEL.cmd_b_queue/inst/fifo_gen_inst/inst_fifo_gen/gconvfifo.rf/grf.rf/gntv_or_sync_fifo.mem/gdm.dm_gen.dm/RAM_reg_0_31_0_4/RAMB
  -------------------------------------------------------------------
                         required time                         -1.235    
                         arrival time                           1.289    
  -------------------------------------------------------------------
                         slack                                  0.055    

Slack (MET) :             0.055ns  (arrival time - required time)
  Source:                 system_i/axi_mem_intercon/m00_couplers/auto_pc/inst/gen_axi4_axi3.axi3_conv_inst/USE_WRITE.write_addr_inst/USE_B_CHANNEL.cmd_b_queue/inst/fifo_gen_inst/inst_fifo_gen/gconvfifo.rf/grf.rf/gntv_or_sync_fifo.gl0.wr/wpntr/gcc0.gc0.count_d1_reg[3]/C
                            (rising edge-triggered cell FDCE clocked by clk_fpga_0  {rise@0.000ns fall@5.000ns period=10.000ns})
  Destination:            system_i/axi_mem_intercon/m00_couplers/auto_pc/inst/gen_axi4_axi3.axi3_conv_inst/USE_WRITE.write_addr_inst/USE_B_CHANNEL.cmd_b_queue/inst/fifo_gen_inst/inst_fifo_gen/gconvfifo.rf/grf.rf/gntv_or_sync_fifo.mem/gdm.dm_gen.dm/RAM_reg_0_31_0_4/RAMB_D1/WADR3
                            (rising edge-triggered cell RAMD32 clocked by clk_fpga_0  {rise@0.000ns fall@5.000ns period=10.000ns})
  Path Group:             clk_fpga_0
  Path Type:              Hold (Min at Fast Process Corner)
  Requirement:            0.000ns  (clk_fpga_0 rise@0.000ns - clk_fpga_0 rise@0.000ns)
  Data Path Delay:        0.331ns  (logic 0.141ns (42.604%)  route 0.190ns (57.396%))
  Logic Levels:           0  
  Clock Path Skew:        0.036ns (DCD - SCD - CPR)
    Destination Clock Delay (DCD):    1.258ns
    Source Clock Delay      (SCD):    0.959ns
    Clock Pessimism Removal (CPR):    0.263ns

    Location             Delay type                Incr(ns)  Path(ns)    Netlist Resource(s)
  -------------------------------------------------------------------    -------------------
                         (clock clk_fpga_0 rise edge)
                                                      0.000     0.000 r  
    PS7_X0Y0             PS7                          0.000     0.000 r  system_i/processing_system7_0/inst/PS7_i/FCLKCLK[0]
                         net (fo=1, routed)           0.310     0.310    system_i/processing_system7_0/inst/FCLK_CLK_unbuffered[0]
    BUFGCTRL_X0Y16       BUFG (Prop_bufg_I_O)         0.026     0.336 r  system_i/processing_system7_0/inst/buffer_fclk_clk_0.FCLK_CLK_0_BUFG/O
                         net (fo=6193, routed)        0.623     0.959    system_i/axi_mem_intercon/m00_couplers/auto_pc/inst/gen_axi4_axi3.axi3_conv_inst/USE_WRITE.write_addr_inst/USE_B_CHANNEL.cmd_b_queue/inst/fifo_gen_inst/inst_fifo_gen/gconvfifo.rf/grf.rf/gntv_or_sync_fifo.gl0.wr/wpntr/clk
    SLICE_X3Y39          FDCE                                         r  system_i/axi_mem_intercon/m00_couplers/auto_pc/inst/gen_axi4_axi3.axi3_conv_inst/USE_WRITE.write_addr_inst/USE_B_CHANNEL.cmd_b_queue/inst/fifo_gen_inst/inst_fifo_gen/gconvfifo.rf/grf.rf/gntv_or_sync_fifo.gl0.wr/wpntr/gcc0.gc0.count_d1_reg[3]/C
  -------------------------------------------------------------------    -------------------
    SLICE_X3Y39          FDCE (Prop_fdce_C_Q)         0.141     1.100 r  system_i/axi_mem_intercon/m00_couplers/auto_pc/inst/gen_axi4_axi3.axi3_conv_inst/USE_WRITE.write_addr_inst/USE_B_CHANNEL.cmd_b_queue/inst/fifo_gen_inst/inst_fifo_gen/gconvfifo.rf/grf.rf/gntv_or_sync_fifo.gl0.wr/wpntr/gcc0.gc0.count_d1_reg[3]/Q
                         net (fo=10, routed)          0.190     1.289    system_i/axi_mem_intercon/m00_couplers/auto_pc/inst/gen_axi4_axi3.axi3_conv_inst/USE_WRITE.write_addr_inst/USE_B_CHANNEL.cmd_b_queue/inst/fifo_gen_inst/inst_fifo_gen/gconvfifo.rf/grf.rf/gntv_or_sync_fifo.mem/gdm.dm_gen.dm/RAM_reg_0_31_0_4/ADDRD3
    SLICE_X6Y39          RAMD32                                       r  system_i/axi_mem_intercon/m00_couplers/auto_pc/inst/gen_axi4_axi3.axi3_conv_inst/USE_WRITE.write_addr_inst/USE_B_CHANNEL.cmd_b_queue/inst/fifo_gen_inst/inst_fifo_gen/gconvfifo.rf/grf.rf/gntv_or_sync_fifo.mem/gdm.dm_gen.dm/RAM_reg_0_31_0_4/RAMB_D1/WADR3
  -------------------------------------------------------------------    -------------------

                         (clock clk_fpga_0 rise edge)
                                                      0.000     0.000 r  
    PS7_X0Y0             PS7                          0.000     0.000 r  system_i/processing_system7_0/inst/PS7_i/FCLKCLK[0]
                         net (fo=1, routed)           0.337     0.337    system_i/processing_system7_0/inst/FCLK_CLK_unbuffered[0]
    BUFGCTRL_X0Y16       BUFG (Prop_bufg_I_O)         0.029     0.366 r  system_i/processing_system7_0/inst/buffer_fclk_clk_0.FCLK_CLK_0_BUFG/O
                         net (fo=6193, routed)        0.892     1.258    system_i/axi_mem_intercon/m00_couplers/auto_pc/inst/gen_axi4_axi3.axi3_conv_inst/USE_WRITE.write_addr_inst/USE_B_CHANNEL.cmd_b_queue/inst/fifo_gen_inst/inst_fifo_gen/gconvfifo.rf/grf.rf/gntv_or_sync_fifo.mem/gdm.dm_gen.dm/RAM_reg_0_31_0_4/WCLK
    SLICE_X6Y39          RAMD32                                       r  system_i/axi_mem_intercon/m00_couplers/auto_pc/inst/gen_axi4_axi3.axi3_conv_inst/USE_WRITE.write_addr_inst/USE_B_CHANNEL.cmd_b_queue/inst/fifo_gen_inst/inst_fifo_gen/gconvfifo.rf/grf.rf/gntv_or_sync_fifo.mem/gdm.dm_gen.dm/RAM_reg_0_31_0_4/RAMB_D1/CLK
                         clock pessimism             -0.263     0.995    
    SLICE_X6Y39          RAMD32 (Hold_ramd32_CLK_WADR3)
                                                      0.240     1.235    system_i/axi_mem_intercon/m00_couplers/auto_pc/inst/gen_axi4_axi3.axi3_conv_inst/USE_WRITE.write_addr_inst/USE_B_CHANNEL.cmd_b_queue/inst/fifo_gen_inst/inst_fifo_gen/gconvfifo.rf/grf.rf/gntv_or_sync_fifo.mem/gdm.dm_gen.dm/RAM_reg_0_31_0_4/RAMB_D1
  -------------------------------------------------------------------
                         required time                         -1.235    
                         arrival time                           1.289    
  -------------------------------------------------------------------
                         slack                                  0.055    

Slack (MET) :             0.055ns  (arrival time - required time)
  Source:                 system_i/axi_mem_intercon/m00_couplers/auto_pc/inst/gen_axi4_axi3.axi3_conv_inst/USE_WRITE.write_addr_inst/USE_B_CHANNEL.cmd_b_queue/inst/fifo_gen_inst/inst_fifo_gen/gconvfifo.rf/grf.rf/gntv_or_sync_fifo.gl0.wr/wpntr/gcc0.gc0.count_d1_reg[3]/C
                            (rising edge-triggered cell FDCE clocked by clk_fpga_0  {rise@0.000ns fall@5.000ns period=10.000ns})
  Destination:            system_i/axi_mem_intercon/m00_couplers/auto_pc/inst/gen_axi4_axi3.axi3_conv_inst/USE_WRITE.write_addr_inst/USE_B_CHANNEL.cmd_b_queue/inst/fifo_gen_inst/inst_fifo_gen/gconvfifo.rf/grf.rf/gntv_or_sync_fifo.mem/gdm.dm_gen.dm/RAM_reg_0_31_0_4/RAMC/WADR3
                            (rising edge-triggered cell RAMD32 clocked by clk_fpga_0  {rise@0.000ns fall@5.000ns period=10.000ns})
  Path Group:             clk_fpga_0
  Path Type:              Hold (Min at Fast Process Corner)
  Requirement:            0.000ns  (clk_fpga_0 rise@0.000ns - clk_fpga_0 rise@0.000ns)
  Data Path Delay:        0.331ns  (logic 0.141ns (42.604%)  route 0.190ns (57.396%))
  Logic Levels:           0  
  Clock Path Skew:        0.036ns (DCD - SCD - CPR)
    Destination Clock Delay (DCD):    1.258ns
    Source Clock Delay      (SCD):    0.959ns
    Clock Pessimism Removal (CPR):    0.263ns

    Location             Delay type                Incr(ns)  Path(ns)    Netlist Resource(s)
  -------------------------------------------------------------------    -------------------
                         (clock clk_fpga_0 rise edge)
                                                      0.000     0.000 r  
    PS7_X0Y0             PS7                          0.000     0.000 r  system_i/processing_system7_0/inst/PS7_i/FCLKCLK[0]
                         net (fo=1, routed)           0.310     0.310    system_i/processing_system7_0/inst/FCLK_CLK_unbuffered[0]
    BUFGCTRL_X0Y16       BUFG (Prop_bufg_I_O)         0.026     0.336 r  system_i/processing_system7_0/inst/buffer_fclk_clk_0.FCLK_CLK_0_BUFG/O
                         net (fo=6193, routed)        0.623     0.959    system_i/axi_mem_intercon/m00_couplers/auto_pc/inst/gen_axi4_axi3.axi3_conv_inst/USE_WRITE.write_addr_inst/USE_B_CHANNEL.cmd_b_queue/inst/fifo_gen_inst/inst_fifo_gen/gconvfifo.rf/grf.rf/gntv_or_sync_fifo.gl0.wr/wpntr/clk
    SLICE_X3Y39          FDCE                                         r  system_i/axi_mem_intercon/m00_couplers/auto_pc/inst/gen_axi4_axi3.axi3_conv_inst/USE_WRITE.write_addr_inst/USE_B_CHANNEL.cmd_b_queue/inst/fifo_gen_inst/inst_fifo_gen/gconvfifo.rf/grf.rf/gntv_or_sync_fifo.gl0.wr/wpntr/gcc0.gc0.count_d1_reg[3]/C
  -------------------------------------------------------------------    -------------------
    SLICE_X3Y39          FDCE (Prop_fdce_C_Q)         0.141     1.100 r  system_i/axi_mem_intercon/m00_couplers/auto_pc/inst/gen_axi4_axi3.axi3_conv_inst/USE_WRITE.write_addr_inst/USE_B_CHANNEL.cmd_b_queue/inst/fifo_gen_inst/inst_fifo_gen/gconvfifo.rf/grf.rf/gntv_or_sync_fifo.gl0.wr/wpntr/gcc0.gc0.count_d1_reg[3]/Q
                         net (fo=10, routed)          0.190     1.289    system_i/axi_mem_intercon/m00_couplers/auto_pc/inst/gen_axi4_axi3.axi3_conv_inst/USE_WRITE.write_addr_inst/USE_B_CHANNEL.cmd_b_queue/inst/fifo_gen_inst/inst_fifo_gen/gconvfifo.rf/grf.rf/gntv_or_sync_fifo.mem/gdm.dm_gen.dm/RAM_reg_0_31_0_4/ADDRD3
    SLICE_X6Y39          RAMD32                                       r  system_i/axi_mem_intercon/m00_couplers/auto_pc/inst/gen_axi4_axi3.axi3_conv_inst/USE_WRITE.write_addr_inst/USE_B_CHANNEL.cmd_b_queue/inst/fifo_gen_inst/inst_fifo_gen/gconvfifo.rf/grf.rf/gntv_or_sync_fifo.mem/gdm.dm_gen.dm/RAM_reg_0_31_0_4/RAMC/WADR3
  -------------------------------------------------------------------    -------------------

                         (clock clk_fpga_0 rise edge)
                                                      0.000     0.000 r  
    PS7_X0Y0             PS7                          0.000     0.000 r  system_i/processing_system7_0/inst/PS7_i/FCLKCLK[0]
                         net (fo=1, routed)           0.337     0.337    system_i/processing_system7_0/inst/FCLK_CLK_unbuffered[0]
    BUFGCTRL_X0Y16       BUFG (Prop_bufg_I_O)         0.029     0.366 r  system_i/processing_system7_0/inst/buffer_fclk_clk_0.FCLK_CLK_0_BUFG/O
                         net (fo=6193, routed)        0.892     1.258    system_i/axi_mem_intercon/m00_couplers/auto_pc/inst/gen_axi4_axi3.axi3_conv_inst/USE_WRITE.write_addr_inst/USE_B_CHANNEL.cmd_b_queue/inst/fifo_gen_inst/inst_fifo_gen/gconvfifo.rf/grf.rf/gntv_or_sync_fifo.mem/gdm.dm_gen.dm/RAM_reg_0_31_0_4/WCLK
    SLICE_X6Y39          RAMD32                                       r  system_i/axi_mem_intercon/m00_couplers/auto_pc/inst/gen_axi4_axi3.axi3_conv_inst/USE_WRITE.write_addr_inst/USE_B_CHANNEL.cmd_b_queue/inst/fifo_gen_inst/inst_fifo_gen/gconvfifo.rf/grf.rf/gntv_or_sync_fifo.mem/gdm.dm_gen.dm/RAM_reg_0_31_0_4/RAMC/CLK
                         clock pessimism             -0.263     0.995    
    SLICE_X6Y39          RAMD32 (Hold_ramd32_CLK_WADR3)
                                                      0.240     1.235    system_i/axi_mem_intercon/m00_couplers/auto_pc/inst/gen_axi4_axi3.axi3_conv_inst/USE_WRITE.write_addr_inst/USE_B_CHANNEL.cmd_b_queue/inst/fifo_gen_inst/inst_fifo_gen/gconvfifo.rf/grf.rf/gntv_or_sync_fifo.mem/gdm.dm_gen.dm/RAM_reg_0_31_0_4/RAMC
  -------------------------------------------------------------------
                         required time                         -1.235    
                         arrival time                           1.289    
  -------------------------------------------------------------------
                         slack                                  0.055    

Slack (MET) :             0.055ns  (arrival time - required time)
  Source:                 system_i/axi_mem_intercon/m00_couplers/auto_pc/inst/gen_axi4_axi3.axi3_conv_inst/USE_WRITE.write_addr_inst/USE_B_CHANNEL.cmd_b_queue/inst/fifo_gen_inst/inst_fifo_gen/gconvfifo.rf/grf.rf/gntv_or_sync_fifo.gl0.wr/wpntr/gcc0.gc0.count_d1_reg[3]/C
                            (rising edge-triggered cell FDCE clocked by clk_fpga_0  {rise@0.000ns fall@5.000ns period=10.000ns})
  Destination:            system_i/axi_mem_intercon/m00_couplers/auto_pc/inst/gen_axi4_axi3.axi3_conv_inst/USE_WRITE.write_addr_inst/USE_B_CHANNEL.cmd_b_queue/inst/fifo_gen_inst/inst_fifo_gen/gconvfifo.rf/grf.rf/gntv_or_sync_fifo.mem/gdm.dm_gen.dm/RAM_reg_0_31_0_4/RAMC_D1/WADR3
                            (rising edge-triggered cell RAMD32 clocked by clk_fpga_0  {rise@0.000ns fall@5.000ns period=10.000ns})
  Path Group:             clk_fpga_0
  Path Type:              Hold (Min at Fast Process Corner)
  Requirement:            0.000ns  (clk_fpga_0 rise@0.000ns - clk_fpga_0 rise@0.000ns)
  Data Path Delay:        0.331ns  (logic 0.141ns (42.604%)  route 0.190ns (57.396%))
  Logic Levels:           0  
  Clock Path Skew:        0.036ns (DCD - SCD - CPR)
    Destination Clock Delay (DCD):    1.258ns
    Source Clock Delay      (SCD):    0.959ns
    Clock Pessimism Removal (CPR):    0.263ns

    Location             Delay type                Incr(ns)  Path(ns)    Netlist Resource(s)
  -------------------------------------------------------------------    -------------------
                         (clock clk_fpga_0 rise edge)
                                                      0.000     0.000 r  
    PS7_X0Y0             PS7                          0.000     0.000 r  system_i/processing_system7_0/inst/PS7_i/FCLKCLK[0]
                         net (fo=1, routed)           0.310     0.310    system_i/processing_system7_0/inst/FCLK_CLK_unbuffered[0]
    BUFGCTRL_X0Y16       BUFG (Prop_bufg_I_O)         0.026     0.336 r  system_i/processing_system7_0/inst/buffer_fclk_clk_0.FCLK_CLK_0_BUFG/O
                         net (fo=6193, routed)        0.623     0.959    system_i/axi_mem_intercon/m00_couplers/auto_pc/inst/gen_axi4_axi3.axi3_conv_inst/USE_WRITE.write_addr_inst/USE_B_CHANNEL.cmd_b_queue/inst/fifo_gen_inst/inst_fifo_gen/gconvfifo.rf/grf.rf/gntv_or_sync_fifo.gl0.wr/wpntr/clk
    SLICE_X3Y39          FDCE                                         r  system_i/axi_mem_intercon/m00_couplers/auto_pc/inst/gen_axi4_axi3.axi3_conv_inst/USE_WRITE.write_addr_inst/USE_B_CHANNEL.cmd_b_queue/inst/fifo_gen_inst/inst_fifo_gen/gconvfifo.rf/grf.rf/gntv_or_sync_fifo.gl0.wr/wpntr/gcc0.gc0.count_d1_reg[3]/C
  -------------------------------------------------------------------    -------------------
    SLICE_X3Y39          FDCE (Prop_fdce_C_Q)         0.141     1.100 r  system_i/axi_mem_intercon/m00_couplers/auto_pc/inst/gen_axi4_axi3.axi3_conv_inst/USE_WRITE.write_addr_inst/USE_B_CHANNEL.cmd_b_queue/inst/fifo_gen_inst/inst_fifo_gen/gconvfifo.rf/grf.rf/gntv_or_sync_fifo.gl0.wr/wpntr/gcc0.gc0.count_d1_reg[3]/Q
                         net (fo=10, routed)          0.190     1.289    system_i/axi_mem_intercon/m00_couplers/auto_pc/inst/gen_axi4_axi3.axi3_conv_inst/USE_WRITE.write_addr_inst/USE_B_CHANNEL.cmd_b_queue/inst/fifo_gen_inst/inst_fifo_gen/gconvfifo.rf/grf.rf/gntv_or_sync_fifo.mem/gdm.dm_gen.dm/RAM_reg_0_31_0_4/ADDRD3
    SLICE_X6Y39          RAMD32                                       r  system_i/axi_mem_intercon/m00_couplers/auto_pc/inst/gen_axi4_axi3.axi3_conv_inst/USE_WRITE.write_addr_inst/USE_B_CHANNEL.cmd_b_queue/inst/fifo_gen_inst/inst_fifo_gen/gconvfifo.rf/grf.rf/gntv_or_sync_fifo.mem/gdm.dm_gen.dm/RAM_reg_0_31_0_4/RAMC_D1/WADR3
  -------------------------------------------------------------------    -------------------

                         (clock clk_fpga_0 rise edge)
                                                      0.000     0.000 r  
    PS7_X0Y0             PS7                          0.000     0.000 r  system_i/processing_system7_0/inst/PS7_i/FCLKCLK[0]
                         net (fo=1, routed)           0.337     0.337    system_i/processing_system7_0/inst/FCLK_CLK_unbuffered[0]
    BUFGCTRL_X0Y16       BUFG (Prop_bufg_I_O)         0.029     0.366 r  system_i/processing_system7_0/inst/buffer_fclk_clk_0.FCLK_CLK_0_BUFG/O
                         net (fo=6193, routed)        0.892     1.258    system_i/axi_mem_intercon/m00_couplers/auto_pc/inst/gen_axi4_axi3.axi3_conv_inst/USE_WRITE.write_addr_inst/USE_B_CHANNEL.cmd_b_queue/inst/fifo_gen_inst/inst_fifo_gen/gconvfifo.rf/grf.rf/gntv_or_sync_fifo.mem/gdm.dm_gen.dm/RAM_reg_0_31_0_4/WCLK
    SLICE_X6Y39          RAMD32                                       r  system_i/axi_mem_intercon/m00_couplers/auto_pc/inst/gen_axi4_axi3.axi3_conv_inst/USE_WRITE.write_addr_inst/USE_B_CHANNEL.cmd_b_queue/inst/fifo_gen_inst/inst_fifo_gen/gconvfifo.rf/grf.rf/gntv_or_sync_fifo.mem/gdm.dm_gen.dm/RAM_reg_0_31_0_4/RAMC_D1/CLK
                         clock pessimism             -0.263     0.995    
    SLICE_X6Y39          RAMD32 (Hold_ramd32_CLK_WADR3)
                                                      0.240     1.235    system_i/axi_mem_intercon/m00_couplers/auto_pc/inst/gen_axi4_axi3.axi3_conv_inst/USE_WRITE.write_addr_inst/USE_B_CHANNEL.cmd_b_queue/inst/fifo_gen_inst/inst_fifo_gen/gconvfifo.rf/grf.rf/gntv_or_sync_fifo.mem/gdm.dm_gen.dm/RAM_reg_0_31_0_4/RAMC_D1
  -------------------------------------------------------------------
                         required time                         -1.235    
                         arrival time                           1.289    
  -------------------------------------------------------------------
                         slack                                  0.055    

Slack (MET) :             0.055ns  (arrival time - required time)
  Source:                 system_i/axi_mem_intercon/m00_couplers/auto_pc/inst/gen_axi4_axi3.axi3_conv_inst/USE_WRITE.write_addr_inst/USE_B_CHANNEL.cmd_b_queue/inst/fifo_gen_inst/inst_fifo_gen/gconvfifo.rf/grf.rf/gntv_or_sync_fifo.gl0.wr/wpntr/gcc0.gc0.count_d1_reg[3]/C
                            (rising edge-triggered cell FDCE clocked by clk_fpga_0  {rise@0.000ns fall@5.000ns period=10.000ns})
  Destination:            system_i/axi_mem_intercon/m00_couplers/auto_pc/inst/gen_axi4_axi3.axi3_conv_inst/USE_WRITE.write_addr_inst/USE_B_CHANNEL.cmd_b_queue/inst/fifo_gen_inst/inst_fifo_gen/gconvfifo.rf/grf.rf/gntv_or_sync_fifo.mem/gdm.dm_gen.dm/RAM_reg_0_31_0_4/RAMD/ADR3
                            (rising edge-triggered cell RAMS32 clocked by clk_fpga_0  {rise@0.000ns fall@5.000ns period=10.000ns})
  Path Group:             clk_fpga_0
  Path Type:              Hold (Min at Fast Process Corner)
  Requirement:            0.000ns  (clk_fpga_0 rise@0.000ns - clk_fpga_0 rise@0.000ns)
  Data Path Delay:        0.331ns  (logic 0.141ns (42.604%)  route 0.190ns (57.396%))
  Logic Levels:           0  
  Clock Path Skew:        0.036ns (DCD - SCD - CPR)
    Destination Clock Delay (DCD):    1.258ns
    Source Clock Delay      (SCD):    0.959ns
    Clock Pessimism Removal (CPR):    0.263ns

    Location             Delay type                Incr(ns)  Path(ns)    Netlist Resource(s)
  -------------------------------------------------------------------    -------------------
                         (clock clk_fpga_0 rise edge)
                                                      0.000     0.000 r  
    PS7_X0Y0             PS7                          0.000     0.000 r  system_i/processing_system7_0/inst/PS7_i/FCLKCLK[0]
                         net (fo=1, routed)           0.310     0.310    system_i/processing_system7_0/inst/FCLK_CLK_unbuffered[0]
    BUFGCTRL_X0Y16       BUFG (Prop_bufg_I_O)         0.026     0.336 r  system_i/processing_system7_0/inst/buffer_fclk_clk_0.FCLK_CLK_0_BUFG/O
                         net (fo=6193, routed)        0.623     0.959    system_i/axi_mem_intercon/m00_couplers/auto_pc/inst/gen_axi4_axi3.axi3_conv_inst/USE_WRITE.write_addr_inst/USE_B_CHANNEL.cmd_b_queue/inst/fifo_gen_inst/inst_fifo_gen/gconvfifo.rf/grf.rf/gntv_or_sync_fifo.gl0.wr/wpntr/clk
    SLICE_X3Y39          FDCE                                         r  system_i/axi_mem_intercon/m00_couplers/auto_pc/inst/gen_axi4_axi3.axi3_conv_inst/USE_WRITE.write_addr_inst/USE_B_CHANNEL.cmd_b_queue/inst/fifo_gen_inst/inst_fifo_gen/gconvfifo.rf/grf.rf/gntv_or_sync_fifo.gl0.wr/wpntr/gcc0.gc0.count_d1_reg[3]/C
  -------------------------------------------------------------------    -------------------
    SLICE_X3Y39          FDCE (Prop_fdce_C_Q)         0.141     1.100 r  system_i/axi_mem_intercon/m00_couplers/auto_pc/inst/gen_axi4_axi3.axi3_conv_inst/USE_WRITE.write_addr_inst/USE_B_CHANNEL.cmd_b_queue/inst/fifo_gen_inst/inst_fifo_gen/gconvfifo.rf/grf.rf/gntv_or_sync_fifo.gl0.wr/wpntr/gcc0.gc0.count_d1_reg[3]/Q
                         net (fo=10, routed)          0.190     1.289    system_i/axi_mem_intercon/m00_couplers/auto_pc/inst/gen_axi4_axi3.axi3_conv_inst/USE_WRITE.write_addr_inst/USE_B_CHANNEL.cmd_b_queue/inst/fifo_gen_inst/inst_fifo_gen/gconvfifo.rf/grf.rf/gntv_or_sync_fifo.mem/gdm.dm_gen.dm/RAM_reg_0_31_0_4/ADDRD3
    SLICE_X6Y39          RAMS32                                       r  system_i/axi_mem_intercon/m00_couplers/auto_pc/inst/gen_axi4_axi3.axi3_conv_inst/USE_WRITE.write_addr_inst/USE_B_CHANNEL.cmd_b_queue/inst/fifo_gen_inst/inst_fifo_gen/gconvfifo.rf/grf.rf/gntv_or_sync_fifo.mem/gdm.dm_gen.dm/RAM_reg_0_31_0_4/RAMD/ADR3
  -------------------------------------------------------------------    -------------------

                         (clock clk_fpga_0 rise edge)
                                                      0.000     0.000 r  
    PS7_X0Y0             PS7                          0.000     0.000 r  system_i/processing_system7_0/inst/PS7_i/FCLKCLK[0]
                         net (fo=1, routed)           0.337     0.337    system_i/processing_system7_0/inst/FCLK_CLK_unbuffered[0]
    BUFGCTRL_X0Y16       BUFG (Prop_bufg_I_O)         0.029     0.366 r  system_i/processing_system7_0/inst/buffer_fclk_clk_0.FCLK_CLK_0_BUFG/O
                         net (fo=6193, routed)        0.892     1.258    system_i/axi_mem_intercon/m00_couplers/auto_pc/inst/gen_axi4_axi3.axi3_conv_inst/USE_WRITE.write_addr_inst/USE_B_CHANNEL.cmd_b_queue/inst/fifo_gen_inst/inst_fifo_gen/gconvfifo.rf/grf.rf/gntv_or_sync_fifo.mem/gdm.dm_gen.dm/RAM_reg_0_31_0_4/WCLK
    SLICE_X6Y39          RAMS32                                       r  system_i/axi_mem_intercon/m00_couplers/auto_pc/inst/gen_axi4_axi3.axi3_conv_inst/USE_WRITE.write_addr_inst/USE_B_CHANNEL.cmd_b_queue/inst/fifo_gen_inst/inst_fifo_gen/gconvfifo.rf/grf.rf/gntv_or_sync_fifo.mem/gdm.dm_gen.dm/RAM_reg_0_31_0_4/RAMD/CLK
                         clock pessimism             -0.263     0.995    
    SLICE_X6Y39          RAMS32 (Hold_rams32_CLK_ADR3)
                                                      0.240     1.235    system_i/axi_mem_intercon/m00_couplers/auto_pc/inst/gen_axi4_axi3.axi3_conv_inst/USE_WRITE.write_addr_inst/USE_B_CHANNEL.cmd_b_queue/inst/fifo_gen_inst/inst_fifo_gen/gconvfifo.rf/grf.rf/gntv_or_sync_fifo.mem/gdm.dm_gen.dm/RAM_reg_0_31_0_4/RAMD
  -------------------------------------------------------------------
                         required time                         -1.235    
                         arrival time                           1.289    
  -------------------------------------------------------------------
                         slack                                  0.055    

Slack (MET) :             0.055ns  (arrival time - required time)
  Source:                 system_i/axi_mem_intercon/m00_couplers/auto_pc/inst/gen_axi4_axi3.axi3_conv_inst/USE_WRITE.write_addr_inst/USE_B_CHANNEL.cmd_b_queue/inst/fifo_gen_inst/inst_fifo_gen/gconvfifo.rf/grf.rf/gntv_or_sync_fifo.gl0.wr/wpntr/gcc0.gc0.count_d1_reg[3]/C
                            (rising edge-triggered cell FDCE clocked by clk_fpga_0  {rise@0.000ns fall@5.000ns period=10.000ns})
  Destination:            system_i/axi_mem_intercon/m00_couplers/auto_pc/inst/gen_axi4_axi3.axi3_conv_inst/USE_WRITE.write_addr_inst/USE_B_CHANNEL.cmd_b_queue/inst/fifo_gen_inst/inst_fifo_gen/gconvfifo.rf/grf.rf/gntv_or_sync_fifo.mem/gdm.dm_gen.dm/RAM_reg_0_31_0_4/RAMD_D1/ADR3
                            (rising edge-triggered cell RAMS32 clocked by clk_fpga_0  {rise@0.000ns fall@5.000ns period=10.000ns})
  Path Group:             clk_fpga_0
  Path Type:              Hold (Min at Fast Process Corner)
  Requirement:            0.000ns  (clk_fpga_0 rise@0.000ns - clk_fpga_0 rise@0.000ns)
  Data Path Delay:        0.331ns  (logic 0.141ns (42.604%)  route 0.190ns (57.396%))
  Logic Levels:           0  
  Clock Path Skew:        0.036ns (DCD - SCD - CPR)
    Destination Clock Delay (DCD):    1.258ns
    Source Clock Delay      (SCD):    0.959ns
    Clock Pessimism Removal (CPR):    0.263ns

    Location             Delay type                Incr(ns)  Path(ns)    Netlist Resource(s)
  -------------------------------------------------------------------    -------------------
                         (clock clk_fpga_0 rise edge)
                                                      0.000     0.000 r  
    PS7_X0Y0             PS7                          0.000     0.000 r  system_i/processing_system7_0/inst/PS7_i/FCLKCLK[0]
                         net (fo=1, routed)           0.310     0.310    system_i/processing_system7_0/inst/FCLK_CLK_unbuffered[0]
    BUFGCTRL_X0Y16       BUFG (Prop_bufg_I_O)         0.026     0.336 r  system_i/processing_system7_0/inst/buffer_fclk_clk_0.FCLK_CLK_0_BUFG/O
                         net (fo=6193, routed)        0.623     0.959    system_i/axi_mem_intercon/m00_couplers/auto_pc/inst/gen_axi4_axi3.axi3_conv_inst/USE_WRITE.write_addr_inst/USE_B_CHANNEL.cmd_b_queue/inst/fifo_gen_inst/inst_fifo_gen/gconvfifo.rf/grf.rf/gntv_or_sync_fifo.gl0.wr/wpntr/clk
    SLICE_X3Y39          FDCE                                         r  system_i/axi_mem_intercon/m00_couplers/auto_pc/inst/gen_axi4_axi3.axi3_conv_inst/USE_WRITE.write_addr_inst/USE_B_CHANNEL.cmd_b_queue/inst/fifo_gen_inst/inst_fifo_gen/gconvfifo.rf/grf.rf/gntv_or_sync_fifo.gl0.wr/wpntr/gcc0.gc0.count_d1_reg[3]/C
  -------------------------------------------------------------------    -------------------
    SLICE_X3Y39          FDCE (Prop_fdce_C_Q)         0.141     1.100 r  system_i/axi_mem_intercon/m00_couplers/auto_pc/inst/gen_axi4_axi3.axi3_conv_inst/USE_WRITE.write_addr_inst/USE_B_CHANNEL.cmd_b_queue/inst/fifo_gen_inst/inst_fifo_gen/gconvfifo.rf/grf.rf/gntv_or_sync_fifo.gl0.wr/wpntr/gcc0.gc0.count_d1_reg[3]/Q
                         net (fo=10, routed)          0.190     1.289    system_i/axi_mem_intercon/m00_couplers/auto_pc/inst/gen_axi4_axi3.axi3_conv_inst/USE_WRITE.write_addr_inst/USE_B_CHANNEL.cmd_b_queue/inst/fifo_gen_inst/inst_fifo_gen/gconvfifo.rf/grf.rf/gntv_or_sync_fifo.mem/gdm.dm_gen.dm/RAM_reg_0_31_0_4/ADDRD3
    SLICE_X6Y39          RAMS32                                       r  system_i/axi_mem_intercon/m00_couplers/auto_pc/inst/gen_axi4_axi3.axi3_conv_inst/USE_WRITE.write_addr_inst/USE_B_CHANNEL.cmd_b_queue/inst/fifo_gen_inst/inst_fifo_gen/gconvfifo.rf/grf.rf/gntv_or_sync_fifo.mem/gdm.dm_gen.dm/RAM_reg_0_31_0_4/RAMD_D1/ADR3
  -------------------------------------------------------------------    -------------------

                         (clock clk_fpga_0 rise edge)
                                                      0.000     0.000 r  
    PS7_X0Y0             PS7                          0.000     0.000 r  system_i/processing_system7_0/inst/PS7_i/FCLKCLK[0]
                         net (fo=1, routed)           0.337     0.337    system_i/processing_system7_0/inst/FCLK_CLK_unbuffered[0]
    BUFGCTRL_X0Y16       BUFG (Prop_bufg_I_O)         0.029     0.366 r  system_i/processing_system7_0/inst/buffer_fclk_clk_0.FCLK_CLK_0_BUFG/O
                         net (fo=6193, routed)        0.892     1.258    system_i/axi_mem_intercon/m00_couplers/auto_pc/inst/gen_axi4_axi3.axi3_conv_inst/USE_WRITE.write_addr_inst/USE_B_CHANNEL.cmd_b_queue/inst/fifo_gen_inst/inst_fifo_gen/gconvfifo.rf/grf.rf/gntv_or_sync_fifo.mem/gdm.dm_gen.dm/RAM_reg_0_31_0_4/WCLK
    SLICE_X6Y39          RAMS32                                       r  system_i/axi_mem_intercon/m00_couplers/auto_pc/inst/gen_axi4_axi3.axi3_conv_inst/USE_WRITE.write_addr_inst/USE_B_CHANNEL.cmd_b_queue/inst/fifo_gen_inst/inst_fifo_gen/gconvfifo.rf/grf.rf/gntv_or_sync_fifo.mem/gdm.dm_gen.dm/RAM_reg_0_31_0_4/RAMD_D1/CLK
                         clock pessimism             -0.263     0.995    
    SLICE_X6Y39          RAMS32 (Hold_rams32_CLK_ADR3)
                                                      0.240     1.235    system_i/axi_mem_intercon/m00_couplers/auto_pc/inst/gen_axi4_axi3.axi3_conv_inst/USE_WRITE.write_addr_inst/USE_B_CHANNEL.cmd_b_queue/inst/fifo_gen_inst/inst_fifo_gen/gconvfifo.rf/grf.rf/gntv_or_sync_fifo.mem/gdm.dm_gen.dm/RAM_reg_0_31_0_4/RAMD_D1
  -------------------------------------------------------------------
                         required time                         -1.235    
                         arrival time                           1.289    
  -------------------------------------------------------------------
                         slack                                  0.055    





Pulse Width Checks
--------------------------------------------------------------------------------------
Clock Name:         clk_fpga_0
Waveform(ns):       { 0.000 5.000 }
Period(ns):         10.000
Sources:            { system_i/processing_system7_0/inst/PS7_i/FCLKCLK[0] }

Check Type        Corner  Lib Pin             Reference Pin  Required(ns)  Actual(ns)  Slack(ns)  Location        Pin
Min Period        n/a     RAMB36E1/CLKARDCLK  n/a            2.170         10.000      7.830      RAMB36_X0Y3     system_i/axi_dma_0/U0/I_PRMRY_DATAMOVER/GEN_MM2S_FULL.I_MM2S_FULL_WRAPPER/GEN_INCLUDE_MM2S_SF.I_RD_SF/I_DATA_FIFO/BLK_MEM.I_SYNC_FIFOGEN_FIFO/xpm_fifo_instance.xpm_fifo_sync_inst/xpm_fifo_base_inst/gen_sdpram.xpm_memory_base_inst/gen_wr_a.gen_word_narrow.mem_reg_0/CLKARDCLK
Min Period        n/a     RAMB36E1/CLKBWRCLK  n/a            2.170         10.000      7.830      RAMB36_X0Y3     system_i/axi_dma_0/U0/I_PRMRY_DATAMOVER/GEN_MM2S_FULL.I_MM2S_FULL_WRAPPER/GEN_INCLUDE_MM2S_SF.I_RD_SF/I_DATA_FIFO/BLK_MEM.I_SYNC_FIFOGEN_FIFO/xpm_fifo_instance.xpm_fifo_sync_inst/xpm_fifo_base_inst/gen_sdpram.xpm_memory_base_inst/gen_wr_a.gen_word_narrow.mem_reg_0/CLKBWRCLK
Min Period        n/a     RAMB36E1/CLKARDCLK  n/a            2.170         10.000      7.830      RAMB36_X0Y4     system_i/axi_dma_0/U0/I_PRMRY_DATAMOVER/GEN_MM2S_FULL.I_MM2S_FULL_WRAPPER/GEN_INCLUDE_MM2S_SF.I_RD_SF/I_DATA_FIFO/BLK_MEM.I_SYNC_FIFOGEN_FIFO/xpm_fifo_instance.xpm_fifo_sync_inst/xpm_fifo_base_inst/gen_sdpram.xpm_memory_base_inst/gen_wr_a.gen_word_narrow.mem_reg_1/CLKARDCLK
Min Period        n/a     RAMB36E1/CLKBWRCLK  n/a            2.170         10.000      7.830      RAMB36_X0Y4     system_i/axi_dma_0/U0/I_PRMRY_DATAMOVER/GEN_MM2S_FULL.I_MM2S_FULL_WRAPPER/GEN_INCLUDE_MM2S_SF.I_RD_SF/I_DATA_FIFO/BLK_MEM.I_SYNC_FIFOGEN_FIFO/xpm_fifo_instance.xpm_fifo_sync_inst/xpm_fifo_base_inst/gen_sdpram.xpm_memory_base_inst/gen_wr_a.gen_word_narrow.mem_reg_1/CLKBWRCLK
Min Period        n/a     RAMB18E1/CLKARDCLK  n/a            2.170         10.000      7.830      RAMB18_X0Y10    system_i/axi_dma_0/U0/I_PRMRY_DATAMOVER/GEN_MM2S_FULL.I_MM2S_FULL_WRAPPER/GEN_INCLUDE_MM2S_SF.I_RD_SF/I_DATA_FIFO/BLK_MEM.I_SYNC_FIFOGEN_FIFO/xpm_fifo_instance.xpm_fifo_sync_inst/xpm_fifo_base_inst/gen_sdpram.xpm_memory_base_inst/gen_wr_a.gen_word_narrow.mem_reg_2/CLKARDCLK
Min Period        n/a     RAMB18E1/CLKBWRCLK  n/a            2.170         10.000      7.830      RAMB18_X0Y10    system_i/axi_dma_0/U0/I_PRMRY_DATAMOVER/GEN_MM2S_FULL.I_MM2S_FULL_WRAPPER/GEN_INCLUDE_MM2S_SF.I_RD_SF/I_DATA_FIFO/BLK_MEM.I_SYNC_FIFOGEN_FIFO/xpm_fifo_instance.xpm_fifo_sync_inst/xpm_fifo_base_inst/gen_sdpram.xpm_memory_base_inst/gen_wr_a.gen_word_narrow.mem_reg_2/CLKBWRCLK
Min Period        n/a     RAMB36E1/CLKARDCLK  n/a            2.170         10.000      7.830      RAMB36_X1Y3     system_i/axi_dma_0/U0/I_PRMRY_DATAMOVER/GEN_S2MM_FULL.I_S2MM_FULL_WRAPPER/GEN_ENABLE_INDET_BTT_SF.I_INDET_BTT/I_DATA_FIFO/BLK_MEM.I_SYNC_FIFOGEN_FIFO/xpm_fifo_instance.xpm_fifo_sync_inst/xpm_fifo_base_inst/gen_sdpram.xpm_memory_base_inst/gen_wr_a.gen_word_narrow.mem_reg/CLKARDCLK
Min Period        n/a     RAMB36E1/CLKBWRCLK  n/a            2.170         10.000      7.830      RAMB36_X1Y3     system_i/axi_dma_0/U0/I_PRMRY_DATAMOVER/GEN_S2MM_FULL.I_S2MM_FULL_WRAPPER/GEN_ENABLE_INDET_BTT_SF.I_INDET_BTT/I_DATA_FIFO/BLK_MEM.I_SYNC_FIFOGEN_FIFO/xpm_fifo_instance.xpm_fifo_sync_inst/xpm_fifo_base_inst/gen_sdpram.xpm_memory_base_inst/gen_wr_a.gen_word_narrow.mem_reg/CLKBWRCLK
Min Period        n/a     BUFG/I              n/a            1.592         10.000      8.408      BUFGCTRL_X0Y16  system_i/processing_system7_0/inst/buffer_fclk_clk_0.FCLK_CLK_0_BUFG/I
Min Period        n/a     FDRE/C              n/a            1.000         10.000      9.000      SLICE_X40Y40    system_i/axi_dma_0/U0/GEN_SG_ENGINE.I_SG_ENGINE/ftch_error_addr_reg[10]/C
Low Pulse Width   Slow    RAMD32/CLK          n/a            1.130         5.000       3.870      SLICE_X42Y17    system_i/axi_dma_0/U0/I_PRMRY_DATAMOVER/GEN_S2MM_FULL.I_S2MM_FULL_WRAPPER/GEN_ENABLE_INDET_BTT_SF.I_INDET_BTT/I_XD_FIFO/NON_BLK_MEM.I_SYNC_FIFOGEN_FIFO/xpm_fifo_instance.xpm_fifo_sync_inst/xpm_fifo_base_inst/gen_sdpram.xpm_memory_base_inst/gen_wr_a.gen_word_narrow.mem_reg_0_15_0_5/RAMA/CLK
Low Pulse Width   Fast    RAMD32/CLK          n/a            1.130         5.000       3.870      SLICE_X42Y17    system_i/axi_dma_0/U0/I_PRMRY_DATAMOVER/GEN_S2MM_FULL.I_S2MM_FULL_WRAPPER/GEN_ENABLE_INDET_BTT_SF.I_INDET_BTT/I_XD_FIFO/NON_BLK_MEM.I_SYNC_FIFOGEN_FIFO/xpm_fifo_instance.xpm_fifo_sync_inst/xpm_fifo_base_inst/gen_sdpram.xpm_memory_base_inst/gen_wr_a.gen_word_narrow.mem_reg_0_15_0_5/RAMA/CLK
Low Pulse Width   Slow    RAMD32/CLK          n/a            1.130         5.000       3.870      SLICE_X42Y17    system_i/axi_dma_0/U0/I_PRMRY_DATAMOVER/GEN_S2MM_FULL.I_S2MM_FULL_WRAPPER/GEN_ENABLE_INDET_BTT_SF.I_INDET_BTT/I_XD_FIFO/NON_BLK_MEM.I_SYNC_FIFOGEN_FIFO/xpm_fifo_instance.xpm_fifo_sync_inst/xpm_fifo_base_inst/gen_sdpram.xpm_memory_base_inst/gen_wr_a.gen_word_narrow.mem_reg_0_15_0_5/RAMA_D1/CLK
Low Pulse Width   Fast    RAMD32/CLK          n/a            1.130         5.000       3.870      SLICE_X42Y17    system_i/axi_dma_0/U0/I_PRMRY_DATAMOVER/GEN_S2MM_FULL.I_S2MM_FULL_WRAPPER/GEN_ENABLE_INDET_BTT_SF.I_INDET_BTT/I_XD_FIFO/NON_BLK_MEM.I_SYNC_FIFOGEN_FIFO/xpm_fifo_instance.xpm_fifo_sync_inst/xpm_fifo_base_inst/gen_sdpram.xpm_memory_base_inst/gen_wr_a.gen_word_narrow.mem_reg_0_15_0_5/RAMA_D1/CLK
Low Pulse Width   Slow    RAMD32/CLK          n/a            1.130         5.000       3.870      SLICE_X42Y17    system_i/axi_dma_0/U0/I_PRMRY_DATAMOVER/GEN_S2MM_FULL.I_S2MM_FULL_WRAPPER/GEN_ENABLE_INDET_BTT_SF.I_INDET_BTT/I_XD_FIFO/NON_BLK_MEM.I_SYNC_FIFOGEN_FIFO/xpm_fifo_instance.xpm_fifo_sync_inst/xpm_fifo_base_inst/gen_sdpram.xpm_memory_base_inst/gen_wr_a.gen_word_narrow.mem_reg_0_15_0_5/RAMB/CLK
Low Pulse Width   Fast    RAMD32/CLK          n/a            1.130         5.000       3.870      SLICE_X42Y17    system_i/axi_dma_0/U0/I_PRMRY_DATAMOVER/GEN_S2MM_FULL.I_S2MM_FULL_WRAPPER/GEN_ENABLE_INDET_BTT_SF.I_INDET_BTT/I_XD_FIFO/NON_BLK_MEM.I_SYNC_FIFOGEN_FIFO/xpm_fifo_instance.xpm_fifo_sync_inst/xpm_fifo_base_inst/gen_sdpram.xpm_memory_base_inst/gen_wr_a.gen_word_narrow.mem_reg_0_15_0_5/RAMB/CLK
Low Pulse Width   Slow    RAMD32/CLK          n/a            1.130         5.000       3.870      SLICE_X42Y17    system_i/axi_dma_0/U0/I_PRMRY_DATAMOVER/GEN_S2MM_FULL.I_S2MM_FULL_WRAPPER/GEN_ENABLE_INDET_BTT_SF.I_INDET_BTT/I_XD_FIFO/NON_BLK_MEM.I_SYNC_FIFOGEN_FIFO/xpm_fifo_instance.xpm_fifo_sync_inst/xpm_fifo_base_inst/gen_sdpram.xpm_memory_base_inst/gen_wr_a.gen_word_narrow.mem_reg_0_15_0_5/RAMB_D1/CLK
Low Pulse Width   Fast    RAMD32/CLK          n/a            1.130         5.000       3.870      SLICE_X42Y17    system_i/axi_dma_0/U0/I_PRMRY_DATAMOVER/GEN_S2MM_FULL.I_S2MM_FULL_WRAPPER/GEN_ENABLE_INDET_BTT_SF.I_INDET_BTT/I_XD_FIFO/NON_BLK_MEM.I_SYNC_FIFOGEN_FIFO/xpm_fifo_instance.xpm_fifo_sync_inst/xpm_fifo_base_inst/gen_sdpram.xpm_memory_base_inst/gen_wr_a.gen_word_narrow.mem_reg_0_15_0_5/RAMB_D1/CLK
Low Pulse Width   Slow    RAMD32/CLK          n/a            1.130         5.000       3.870      SLICE_X42Y17    system_i/axi_dma_0/U0/I_PRMRY_DATAMOVER/GEN_S2MM_FULL.I_S2MM_FULL_WRAPPER/GEN_ENABLE_INDET_BTT_SF.I_INDET_BTT/I_XD_FIFO/NON_BLK_MEM.I_SYNC_FIFOGEN_FIFO/xpm_fifo_instance.xpm_fifo_sync_inst/xpm_fifo_base_inst/gen_sdpram.xpm_memory_base_inst/gen_wr_a.gen_word_narrow.mem_reg_0_15_0_5/RAMC/CLK
Low Pulse Width   Fast    RAMD32/CLK          n/a            1.130         5.000       3.870      SLICE_X42Y17    system_i/axi_dma_0/U0/I_PRMRY_DATAMOVER/GEN_S2MM_FULL.I_S2MM_FULL_WRAPPER/GEN_ENABLE_INDET_BTT_SF.I_INDET_BTT/I_XD_FIFO/NON_BLK_MEM.I_SYNC_FIFOGEN_FIFO/xpm_fifo_instance.xpm_fifo_sync_inst/xpm_fifo_base_inst/gen_sdpram.xpm_memory_base_inst/gen_wr_a.gen_word_narrow.mem_reg_0_15_0_5/RAMC/CLK
High Pulse Width  Slow    RAMD32/CLK          n/a            1.130         5.000       3.870      SLICE_X42Y17    system_i/axi_dma_0/U0/I_PRMRY_DATAMOVER/GEN_S2MM_FULL.I_S2MM_FULL_WRAPPER/GEN_ENABLE_INDET_BTT_SF.I_INDET_BTT/I_XD_FIFO/NON_BLK_MEM.I_SYNC_FIFOGEN_FIFO/xpm_fifo_instance.xpm_fifo_sync_inst/xpm_fifo_base_inst/gen_sdpram.xpm_memory_base_inst/gen_wr_a.gen_word_narrow.mem_reg_0_15_0_5/RAMA/CLK
High Pulse Width  Fast    RAMD32/CLK          n/a            1.130         5.000       3.870      SLICE_X42Y17    system_i/axi_dma_0/U0/I_PRMRY_DATAMOVER/GEN_S2MM_FULL.I_S2MM_FULL_WRAPPER/GEN_ENABLE_INDET_BTT_SF.I_INDET_BTT/I_XD_FIFO/NON_BLK_MEM.I_SYNC_FIFOGEN_FIFO/xpm_fifo_instance.xpm_fifo_sync_inst/xpm_fifo_base_inst/gen_sdpram.xpm_memory_base_inst/gen_wr_a.gen_word_narrow.mem_reg_0_15_0_5/RAMA/CLK
High Pulse Width  Slow    RAMD32/CLK          n/a            1.130         5.000       3.870      SLICE_X42Y17    system_i/axi_dma_0/U0/I_PRMRY_DATAMOVER/GEN_S2MM_FULL.I_S2MM_FULL_WRAPPER/GEN_ENABLE_INDET_BTT_SF.I_INDET_BTT/I_XD_FIFO/NON_BLK_MEM.I_SYNC_FIFOGEN_FIFO/xpm_fifo_instance.xpm_fifo_sync_inst/xpm_fifo_base_inst/gen_sdpram.xpm_memory_base_inst/gen_wr_a.gen_word_narrow.mem_reg_0_15_0_5/RAMA_D1/CLK
High Pulse Width  Fast    RAMD32/CLK          n/a            1.130         5.000       3.870      SLICE_X42Y17    system_i/axi_dma_0/U0/I_PRMRY_DATAMOVER/GEN_S2MM_FULL.I_S2MM_FULL_WRAPPER/GEN_ENABLE_INDET_BTT_SF.I_INDET_BTT/I_XD_FIFO/NON_BLK_MEM.I_SYNC_FIFOGEN_FIFO/xpm_fifo_instance.xpm_fifo_sync_inst/xpm_fifo_base_inst/gen_sdpram.xpm_memory_base_inst/gen_wr_a.gen_word_narrow.mem_reg_0_15_0_5/RAMA_D1/CLK
High Pulse Width  Slow    RAMD32/CLK          n/a            1.130         5.000       3.870      SLICE_X42Y17    system_i/axi_dma_0/U0/I_PRMRY_DATAMOVER/GEN_S2MM_FULL.I_S2MM_FULL_WRAPPER/GEN_ENABLE_INDET_BTT_SF.I_INDET_BTT/I_XD_FIFO/NON_BLK_MEM.I_SYNC_FIFOGEN_FIFO/xpm_fifo_instance.xpm_fifo_sync_inst/xpm_fifo_base_inst/gen_sdpram.xpm_memory_base_inst/gen_wr_a.gen_word_narrow.mem_reg_0_15_0_5/RAMB/CLK
High Pulse Width  Fast    RAMD32/CLK          n/a            1.130         5.000       3.870      SLICE_X42Y17    system_i/axi_dma_0/U0/I_PRMRY_DATAMOVER/GEN_S2MM_FULL.I_S2MM_FULL_WRAPPER/GEN_ENABLE_INDET_BTT_SF.I_INDET_BTT/I_XD_FIFO/NON_BLK_MEM.I_SYNC_FIFOGEN_FIFO/xpm_fifo_instance.xpm_fifo_sync_inst/xpm_fifo_base_inst/gen_sdpram.xpm_memory_base_inst/gen_wr_a.gen_word_narrow.mem_reg_0_15_0_5/RAMB/CLK
High Pulse Width  Slow    RAMD32/CLK          n/a            1.130         5.000       3.870      SLICE_X42Y17    system_i/axi_dma_0/U0/I_PRMRY_DATAMOVER/GEN_S2MM_FULL.I_S2MM_FULL_WRAPPER/GEN_ENABLE_INDET_BTT_SF.I_INDET_BTT/I_XD_FIFO/NON_BLK_MEM.I_SYNC_FIFOGEN_FIFO/xpm_fifo_instance.xpm_fifo_sync_inst/xpm_fifo_base_inst/gen_sdpram.xpm_memory_base_inst/gen_wr_a.gen_word_narrow.mem_reg_0_15_0_5/RAMB_D1/CLK
High Pulse Width  Fast    RAMD32/CLK          n/a            1.130         5.000       3.870      SLICE_X42Y17    system_i/axi_dma_0/U0/I_PRMRY_DATAMOVER/GEN_S2MM_FULL.I_S2MM_FULL_WRAPPER/GEN_ENABLE_INDET_BTT_SF.I_INDET_BTT/I_XD_FIFO/NON_BLK_MEM.I_SYNC_FIFOGEN_FIFO/xpm_fifo_instance.xpm_fifo_sync_inst/xpm_fifo_base_inst/gen_sdpram.xpm_memory_base_inst/gen_wr_a.gen_word_narrow.mem_reg_0_15_0_5/RAMB_D1/CLK
High Pulse Width  Slow    RAMD32/CLK          n/a            1.130         5.000       3.870      SLICE_X42Y17    system_i/axi_dma_0/U0/I_PRMRY_DATAMOVER/GEN_S2MM_FULL.I_S2MM_FULL_WRAPPER/GEN_ENABLE_INDET_BTT_SF.I_INDET_BTT/I_XD_FIFO/NON_BLK_MEM.I_SYNC_FIFOGEN_FIFO/xpm_fifo_instance.xpm_fifo_sync_inst/xpm_fifo_base_inst/gen_sdpram.xpm_memory_base_inst/gen_wr_a.gen_word_narrow.mem_reg_0_15_0_5/RAMC/CLK
High Pulse Width  Fast    RAMD32/CLK          n/a            1.130         5.000       3.870      SLICE_X42Y17    system_i/axi_dma_0/U0/I_PRMRY_DATAMOVER/GEN_S2MM_FULL.I_S2MM_FULL_WRAPPER/GEN_ENABLE_INDET_BTT_SF.I_INDET_BTT/I_XD_FIFO/NON_BLK_MEM.I_SYNC_FIFOGEN_FIFO/xpm_fifo_instance.xpm_fifo_sync_inst/xpm_fifo_base_inst/gen_sdpram.xpm_memory_base_inst/gen_wr_a.gen_word_narrow.mem_reg_0_15_0_5/RAMC/CLK



---------------------------------------------------------------------------------------------------
From Clock:  clk_fpga_1
  To Clock:  clk_fpga_1

Setup :            0  Failing Endpoints,  Worst Slack       77.582ns,  Total Violation        0.000ns
Hold  :            0  Failing Endpoints,  Worst Slack        0.064ns,  Total Violation        0.000ns
PW    :            0  Failing Endpoints,  Worst Slack       39.370ns,  Total Violation        0.000ns
---------------------------------------------------------------------------------------------------


Max Delay Paths
--------------------------------------------------------------------------------------
Slack (MET) :             77.582ns  (required time - arrival time)
  Source:                 system_i/axi_i2s_adi_0/U0/ctrl/tx_sync/rd_addr_reg[1]/C
                            (rising edge-triggered cell FDRE clocked by clk_fpga_1  {rise@0.000ns fall@40.500ns period=81.000ns})
  Destination:            system_i/axi_i2s_adi_0/U0/ctrl/tx_sync/out_data_reg[4]/D
                            (rising edge-triggered cell FDRE clocked by clk_fpga_1  {rise@0.000ns fall@40.500ns period=81.000ns})
  Path Group:             clk_fpga_1
  Path Type:              Setup (Max at Slow Process Corner)
  Requirement:            81.000ns  (clk_fpga_1 rise@81.000ns - clk_fpga_1 rise@0.000ns)
  Data Path Delay:        1.910ns  (logic 0.604ns (31.627%)  route 1.306ns (68.373%))
  Logic Levels:           1  (RAMD32=1)
  Clock Path Skew:        -0.098ns (DCD - SCD + CPR)
    Destination Clock Delay (DCD):    2.217ns = ( 83.217 - 81.000 ) 
    Source Clock Delay      (SCD):    2.507ns
    Clock Pessimism Removal (CPR):    0.192ns
  Clock Uncertainty:      1.216ns  ((TSJ^2 + TIJ^2)^1/2 + DJ) / 2 + PE
    Total System Jitter     (TSJ):    0.071ns
    Total Input Jitter      (TIJ):    2.430ns
    Discrete Jitter          (DJ):    0.000ns
    Phase Error              (PE):    0.000ns

    Location             Delay type                Incr(ns)  Path(ns)    Netlist Resource(s)
  -------------------------------------------------------------------    -------------------
                         (clock clk_fpga_1 rise edge)
                                                      0.000     0.000 r  
    PS7_X0Y0             PS7                          0.000     0.000 r  system_i/processing_system7_0/inst/PS7_i/FCLKCLK[1]
                         net (fo=1, routed)           0.994     0.994    system_i/processing_system7_0/inst/FCLK_CLK_unbuffered[1]
    BUFGCTRL_X0Y17       BUFG (Prop_bufg_I_O)         0.085     1.079 r  system_i/processing_system7_0/inst/buffer_fclk_clk_1.FCLK_CLK_1_BUFG/O
                         net (fo=35, routed)          1.428     2.507    system_i/axi_i2s_adi_0/U0/ctrl/tx_sync/data_clk_i
    SLICE_X29Y60         FDRE                                         r  system_i/axi_i2s_adi_0/U0/ctrl/tx_sync/rd_addr_reg[1]/C
  -------------------------------------------------------------------    -------------------
    SLICE_X29Y60         FDRE (Prop_fdre_C_Q)         0.348     2.855 r  system_i/axi_i2s_adi_0/U0/ctrl/tx_sync/rd_addr_reg[1]/Q
                         net (fo=7, routed)           0.964     3.819    system_i/axi_i2s_adi_0/U0/ctrl/tx_sync/fifo_reg_0_3_0_4/ADDRC1
    SLICE_X30Y60         RAMD32 (Prop_ramd32_RADR1_O)
                                                      0.256     4.075 r  system_i/axi_i2s_adi_0/U0/ctrl/tx_sync/fifo_reg_0_3_0_4/RAMC/O
                         net (fo=1, routed)           0.342     4.417    system_i/axi_i2s_adi_0/U0/ctrl/tx_sync/out_data0[4]
    SLICE_X33Y60         FDRE                                         r  system_i/axi_i2s_adi_0/U0/ctrl/tx_sync/out_data_reg[4]/D
  -------------------------------------------------------------------    -------------------

                         (clock clk_fpga_1 rise edge)
                                                     81.000    81.000 r  
    PS7_X0Y0             PS7                          0.000    81.000 r  system_i/processing_system7_0/inst/PS7_i/FCLKCLK[1]
                         net (fo=1, routed)           0.905    81.906    system_i/processing_system7_0/inst/FCLK_CLK_unbuffered[1]
    BUFGCTRL_X0Y17       BUFG (Prop_bufg_I_O)         0.077    81.983 r  system_i/processing_system7_0/inst/buffer_fclk_clk_1.FCLK_CLK_1_BUFG/O
                         net (fo=35, routed)          1.234    83.217    system_i/axi_i2s_adi_0/U0/ctrl/tx_sync/data_clk_i
    SLICE_X33Y60         FDRE                                         r  system_i/axi_i2s_adi_0/U0/ctrl/tx_sync/out_data_reg[4]/C
                         clock pessimism              0.192    83.409    
                         clock uncertainty           -1.216    82.193    
    SLICE_X33Y60         FDRE (Setup_fdre_C_D)       -0.195    81.998    system_i/axi_i2s_adi_0/U0/ctrl/tx_sync/out_data_reg[4]
  -------------------------------------------------------------------
                         required time                         81.998    
                         arrival time                          -4.417    
  -------------------------------------------------------------------
                         slack                                 77.582    

Slack (MET) :             77.684ns  (required time - arrival time)
  Source:                 system_i/axi_i2s_adi_0/U0/ctrl/tx_sync/rd_addr_reg[0]/C
                            (rising edge-triggered cell FDRE clocked by clk_fpga_1  {rise@0.000ns fall@40.500ns period=81.000ns})
  Destination:            system_i/axi_i2s_adi_0/U0/ctrl/tx_sync/out_data_reg[2]/D
                            (rising edge-triggered cell FDRE clocked by clk_fpga_1  {rise@0.000ns fall@40.500ns period=81.000ns})
  Path Group:             clk_fpga_1
  Path Type:              Setup (Max at Slow Process Corner)
  Requirement:            81.000ns  (clk_fpga_1 rise@81.000ns - clk_fpga_1 rise@0.000ns)
  Data Path Delay:        1.783ns  (logic 0.497ns (27.881%)  route 1.286ns (72.119%))
  Logic Levels:           1  (RAMD32=1)
  Clock Path Skew:        -0.098ns (DCD - SCD + CPR)
    Destination Clock Delay (DCD):    2.217ns = ( 83.217 - 81.000 ) 
    Source Clock Delay      (SCD):    2.507ns
    Clock Pessimism Removal (CPR):    0.192ns
  Clock Uncertainty:      1.216ns  ((TSJ^2 + TIJ^2)^1/2 + DJ) / 2 + PE
    Total System Jitter     (TSJ):    0.071ns
    Total Input Jitter      (TIJ):    2.430ns
    Discrete Jitter          (DJ):    0.000ns
    Phase Error              (PE):    0.000ns

    Location             Delay type                Incr(ns)  Path(ns)    Netlist Resource(s)
  -------------------------------------------------------------------    -------------------
                         (clock clk_fpga_1 rise edge)
                                                      0.000     0.000 r  
    PS7_X0Y0             PS7                          0.000     0.000 r  system_i/processing_system7_0/inst/PS7_i/FCLKCLK[1]
                         net (fo=1, routed)           0.994     0.994    system_i/processing_system7_0/inst/FCLK_CLK_unbuffered[1]
    BUFGCTRL_X0Y17       BUFG (Prop_bufg_I_O)         0.085     1.079 r  system_i/processing_system7_0/inst/buffer_fclk_clk_1.FCLK_CLK_1_BUFG/O
                         net (fo=35, routed)          1.428     2.507    system_i/axi_i2s_adi_0/U0/ctrl/tx_sync/data_clk_i
    SLICE_X29Y60         FDRE                                         r  system_i/axi_i2s_adi_0/U0/ctrl/tx_sync/rd_addr_reg[0]/C
  -------------------------------------------------------------------    -------------------
    SLICE_X29Y60         FDRE (Prop_fdre_C_Q)         0.379     2.886 r  system_i/axi_i2s_adi_0/U0/ctrl/tx_sync/rd_addr_reg[0]/Q
                         net (fo=8, routed)           0.804     3.690    system_i/axi_i2s_adi_0/U0/ctrl/tx_sync/fifo_reg_0_3_0_4/ADDRB0
    SLICE_X30Y60         RAMD32 (Prop_ramd32_RADR0_O)
                                                      0.118     3.808 r  system_i/axi_i2s_adi_0/U0/ctrl/tx_sync/fifo_reg_0_3_0_4/RAMB/O
                         net (fo=1, routed)           0.482     4.290    system_i/axi_i2s_adi_0/U0/ctrl/tx_sync/out_data0[2]
    SLICE_X33Y60         FDRE                                         r  system_i/axi_i2s_adi_0/U0/ctrl/tx_sync/out_data_reg[2]/D
  -------------------------------------------------------------------    -------------------

                         (clock clk_fpga_1 rise edge)
                                                     81.000    81.000 r  
    PS7_X0Y0             PS7                          0.000    81.000 r  system_i/processing_system7_0/inst/PS7_i/FCLKCLK[1]
                         net (fo=1, routed)           0.905    81.906    system_i/processing_system7_0/inst/FCLK_CLK_unbuffered[1]
    BUFGCTRL_X0Y17       BUFG (Prop_bufg_I_O)         0.077    81.983 r  system_i/processing_system7_0/inst/buffer_fclk_clk_1.FCLK_CLK_1_BUFG/O
                         net (fo=35, routed)          1.234    83.217    system_i/axi_i2s_adi_0/U0/ctrl/tx_sync/data_clk_i
    SLICE_X33Y60         FDRE                                         r  system_i/axi_i2s_adi_0/U0/ctrl/tx_sync/out_data_reg[2]/C
                         clock pessimism              0.192    83.409    
                         clock uncertainty           -1.216    82.193    
    SLICE_X33Y60         FDRE (Setup_fdre_C_D)       -0.220    81.973    system_i/axi_i2s_adi_0/U0/ctrl/tx_sync/out_data_reg[2]
  -------------------------------------------------------------------
                         required time                         81.973    
                         arrival time                          -4.290    
  -------------------------------------------------------------------
                         slack                                 77.684    

Slack (MET) :             77.766ns  (required time - arrival time)
  Source:                 system_i/axi_i2s_adi_0/U0/ctrl/tx_sync/rd_addr_reg[0]/C
                            (rising edge-triggered cell FDRE clocked by clk_fpga_1  {rise@0.000ns fall@40.500ns period=81.000ns})
  Destination:            system_i/axi_i2s_adi_0/U0/ctrl/tx_sync/out_data_reg[1]/D
                            (rising edge-triggered cell FDRE clocked by clk_fpga_1  {rise@0.000ns fall@40.500ns period=81.000ns})
  Path Group:             clk_fpga_1
  Path Type:              Setup (Max at Slow Process Corner)
  Requirement:            81.000ns  (clk_fpga_1 rise@81.000ns - clk_fpga_1 rise@0.000ns)
  Data Path Delay:        1.862ns  (logic 0.484ns (25.995%)  route 1.378ns (74.005%))
  Logic Levels:           1  (RAMD32=1)
  Clock Path Skew:        -0.098ns (DCD - SCD + CPR)
    Destination Clock Delay (DCD):    2.217ns = ( 83.217 - 81.000 ) 
    Source Clock Delay      (SCD):    2.507ns
    Clock Pessimism Removal (CPR):    0.192ns
  Clock Uncertainty:      1.216ns  ((TSJ^2 + TIJ^2)^1/2 + DJ) / 2 + PE
    Total System Jitter     (TSJ):    0.071ns
    Total Input Jitter      (TIJ):    2.430ns
    Discrete Jitter          (DJ):    0.000ns
    Phase Error              (PE):    0.000ns

    Location             Delay type                Incr(ns)  Path(ns)    Netlist Resource(s)
  -------------------------------------------------------------------    -------------------
                         (clock clk_fpga_1 rise edge)
                                                      0.000     0.000 r  
    PS7_X0Y0             PS7                          0.000     0.000 r  system_i/processing_system7_0/inst/PS7_i/FCLKCLK[1]
                         net (fo=1, routed)           0.994     0.994    system_i/processing_system7_0/inst/FCLK_CLK_unbuffered[1]
    BUFGCTRL_X0Y17       BUFG (Prop_bufg_I_O)         0.085     1.079 r  system_i/processing_system7_0/inst/buffer_fclk_clk_1.FCLK_CLK_1_BUFG/O
                         net (fo=35, routed)          1.428     2.507    system_i/axi_i2s_adi_0/U0/ctrl/tx_sync/data_clk_i
    SLICE_X29Y60         FDRE                                         r  system_i/axi_i2s_adi_0/U0/ctrl/tx_sync/rd_addr_reg[0]/C
  -------------------------------------------------------------------    -------------------
    SLICE_X29Y60         FDRE (Prop_fdre_C_Q)         0.379     2.886 r  system_i/axi_i2s_adi_0/U0/ctrl/tx_sync/rd_addr_reg[0]/Q
                         net (fo=8, routed)           0.813     3.699    system_i/axi_i2s_adi_0/U0/ctrl/tx_sync/fifo_reg_0_3_0_4/ADDRA0
    SLICE_X30Y60         RAMD32 (Prop_ramd32_RADR0_O)
                                                      0.105     3.804 r  system_i/axi_i2s_adi_0/U0/ctrl/tx_sync/fifo_reg_0_3_0_4/RAMA_D1/O
                         net (fo=1, routed)           0.565     4.369    system_i/axi_i2s_adi_0/U0/ctrl/tx_sync/out_data0[1]
    SLICE_X33Y60         FDRE                                         r  system_i/axi_i2s_adi_0/U0/ctrl/tx_sync/out_data_reg[1]/D
  -------------------------------------------------------------------    -------------------

                         (clock clk_fpga_1 rise edge)
                                                     81.000    81.000 r  
    PS7_X0Y0             PS7                          0.000    81.000 r  system_i/processing_system7_0/inst/PS7_i/FCLKCLK[1]
                         net (fo=1, routed)           0.905    81.906    system_i/processing_system7_0/inst/FCLK_CLK_unbuffered[1]
    BUFGCTRL_X0Y17       BUFG (Prop_bufg_I_O)         0.077    81.983 r  system_i/processing_system7_0/inst/buffer_fclk_clk_1.FCLK_CLK_1_BUFG/O
                         net (fo=35, routed)          1.234    83.217    system_i/axi_i2s_adi_0/U0/ctrl/tx_sync/data_clk_i
    SLICE_X33Y60         FDRE                                         r  system_i/axi_i2s_adi_0/U0/ctrl/tx_sync/out_data_reg[1]/C
                         clock pessimism              0.192    83.409    
                         clock uncertainty           -1.216    82.193    
    SLICE_X33Y60         FDRE (Setup_fdre_C_D)       -0.059    82.134    system_i/axi_i2s_adi_0/U0/ctrl/tx_sync/out_data_reg[1]
  -------------------------------------------------------------------
                         required time                         82.134    
                         arrival time                          -4.369    
  -------------------------------------------------------------------
                         slack                                 77.766    

Slack (MET) :             77.798ns  (required time - arrival time)
  Source:                 system_i/axi_i2s_adi_0/U0/ctrl/tx_sync/cdc_sync_stage3_tick_reg/C
                            (rising edge-triggered cell FDRE clocked by clk_fpga_1  {rise@0.000ns fall@40.500ns period=81.000ns})
  Destination:            system_i/axi_i2s_adi_0/U0/ctrl/tx_sync/out_data_reg[0]/CE
                            (rising edge-triggered cell FDRE clocked by clk_fpga_1  {rise@0.000ns fall@40.500ns period=81.000ns})
  Path Group:             clk_fpga_1
  Path Type:              Setup (Max at Slow Process Corner)
  Requirement:            81.000ns  (clk_fpga_1 rise@81.000ns - clk_fpga_1 rise@0.000ns)
  Data Path Delay:        1.722ns  (logic 0.484ns (28.108%)  route 1.238ns (71.892%))
  Logic Levels:           1  (LUT2=1)
  Clock Path Skew:        -0.097ns (DCD - SCD + CPR)
    Destination Clock Delay (DCD):    2.217ns = ( 83.217 - 81.000 ) 
    Source Clock Delay      (SCD):    2.506ns
    Clock Pessimism Removal (CPR):    0.192ns
  Clock Uncertainty:      1.216ns  ((TSJ^2 + TIJ^2)^1/2 + DJ) / 2 + PE
    Total System Jitter     (TSJ):    0.071ns
    Total Input Jitter      (TIJ):    2.430ns
    Discrete Jitter          (DJ):    0.000ns
    Phase Error              (PE):    0.000ns

    Location             Delay type                Incr(ns)  Path(ns)    Netlist Resource(s)
  -------------------------------------------------------------------    -------------------
                         (clock clk_fpga_1 rise edge)
                                                      0.000     0.000 r  
    PS7_X0Y0             PS7                          0.000     0.000 r  system_i/processing_system7_0/inst/PS7_i/FCLKCLK[1]
                         net (fo=1, routed)           0.994     0.994    system_i/processing_system7_0/inst/FCLK_CLK_unbuffered[1]
    BUFGCTRL_X0Y17       BUFG (Prop_bufg_I_O)         0.085     1.079 r  system_i/processing_system7_0/inst/buffer_fclk_clk_1.FCLK_CLK_1_BUFG/O
                         net (fo=35, routed)          1.427     2.506    system_i/axi_i2s_adi_0/U0/ctrl/tx_sync/data_clk_i
    SLICE_X31Y61         FDRE                                         r  system_i/axi_i2s_adi_0/U0/ctrl/tx_sync/cdc_sync_stage3_tick_reg/C
  -------------------------------------------------------------------    -------------------
    SLICE_X31Y61         FDRE (Prop_fdre_C_Q)         0.379     2.885 r  system_i/axi_i2s_adi_0/U0/ctrl/tx_sync/cdc_sync_stage3_tick_reg/Q
                         net (fo=3, routed)           0.661     3.546    system_i/axi_i2s_adi_0/U0/ctrl/tx_sync/cdc_sync_stage3_tick_1
    SLICE_X31Y60         LUT2 (Prop_lut2_I0_O)        0.105     3.651 r  system_i/axi_i2s_adi_0/U0/ctrl/tx_sync/out_data[4]_i_1/O
                         net (fo=5, routed)           0.577     4.228    system_i/axi_i2s_adi_0/U0/ctrl/tx_sync/out_data[4]_i_1_n_0
    SLICE_X33Y60         FDRE                                         r  system_i/axi_i2s_adi_0/U0/ctrl/tx_sync/out_data_reg[0]/CE
  -------------------------------------------------------------------    -------------------

                         (clock clk_fpga_1 rise edge)
                                                     81.000    81.000 r  
    PS7_X0Y0             PS7                          0.000    81.000 r  system_i/processing_system7_0/inst/PS7_i/FCLKCLK[1]
                         net (fo=1, routed)           0.905    81.906    system_i/processing_system7_0/inst/FCLK_CLK_unbuffered[1]
    BUFGCTRL_X0Y17       BUFG (Prop_bufg_I_O)         0.077    81.983 r  system_i/processing_system7_0/inst/buffer_fclk_clk_1.FCLK_CLK_1_BUFG/O
                         net (fo=35, routed)          1.234    83.217    system_i/axi_i2s_adi_0/U0/ctrl/tx_sync/data_clk_i
    SLICE_X33Y60         FDRE                                         r  system_i/axi_i2s_adi_0/U0/ctrl/tx_sync/out_data_reg[0]/C
                         clock pessimism              0.192    83.409    
                         clock uncertainty           -1.216    82.193    
    SLICE_X33Y60         FDRE (Setup_fdre_C_CE)      -0.168    82.025    system_i/axi_i2s_adi_0/U0/ctrl/tx_sync/out_data_reg[0]
  -------------------------------------------------------------------
                         required time                         82.025    
                         arrival time                          -4.228    
  -------------------------------------------------------------------
                         slack                                 77.798    

Slack (MET) :             77.798ns  (required time - arrival time)
  Source:                 system_i/axi_i2s_adi_0/U0/ctrl/tx_sync/cdc_sync_stage3_tick_reg/C
                            (rising edge-triggered cell FDRE clocked by clk_fpga_1  {rise@0.000ns fall@40.500ns period=81.000ns})
  Destination:            system_i/axi_i2s_adi_0/U0/ctrl/tx_sync/out_data_reg[1]/CE
                            (rising edge-triggered cell FDRE clocked by clk_fpga_1  {rise@0.000ns fall@40.500ns period=81.000ns})
  Path Group:             clk_fpga_1
  Path Type:              Setup (Max at Slow Process Corner)
  Requirement:            81.000ns  (clk_fpga_1 rise@81.000ns - clk_fpga_1 rise@0.000ns)
  Data Path Delay:        1.722ns  (logic 0.484ns (28.108%)  route 1.238ns (71.892%))
  Logic Levels:           1  (LUT2=1)
  Clock Path Skew:        -0.097ns (DCD - SCD + CPR)
    Destination Clock Delay (DCD):    2.217ns = ( 83.217 - 81.000 ) 
    Source Clock Delay      (SCD):    2.506ns
    Clock Pessimism Removal (CPR):    0.192ns
  Clock Uncertainty:      1.216ns  ((TSJ^2 + TIJ^2)^1/2 + DJ) / 2 + PE
    Total System Jitter     (TSJ):    0.071ns
    Total Input Jitter      (TIJ):    2.430ns
    Discrete Jitter          (DJ):    0.000ns
    Phase Error              (PE):    0.000ns

    Location             Delay type                Incr(ns)  Path(ns)    Netlist Resource(s)
  -------------------------------------------------------------------    -------------------
                         (clock clk_fpga_1 rise edge)
                                                      0.000     0.000 r  
    PS7_X0Y0             PS7                          0.000     0.000 r  system_i/processing_system7_0/inst/PS7_i/FCLKCLK[1]
                         net (fo=1, routed)           0.994     0.994    system_i/processing_system7_0/inst/FCLK_CLK_unbuffered[1]
    BUFGCTRL_X0Y17       BUFG (Prop_bufg_I_O)         0.085     1.079 r  system_i/processing_system7_0/inst/buffer_fclk_clk_1.FCLK_CLK_1_BUFG/O
                         net (fo=35, routed)          1.427     2.506    system_i/axi_i2s_adi_0/U0/ctrl/tx_sync/data_clk_i
    SLICE_X31Y61         FDRE                                         r  system_i/axi_i2s_adi_0/U0/ctrl/tx_sync/cdc_sync_stage3_tick_reg/C
  -------------------------------------------------------------------    -------------------
    SLICE_X31Y61         FDRE (Prop_fdre_C_Q)         0.379     2.885 r  system_i/axi_i2s_adi_0/U0/ctrl/tx_sync/cdc_sync_stage3_tick_reg/Q
                         net (fo=3, routed)           0.661     3.546    system_i/axi_i2s_adi_0/U0/ctrl/tx_sync/cdc_sync_stage3_tick_1
    SLICE_X31Y60         LUT2 (Prop_lut2_I0_O)        0.105     3.651 r  system_i/axi_i2s_adi_0/U0/ctrl/tx_sync/out_data[4]_i_1/O
                         net (fo=5, routed)           0.577     4.228    system_i/axi_i2s_adi_0/U0/ctrl/tx_sync/out_data[4]_i_1_n_0
    SLICE_X33Y60         FDRE                                         r  system_i/axi_i2s_adi_0/U0/ctrl/tx_sync/out_data_reg[1]/CE
  -------------------------------------------------------------------    -------------------

                         (clock clk_fpga_1 rise edge)
                                                     81.000    81.000 r  
    PS7_X0Y0             PS7                          0.000    81.000 r  system_i/processing_system7_0/inst/PS7_i/FCLKCLK[1]
                         net (fo=1, routed)           0.905    81.906    system_i/processing_system7_0/inst/FCLK_CLK_unbuffered[1]
    BUFGCTRL_X0Y17       BUFG (Prop_bufg_I_O)         0.077    81.983 r  system_i/processing_system7_0/inst/buffer_fclk_clk_1.FCLK_CLK_1_BUFG/O
                         net (fo=35, routed)          1.234    83.217    system_i/axi_i2s_adi_0/U0/ctrl/tx_sync/data_clk_i
    SLICE_X33Y60         FDRE                                         r  system_i/axi_i2s_adi_0/U0/ctrl/tx_sync/out_data_reg[1]/C
                         clock pessimism              0.192    83.409    
                         clock uncertainty           -1.216    82.193    
    SLICE_X33Y60         FDRE (Setup_fdre_C_CE)      -0.168    82.025    system_i/axi_i2s_adi_0/U0/ctrl/tx_sync/out_data_reg[1]
  -------------------------------------------------------------------
                         required time                         82.025    
                         arrival time                          -4.228    
  -------------------------------------------------------------------
                         slack                                 77.798    

Slack (MET) :             77.798ns  (required time - arrival time)
  Source:                 system_i/axi_i2s_adi_0/U0/ctrl/tx_sync/cdc_sync_stage3_tick_reg/C
                            (rising edge-triggered cell FDRE clocked by clk_fpga_1  {rise@0.000ns fall@40.500ns period=81.000ns})
  Destination:            system_i/axi_i2s_adi_0/U0/ctrl/tx_sync/out_data_reg[2]/CE
                            (rising edge-triggered cell FDRE clocked by clk_fpga_1  {rise@0.000ns fall@40.500ns period=81.000ns})
  Path Group:             clk_fpga_1
  Path Type:              Setup (Max at Slow Process Corner)
  Requirement:            81.000ns  (clk_fpga_1 rise@81.000ns - clk_fpga_1 rise@0.000ns)
  Data Path Delay:        1.722ns  (logic 0.484ns (28.108%)  route 1.238ns (71.892%))
  Logic Levels:           1  (LUT2=1)
  Clock Path Skew:        -0.097ns (DCD - SCD + CPR)
    Destination Clock Delay (DCD):    2.217ns = ( 83.217 - 81.000 ) 
    Source Clock Delay      (SCD):    2.506ns
    Clock Pessimism Removal (CPR):    0.192ns
  Clock Uncertainty:      1.216ns  ((TSJ^2 + TIJ^2)^1/2 + DJ) / 2 + PE
    Total System Jitter     (TSJ):    0.071ns
    Total Input Jitter      (TIJ):    2.430ns
    Discrete Jitter          (DJ):    0.000ns
    Phase Error              (PE):    0.000ns

    Location             Delay type                Incr(ns)  Path(ns)    Netlist Resource(s)
  -------------------------------------------------------------------    -------------------
                         (clock clk_fpga_1 rise edge)
                                                      0.000     0.000 r  
    PS7_X0Y0             PS7                          0.000     0.000 r  system_i/processing_system7_0/inst/PS7_i/FCLKCLK[1]
                         net (fo=1, routed)           0.994     0.994    system_i/processing_system7_0/inst/FCLK_CLK_unbuffered[1]
    BUFGCTRL_X0Y17       BUFG (Prop_bufg_I_O)         0.085     1.079 r  system_i/processing_system7_0/inst/buffer_fclk_clk_1.FCLK_CLK_1_BUFG/O
                         net (fo=35, routed)          1.427     2.506    system_i/axi_i2s_adi_0/U0/ctrl/tx_sync/data_clk_i
    SLICE_X31Y61         FDRE                                         r  system_i/axi_i2s_adi_0/U0/ctrl/tx_sync/cdc_sync_stage3_tick_reg/C
  -------------------------------------------------------------------    -------------------
    SLICE_X31Y61         FDRE (Prop_fdre_C_Q)         0.379     2.885 r  system_i/axi_i2s_adi_0/U0/ctrl/tx_sync/cdc_sync_stage3_tick_reg/Q
                         net (fo=3, routed)           0.661     3.546    system_i/axi_i2s_adi_0/U0/ctrl/tx_sync/cdc_sync_stage3_tick_1
    SLICE_X31Y60         LUT2 (Prop_lut2_I0_O)        0.105     3.651 r  system_i/axi_i2s_adi_0/U0/ctrl/tx_sync/out_data[4]_i_1/O
                         net (fo=5, routed)           0.577     4.228    system_i/axi_i2s_adi_0/U0/ctrl/tx_sync/out_data[4]_i_1_n_0
    SLICE_X33Y60         FDRE                                         r  system_i/axi_i2s_adi_0/U0/ctrl/tx_sync/out_data_reg[2]/CE
  -------------------------------------------------------------------    -------------------

                         (clock clk_fpga_1 rise edge)
                                                     81.000    81.000 r  
    PS7_X0Y0             PS7                          0.000    81.000 r  system_i/processing_system7_0/inst/PS7_i/FCLKCLK[1]
                         net (fo=1, routed)           0.905    81.906    system_i/processing_system7_0/inst/FCLK_CLK_unbuffered[1]
    BUFGCTRL_X0Y17       BUFG (Prop_bufg_I_O)         0.077    81.983 r  system_i/processing_system7_0/inst/buffer_fclk_clk_1.FCLK_CLK_1_BUFG/O
                         net (fo=35, routed)          1.234    83.217    system_i/axi_i2s_adi_0/U0/ctrl/tx_sync/data_clk_i
    SLICE_X33Y60         FDRE                                         r  system_i/axi_i2s_adi_0/U0/ctrl/tx_sync/out_data_reg[2]/C
                         clock pessimism              0.192    83.409    
                         clock uncertainty           -1.216    82.193    
    SLICE_X33Y60         FDRE (Setup_fdre_C_CE)      -0.168    82.025    system_i/axi_i2s_adi_0/U0/ctrl/tx_sync/out_data_reg[2]
  -------------------------------------------------------------------
                         required time                         82.025    
                         arrival time                          -4.228    
  -------------------------------------------------------------------
                         slack                                 77.798    

Slack (MET) :             77.798ns  (required time - arrival time)
  Source:                 system_i/axi_i2s_adi_0/U0/ctrl/tx_sync/cdc_sync_stage3_tick_reg/C
                            (rising edge-triggered cell FDRE clocked by clk_fpga_1  {rise@0.000ns fall@40.500ns period=81.000ns})
  Destination:            system_i/axi_i2s_adi_0/U0/ctrl/tx_sync/out_data_reg[3]/CE
                            (rising edge-triggered cell FDRE clocked by clk_fpga_1  {rise@0.000ns fall@40.500ns period=81.000ns})
  Path Group:             clk_fpga_1
  Path Type:              Setup (Max at Slow Process Corner)
  Requirement:            81.000ns  (clk_fpga_1 rise@81.000ns - clk_fpga_1 rise@0.000ns)
  Data Path Delay:        1.722ns  (logic 0.484ns (28.108%)  route 1.238ns (71.892%))
  Logic Levels:           1  (LUT2=1)
  Clock Path Skew:        -0.097ns (DCD - SCD + CPR)
    Destination Clock Delay (DCD):    2.217ns = ( 83.217 - 81.000 ) 
    Source Clock Delay      (SCD):    2.506ns
    Clock Pessimism Removal (CPR):    0.192ns
  Clock Uncertainty:      1.216ns  ((TSJ^2 + TIJ^2)^1/2 + DJ) / 2 + PE
    Total System Jitter     (TSJ):    0.071ns
    Total Input Jitter      (TIJ):    2.430ns
    Discrete Jitter          (DJ):    0.000ns
    Phase Error              (PE):    0.000ns

    Location             Delay type                Incr(ns)  Path(ns)    Netlist Resource(s)
  -------------------------------------------------------------------    -------------------
                         (clock clk_fpga_1 rise edge)
                                                      0.000     0.000 r  
    PS7_X0Y0             PS7                          0.000     0.000 r  system_i/processing_system7_0/inst/PS7_i/FCLKCLK[1]
                         net (fo=1, routed)           0.994     0.994    system_i/processing_system7_0/inst/FCLK_CLK_unbuffered[1]
    BUFGCTRL_X0Y17       BUFG (Prop_bufg_I_O)         0.085     1.079 r  system_i/processing_system7_0/inst/buffer_fclk_clk_1.FCLK_CLK_1_BUFG/O
                         net (fo=35, routed)          1.427     2.506    system_i/axi_i2s_adi_0/U0/ctrl/tx_sync/data_clk_i
    SLICE_X31Y61         FDRE                                         r  system_i/axi_i2s_adi_0/U0/ctrl/tx_sync/cdc_sync_stage3_tick_reg/C
  -------------------------------------------------------------------    -------------------
    SLICE_X31Y61         FDRE (Prop_fdre_C_Q)         0.379     2.885 r  system_i/axi_i2s_adi_0/U0/ctrl/tx_sync/cdc_sync_stage3_tick_reg/Q
                         net (fo=3, routed)           0.661     3.546    system_i/axi_i2s_adi_0/U0/ctrl/tx_sync/cdc_sync_stage3_tick_1
    SLICE_X31Y60         LUT2 (Prop_lut2_I0_O)        0.105     3.651 r  system_i/axi_i2s_adi_0/U0/ctrl/tx_sync/out_data[4]_i_1/O
                         net (fo=5, routed)           0.577     4.228    system_i/axi_i2s_adi_0/U0/ctrl/tx_sync/out_data[4]_i_1_n_0
    SLICE_X33Y60         FDRE                                         r  system_i/axi_i2s_adi_0/U0/ctrl/tx_sync/out_data_reg[3]/CE
  -------------------------------------------------------------------    -------------------

                         (clock clk_fpga_1 rise edge)
                                                     81.000    81.000 r  
    PS7_X0Y0             PS7                          0.000    81.000 r  system_i/processing_system7_0/inst/PS7_i/FCLKCLK[1]
                         net (fo=1, routed)           0.905    81.906    system_i/processing_system7_0/inst/FCLK_CLK_unbuffered[1]
    BUFGCTRL_X0Y17       BUFG (Prop_bufg_I_O)         0.077    81.983 r  system_i/processing_system7_0/inst/buffer_fclk_clk_1.FCLK_CLK_1_BUFG/O
                         net (fo=35, routed)          1.234    83.217    system_i/axi_i2s_adi_0/U0/ctrl/tx_sync/data_clk_i
    SLICE_X33Y60         FDRE                                         r  system_i/axi_i2s_adi_0/U0/ctrl/tx_sync/out_data_reg[3]/C
                         clock pessimism              0.192    83.409    
                         clock uncertainty           -1.216    82.193    
    SLICE_X33Y60         FDRE (Setup_fdre_C_CE)      -0.168    82.025    system_i/axi_i2s_adi_0/U0/ctrl/tx_sync/out_data_reg[3]
  -------------------------------------------------------------------
                         required time                         82.025    
                         arrival time                          -4.228    
  -------------------------------------------------------------------
                         slack                                 77.798    

Slack (MET) :             77.798ns  (required time - arrival time)
  Source:                 system_i/axi_i2s_adi_0/U0/ctrl/tx_sync/cdc_sync_stage3_tick_reg/C
                            (rising edge-triggered cell FDRE clocked by clk_fpga_1  {rise@0.000ns fall@40.500ns period=81.000ns})
  Destination:            system_i/axi_i2s_adi_0/U0/ctrl/tx_sync/out_data_reg[4]/CE
                            (rising edge-triggered cell FDRE clocked by clk_fpga_1  {rise@0.000ns fall@40.500ns period=81.000ns})
  Path Group:             clk_fpga_1
  Path Type:              Setup (Max at Slow Process Corner)
  Requirement:            81.000ns  (clk_fpga_1 rise@81.000ns - clk_fpga_1 rise@0.000ns)
  Data Path Delay:        1.722ns  (logic 0.484ns (28.108%)  route 1.238ns (71.892%))
  Logic Levels:           1  (LUT2=1)
  Clock Path Skew:        -0.097ns (DCD - SCD + CPR)
    Destination Clock Delay (DCD):    2.217ns = ( 83.217 - 81.000 ) 
    Source Clock Delay      (SCD):    2.506ns
    Clock Pessimism Removal (CPR):    0.192ns
  Clock Uncertainty:      1.216ns  ((TSJ^2 + TIJ^2)^1/2 + DJ) / 2 + PE
    Total System Jitter     (TSJ):    0.071ns
    Total Input Jitter      (TIJ):    2.430ns
    Discrete Jitter          (DJ):    0.000ns
    Phase Error              (PE):    0.000ns

    Location             Delay type                Incr(ns)  Path(ns)    Netlist Resource(s)
  -------------------------------------------------------------------    -------------------
                         (clock clk_fpga_1 rise edge)
                                                      0.000     0.000 r  
    PS7_X0Y0             PS7                          0.000     0.000 r  system_i/processing_system7_0/inst/PS7_i/FCLKCLK[1]
                         net (fo=1, routed)           0.994     0.994    system_i/processing_system7_0/inst/FCLK_CLK_unbuffered[1]
    BUFGCTRL_X0Y17       BUFG (Prop_bufg_I_O)         0.085     1.079 r  system_i/processing_system7_0/inst/buffer_fclk_clk_1.FCLK_CLK_1_BUFG/O
                         net (fo=35, routed)          1.427     2.506    system_i/axi_i2s_adi_0/U0/ctrl/tx_sync/data_clk_i
    SLICE_X31Y61         FDRE                                         r  system_i/axi_i2s_adi_0/U0/ctrl/tx_sync/cdc_sync_stage3_tick_reg/C
  -------------------------------------------------------------------    -------------------
    SLICE_X31Y61         FDRE (Prop_fdre_C_Q)         0.379     2.885 r  system_i/axi_i2s_adi_0/U0/ctrl/tx_sync/cdc_sync_stage3_tick_reg/Q
                         net (fo=3, routed)           0.661     3.546    system_i/axi_i2s_adi_0/U0/ctrl/tx_sync/cdc_sync_stage3_tick_1
    SLICE_X31Y60         LUT2 (Prop_lut2_I0_O)        0.105     3.651 r  system_i/axi_i2s_adi_0/U0/ctrl/tx_sync/out_data[4]_i_1/O
                         net (fo=5, routed)           0.577     4.228    system_i/axi_i2s_adi_0/U0/ctrl/tx_sync/out_data[4]_i_1_n_0
    SLICE_X33Y60         FDRE                                         r  system_i/axi_i2s_adi_0/U0/ctrl/tx_sync/out_data_reg[4]/CE
  -------------------------------------------------------------------    -------------------

                         (clock clk_fpga_1 rise edge)
                                                     81.000    81.000 r  
    PS7_X0Y0             PS7                          0.000    81.000 r  system_i/processing_system7_0/inst/PS7_i/FCLKCLK[1]
                         net (fo=1, routed)           0.905    81.906    system_i/processing_system7_0/inst/FCLK_CLK_unbuffered[1]
    BUFGCTRL_X0Y17       BUFG (Prop_bufg_I_O)         0.077    81.983 r  system_i/processing_system7_0/inst/buffer_fclk_clk_1.FCLK_CLK_1_BUFG/O
                         net (fo=35, routed)          1.234    83.217    system_i/axi_i2s_adi_0/U0/ctrl/tx_sync/data_clk_i
    SLICE_X33Y60         FDRE                                         r  system_i/axi_i2s_adi_0/U0/ctrl/tx_sync/out_data_reg[4]/C
                         clock pessimism              0.192    83.409    
                         clock uncertainty           -1.216    82.193    
    SLICE_X33Y60         FDRE (Setup_fdre_C_CE)      -0.168    82.025    system_i/axi_i2s_adi_0/U0/ctrl/tx_sync/out_data_reg[4]
  -------------------------------------------------------------------
                         required time                         82.025    
                         arrival time                          -4.228    
  -------------------------------------------------------------------
                         slack                                 77.798    

Slack (MET) :             77.832ns  (required time - arrival time)
  Source:                 system_i/axi_i2s_adi_0/U0/ctrl/tx_sync/rd_addr_reg[0]/C
                            (rising edge-triggered cell FDRE clocked by clk_fpga_1  {rise@0.000ns fall@40.500ns period=81.000ns})
  Destination:            system_i/axi_i2s_adi_0/U0/ctrl/tx_sync/out_data_reg[0]/D
                            (rising edge-triggered cell FDRE clocked by clk_fpga_1  {rise@0.000ns fall@40.500ns period=81.000ns})
  Path Group:             clk_fpga_1
  Path Type:              Setup (Max at Slow Process Corner)
  Requirement:            81.000ns  (clk_fpga_1 rise@81.000ns - clk_fpga_1 rise@0.000ns)
  Data Path Delay:        1.621ns  (logic 0.497ns (30.668%)  route 1.124ns (69.332%))
  Logic Levels:           1  (RAMD32=1)
  Clock Path Skew:        -0.098ns (DCD - SCD + CPR)
    Destination Clock Delay (DCD):    2.217ns = ( 83.217 - 81.000 ) 
    Source Clock Delay      (SCD):    2.507ns
    Clock Pessimism Removal (CPR):    0.192ns
  Clock Uncertainty:      1.216ns  ((TSJ^2 + TIJ^2)^1/2 + DJ) / 2 + PE
    Total System Jitter     (TSJ):    0.071ns
    Total Input Jitter      (TIJ):    2.430ns
    Discrete Jitter          (DJ):    0.000ns
    Phase Error              (PE):    0.000ns

    Location             Delay type                Incr(ns)  Path(ns)    Netlist Resource(s)
  -------------------------------------------------------------------    -------------------
                         (clock clk_fpga_1 rise edge)
                                                      0.000     0.000 r  
    PS7_X0Y0             PS7                          0.000     0.000 r  system_i/processing_system7_0/inst/PS7_i/FCLKCLK[1]
                         net (fo=1, routed)           0.994     0.994    system_i/processing_system7_0/inst/FCLK_CLK_unbuffered[1]
    BUFGCTRL_X0Y17       BUFG (Prop_bufg_I_O)         0.085     1.079 r  system_i/processing_system7_0/inst/buffer_fclk_clk_1.FCLK_CLK_1_BUFG/O
                         net (fo=35, routed)          1.428     2.507    system_i/axi_i2s_adi_0/U0/ctrl/tx_sync/data_clk_i
    SLICE_X29Y60         FDRE                                         r  system_i/axi_i2s_adi_0/U0/ctrl/tx_sync/rd_addr_reg[0]/C
  -------------------------------------------------------------------    -------------------
    SLICE_X29Y60         FDRE (Prop_fdre_C_Q)         0.379     2.886 r  system_i/axi_i2s_adi_0/U0/ctrl/tx_sync/rd_addr_reg[0]/Q
                         net (fo=8, routed)           0.813     3.699    system_i/axi_i2s_adi_0/U0/ctrl/tx_sync/fifo_reg_0_3_0_4/ADDRA0
    SLICE_X30Y60         RAMD32 (Prop_ramd32_RADR0_O)
                                                      0.118     3.817 r  system_i/axi_i2s_adi_0/U0/ctrl/tx_sync/fifo_reg_0_3_0_4/RAMA/O
                         net (fo=1, routed)           0.311     4.128    system_i/axi_i2s_adi_0/U0/ctrl/tx_sync/out_data0[0]
    SLICE_X33Y60         FDRE                                         r  system_i/axi_i2s_adi_0/U0/ctrl/tx_sync/out_data_reg[0]/D
  -------------------------------------------------------------------    -------------------

                         (clock clk_fpga_1 rise edge)
                                                     81.000    81.000 r  
    PS7_X0Y0             PS7                          0.000    81.000 r  system_i/processing_system7_0/inst/PS7_i/FCLKCLK[1]
                         net (fo=1, routed)           0.905    81.906    system_i/processing_system7_0/inst/FCLK_CLK_unbuffered[1]
    BUFGCTRL_X0Y17       BUFG (Prop_bufg_I_O)         0.077    81.983 r  system_i/processing_system7_0/inst/buffer_fclk_clk_1.FCLK_CLK_1_BUFG/O
                         net (fo=35, routed)          1.234    83.217    system_i/axi_i2s_adi_0/U0/ctrl/tx_sync/data_clk_i
    SLICE_X33Y60         FDRE                                         r  system_i/axi_i2s_adi_0/U0/ctrl/tx_sync/out_data_reg[0]/C
                         clock pessimism              0.192    83.409    
                         clock uncertainty           -1.216    82.193    
    SLICE_X33Y60         FDRE (Setup_fdre_C_D)       -0.234    81.959    system_i/axi_i2s_adi_0/U0/ctrl/tx_sync/out_data_reg[0]
  -------------------------------------------------------------------
                         required time                         81.959    
                         arrival time                          -4.128    
  -------------------------------------------------------------------
                         slack                                 77.832    

Slack (MET) :             77.864ns  (required time - arrival time)
  Source:                 system_i/axi_i2s_adi_0/U0/ctrl/data_reset_vec_reg[2]/C
                            (rising edge-triggered cell FDPE clocked by clk_fpga_1  {rise@0.000ns fall@40.500ns period=81.000ns})
  Destination:            system_i/axi_i2s_adi_0/U0/ctrl/rx_sync_fifo_in_reg[0]/CE
                            (rising edge-triggered cell FDRE clocked by clk_fpga_1  {rise@0.000ns fall@40.500ns period=81.000ns})
  Path Group:             clk_fpga_1
  Path Type:              Setup (Max at Slow Process Corner)
  Requirement:            81.000ns  (clk_fpga_1 rise@81.000ns - clk_fpga_1 rise@0.000ns)
  Data Path Delay:        1.727ns  (logic 0.538ns (31.160%)  route 1.189ns (68.840%))
  Logic Levels:           1  (LUT1=1)
  Clock Path Skew:        -0.026ns (DCD - SCD + CPR)
    Destination Clock Delay (DCD):    2.217ns = ( 83.217 - 81.000 ) 
    Source Clock Delay      (SCD):    2.466ns
    Clock Pessimism Removal (CPR):    0.223ns
  Clock Uncertainty:      1.216ns  ((TSJ^2 + TIJ^2)^1/2 + DJ) / 2 + PE
    Total System Jitter     (TSJ):    0.071ns
    Total Input Jitter      (TIJ):    2.430ns
    Discrete Jitter          (DJ):    0.000ns
    Phase Error              (PE):    0.000ns

    Location             Delay type                Incr(ns)  Path(ns)    Netlist Resource(s)
  -------------------------------------------------------------------    -------------------
                         (clock clk_fpga_1 rise edge)
                                                      0.000     0.000 r  
    PS7_X0Y0             PS7                          0.000     0.000 r  system_i/processing_system7_0/inst/PS7_i/FCLKCLK[1]
                         net (fo=1, routed)           0.994     0.994    system_i/processing_system7_0/inst/FCLK_CLK_unbuffered[1]
    BUFGCTRL_X0Y17       BUFG (Prop_bufg_I_O)         0.085     1.079 r  system_i/processing_system7_0/inst/buffer_fclk_clk_1.FCLK_CLK_1_BUFG/O
                         net (fo=35, routed)          1.387     2.466    system_i/axi_i2s_adi_0/U0/ctrl/data_clk_i
    SLICE_X36Y62         FDPE                                         r  system_i/axi_i2s_adi_0/U0/ctrl/data_reset_vec_reg[2]/C
  -------------------------------------------------------------------    -------------------
    SLICE_X36Y62         FDPE (Prop_fdpe_C_Q)         0.433     2.899 f  system_i/axi_i2s_adi_0/U0/ctrl/data_reset_vec_reg[2]/Q
                         net (fo=9, routed)           0.793     3.692    system_i/axi_i2s_adi_0/U0/ctrl/data_reset_vec[2]
    SLICE_X39Y60         LUT1 (Prop_lut1_I0_O)        0.105     3.797 r  system_i/axi_i2s_adi_0/U0/ctrl/rx_sync_fifo_in[4]_i_1/O
                         net (fo=5, routed)           0.396     4.193    system_i/axi_i2s_adi_0/U0/ctrl/data_resetn
    SLICE_X39Y60         FDRE                                         r  system_i/axi_i2s_adi_0/U0/ctrl/rx_sync_fifo_in_reg[0]/CE
  -------------------------------------------------------------------    -------------------

                         (clock clk_fpga_1 rise edge)
                                                     81.000    81.000 r  
    PS7_X0Y0             PS7                          0.000    81.000 r  system_i/processing_system7_0/inst/PS7_i/FCLKCLK[1]
                         net (fo=1, routed)           0.905    81.906    system_i/processing_system7_0/inst/FCLK_CLK_unbuffered[1]
    BUFGCTRL_X0Y17       BUFG (Prop_bufg_I_O)         0.077    81.983 r  system_i/processing_system7_0/inst/buffer_fclk_clk_1.FCLK_CLK_1_BUFG/O
                         net (fo=35, routed)          1.234    83.217    system_i/axi_i2s_adi_0/U0/ctrl/data_clk_i
    SLICE_X39Y60         FDRE                                         r  system_i/axi_i2s_adi_0/U0/ctrl/rx_sync_fifo_in_reg[0]/C
                         clock pessimism              0.223    83.440    
                         clock uncertainty           -1.216    82.224    
    SLICE_X39Y60         FDRE (Setup_fdre_C_CE)      -0.168    82.056    system_i/axi_i2s_adi_0/U0/ctrl/rx_sync_fifo_in_reg[0]
  -------------------------------------------------------------------
                         required time                         82.056    
                         arrival time                          -4.193    
  -------------------------------------------------------------------
                         slack                                 77.864    





Min Delay Paths
--------------------------------------------------------------------------------------
Slack (MET) :             0.064ns  (arrival time - required time)
  Source:                 system_i/axi_i2s_adi_0/U0/ctrl/rx_gen.rx_sync/wr_addr_reg[0]/C
                            (rising edge-triggered cell FDRE clocked by clk_fpga_1  {rise@0.000ns fall@40.500ns period=81.000ns})
  Destination:            system_i/axi_i2s_adi_0/U0/ctrl/rx_gen.rx_sync/fifo_reg_0_3_0_4/RAMA/WADR0
                            (rising edge-triggered cell RAMD32 clocked by clk_fpga_1  {rise@0.000ns fall@40.500ns period=81.000ns})
  Path Group:             clk_fpga_1
  Path Type:              Hold (Min at Fast Process Corner)
  Requirement:            0.000ns  (clk_fpga_1 rise@0.000ns - clk_fpga_1 rise@0.000ns)
  Data Path Delay:        0.409ns  (logic 0.141ns (34.501%)  route 0.268ns (65.499%))
  Logic Levels:           0  
  Clock Path Skew:        0.035ns (DCD - SCD - CPR)
    Destination Clock Delay (DCD):    1.189ns
    Source Clock Delay      (SCD):    0.890ns
    Clock Pessimism Removal (CPR):    0.264ns

    Location             Delay type                Incr(ns)  Path(ns)    Netlist Resource(s)
  -------------------------------------------------------------------    -------------------
                         (clock clk_fpga_1 rise edge)
                                                      0.000     0.000 r  
    PS7_X0Y0             PS7                          0.000     0.000 r  system_i/processing_system7_0/inst/PS7_i/FCLKCLK[1]
                         net (fo=1, routed)           0.310     0.310    system_i/processing_system7_0/inst/FCLK_CLK_unbuffered[1]
    BUFGCTRL_X0Y17       BUFG (Prop_bufg_I_O)         0.026     0.336 r  system_i/processing_system7_0/inst/buffer_fclk_clk_1.FCLK_CLK_1_BUFG/O
                         net (fo=35, routed)          0.554     0.890    system_i/axi_i2s_adi_0/U0/ctrl/rx_gen.rx_sync/data_clk_i
    SLICE_X40Y60         FDRE                                         r  system_i/axi_i2s_adi_0/U0/ctrl/rx_gen.rx_sync/wr_addr_reg[0]/C
  -------------------------------------------------------------------    -------------------
    SLICE_X40Y60         FDRE (Prop_fdre_C_Q)         0.141     1.031 r  system_i/axi_i2s_adi_0/U0/ctrl/rx_gen.rx_sync/wr_addr_reg[0]/Q
                         net (fo=10, routed)          0.268     1.298    system_i/axi_i2s_adi_0/U0/ctrl/rx_gen.rx_sync/fifo_reg_0_3_0_4/ADDRD0
    SLICE_X38Y59         RAMD32                                       r  system_i/axi_i2s_adi_0/U0/ctrl/rx_gen.rx_sync/fifo_reg_0_3_0_4/RAMA/WADR0
  -------------------------------------------------------------------    -------------------

                         (clock clk_fpga_1 rise edge)
                                                      0.000     0.000 r  
    PS7_X0Y0             PS7                          0.000     0.000 r  system_i/processing_system7_0/inst/PS7_i/FCLKCLK[1]
                         net (fo=1, routed)           0.337     0.337    system_i/processing_system7_0/inst/FCLK_CLK_unbuffered[1]
    BUFGCTRL_X0Y17       BUFG (Prop_bufg_I_O)         0.029     0.366 r  system_i/processing_system7_0/inst/buffer_fclk_clk_1.FCLK_CLK_1_BUFG/O
                         net (fo=35, routed)          0.823     1.189    system_i/axi_i2s_adi_0/U0/ctrl/rx_gen.rx_sync/fifo_reg_0_3_0_4/WCLK
    SLICE_X38Y59         RAMD32                                       r  system_i/axi_i2s_adi_0/U0/ctrl/rx_gen.rx_sync/fifo_reg_0_3_0_4/RAMA/CLK
                         clock pessimism             -0.264     0.925    
    SLICE_X38Y59         RAMD32 (Hold_ramd32_CLK_WADR0)
                                                      0.310     1.235    system_i/axi_i2s_adi_0/U0/ctrl/rx_gen.rx_sync/fifo_reg_0_3_0_4/RAMA
  -------------------------------------------------------------------
                         required time                         -1.235    
                         arrival time                           1.298    
  -------------------------------------------------------------------
                         slack                                  0.064    

Slack (MET) :             0.064ns  (arrival time - required time)
  Source:                 system_i/axi_i2s_adi_0/U0/ctrl/rx_gen.rx_sync/wr_addr_reg[0]/C
                            (rising edge-triggered cell FDRE clocked by clk_fpga_1  {rise@0.000ns fall@40.500ns period=81.000ns})
  Destination:            system_i/axi_i2s_adi_0/U0/ctrl/rx_gen.rx_sync/fifo_reg_0_3_0_4/RAMA_D1/WADR0
                            (rising edge-triggered cell RAMD32 clocked by clk_fpga_1  {rise@0.000ns fall@40.500ns period=81.000ns})
  Path Group:             clk_fpga_1
  Path Type:              Hold (Min at Fast Process Corner)
  Requirement:            0.000ns  (clk_fpga_1 rise@0.000ns - clk_fpga_1 rise@0.000ns)
  Data Path Delay:        0.409ns  (logic 0.141ns (34.501%)  route 0.268ns (65.499%))
  Logic Levels:           0  
  Clock Path Skew:        0.035ns (DCD - SCD - CPR)
    Destination Clock Delay (DCD):    1.189ns
    Source Clock Delay      (SCD):    0.890ns
    Clock Pessimism Removal (CPR):    0.264ns

    Location             Delay type                Incr(ns)  Path(ns)    Netlist Resource(s)
  -------------------------------------------------------------------    -------------------
                         (clock clk_fpga_1 rise edge)
                                                      0.000     0.000 r  
    PS7_X0Y0             PS7                          0.000     0.000 r  system_i/processing_system7_0/inst/PS7_i/FCLKCLK[1]
                         net (fo=1, routed)           0.310     0.310    system_i/processing_system7_0/inst/FCLK_CLK_unbuffered[1]
    BUFGCTRL_X0Y17       BUFG (Prop_bufg_I_O)         0.026     0.336 r  system_i/processing_system7_0/inst/buffer_fclk_clk_1.FCLK_CLK_1_BUFG/O
                         net (fo=35, routed)          0.554     0.890    system_i/axi_i2s_adi_0/U0/ctrl/rx_gen.rx_sync/data_clk_i
    SLICE_X40Y60         FDRE                                         r  system_i/axi_i2s_adi_0/U0/ctrl/rx_gen.rx_sync/wr_addr_reg[0]/C
  -------------------------------------------------------------------    -------------------
    SLICE_X40Y60         FDRE (Prop_fdre_C_Q)         0.141     1.031 r  system_i/axi_i2s_adi_0/U0/ctrl/rx_gen.rx_sync/wr_addr_reg[0]/Q
                         net (fo=10, routed)          0.268     1.298    system_i/axi_i2s_adi_0/U0/ctrl/rx_gen.rx_sync/fifo_reg_0_3_0_4/ADDRD0
    SLICE_X38Y59         RAMD32                                       r  system_i/axi_i2s_adi_0/U0/ctrl/rx_gen.rx_sync/fifo_reg_0_3_0_4/RAMA_D1/WADR0
  -------------------------------------------------------------------    -------------------

                         (clock clk_fpga_1 rise edge)
                                                      0.000     0.000 r  
    PS7_X0Y0             PS7                          0.000     0.000 r  system_i/processing_system7_0/inst/PS7_i/FCLKCLK[1]
                         net (fo=1, routed)           0.337     0.337    system_i/processing_system7_0/inst/FCLK_CLK_unbuffered[1]
    BUFGCTRL_X0Y17       BUFG (Prop_bufg_I_O)         0.029     0.366 r  system_i/processing_system7_0/inst/buffer_fclk_clk_1.FCLK_CLK_1_BUFG/O
                         net (fo=35, routed)          0.823     1.189    system_i/axi_i2s_adi_0/U0/ctrl/rx_gen.rx_sync/fifo_reg_0_3_0_4/WCLK
    SLICE_X38Y59         RAMD32                                       r  system_i/axi_i2s_adi_0/U0/ctrl/rx_gen.rx_sync/fifo_reg_0_3_0_4/RAMA_D1/CLK
                         clock pessimism             -0.264     0.925    
    SLICE_X38Y59         RAMD32 (Hold_ramd32_CLK_WADR0)
                                                      0.310     1.235    system_i/axi_i2s_adi_0/U0/ctrl/rx_gen.rx_sync/fifo_reg_0_3_0_4/RAMA_D1
  -------------------------------------------------------------------
                         required time                         -1.235    
                         arrival time                           1.298    
  -------------------------------------------------------------------
                         slack                                  0.064    

Slack (MET) :             0.064ns  (arrival time - required time)
  Source:                 system_i/axi_i2s_adi_0/U0/ctrl/rx_gen.rx_sync/wr_addr_reg[0]/C
                            (rising edge-triggered cell FDRE clocked by clk_fpga_1  {rise@0.000ns fall@40.500ns period=81.000ns})
  Destination:            system_i/axi_i2s_adi_0/U0/ctrl/rx_gen.rx_sync/fifo_reg_0_3_0_4/RAMB/WADR0
                            (rising edge-triggered cell RAMD32 clocked by clk_fpga_1  {rise@0.000ns fall@40.500ns period=81.000ns})
  Path Group:             clk_fpga_1
  Path Type:              Hold (Min at Fast Process Corner)
  Requirement:            0.000ns  (clk_fpga_1 rise@0.000ns - clk_fpga_1 rise@0.000ns)
  Data Path Delay:        0.409ns  (logic 0.141ns (34.501%)  route 0.268ns (65.499%))
  Logic Levels:           0  
  Clock Path Skew:        0.035ns (DCD - SCD - CPR)
    Destination Clock Delay (DCD):    1.189ns
    Source Clock Delay      (SCD):    0.890ns
    Clock Pessimism Removal (CPR):    0.264ns

    Location             Delay type                Incr(ns)  Path(ns)    Netlist Resource(s)
  -------------------------------------------------------------------    -------------------
                         (clock clk_fpga_1 rise edge)
                                                      0.000     0.000 r  
    PS7_X0Y0             PS7                          0.000     0.000 r  system_i/processing_system7_0/inst/PS7_i/FCLKCLK[1]
                         net (fo=1, routed)           0.310     0.310    system_i/processing_system7_0/inst/FCLK_CLK_unbuffered[1]
    BUFGCTRL_X0Y17       BUFG (Prop_bufg_I_O)         0.026     0.336 r  system_i/processing_system7_0/inst/buffer_fclk_clk_1.FCLK_CLK_1_BUFG/O
                         net (fo=35, routed)          0.554     0.890    system_i/axi_i2s_adi_0/U0/ctrl/rx_gen.rx_sync/data_clk_i
    SLICE_X40Y60         FDRE                                         r  system_i/axi_i2s_adi_0/U0/ctrl/rx_gen.rx_sync/wr_addr_reg[0]/C
  -------------------------------------------------------------------    -------------------
    SLICE_X40Y60         FDRE (Prop_fdre_C_Q)         0.141     1.031 r  system_i/axi_i2s_adi_0/U0/ctrl/rx_gen.rx_sync/wr_addr_reg[0]/Q
                         net (fo=10, routed)          0.268     1.298    system_i/axi_i2s_adi_0/U0/ctrl/rx_gen.rx_sync/fifo_reg_0_3_0_4/ADDRD0
    SLICE_X38Y59         RAMD32                                       r  system_i/axi_i2s_adi_0/U0/ctrl/rx_gen.rx_sync/fifo_reg_0_3_0_4/RAMB/WADR0
  -------------------------------------------------------------------    -------------------

                         (clock clk_fpga_1 rise edge)
                                                      0.000     0.000 r  
    PS7_X0Y0             PS7                          0.000     0.000 r  system_i/processing_system7_0/inst/PS7_i/FCLKCLK[1]
                         net (fo=1, routed)           0.337     0.337    system_i/processing_system7_0/inst/FCLK_CLK_unbuffered[1]
    BUFGCTRL_X0Y17       BUFG (Prop_bufg_I_O)         0.029     0.366 r  system_i/processing_system7_0/inst/buffer_fclk_clk_1.FCLK_CLK_1_BUFG/O
                         net (fo=35, routed)          0.823     1.189    system_i/axi_i2s_adi_0/U0/ctrl/rx_gen.rx_sync/fifo_reg_0_3_0_4/WCLK
    SLICE_X38Y59         RAMD32                                       r  system_i/axi_i2s_adi_0/U0/ctrl/rx_gen.rx_sync/fifo_reg_0_3_0_4/RAMB/CLK
                         clock pessimism             -0.264     0.925    
    SLICE_X38Y59         RAMD32 (Hold_ramd32_CLK_WADR0)
                                                      0.310     1.235    system_i/axi_i2s_adi_0/U0/ctrl/rx_gen.rx_sync/fifo_reg_0_3_0_4/RAMB
  -------------------------------------------------------------------
                         required time                         -1.235    
                         arrival time                           1.298    
  -------------------------------------------------------------------
                         slack                                  0.064    

Slack (MET) :             0.064ns  (arrival time - required time)
  Source:                 system_i/axi_i2s_adi_0/U0/ctrl/rx_gen.rx_sync/wr_addr_reg[0]/C
                            (rising edge-triggered cell FDRE clocked by clk_fpga_1  {rise@0.000ns fall@40.500ns period=81.000ns})
  Destination:            system_i/axi_i2s_adi_0/U0/ctrl/rx_gen.rx_sync/fifo_reg_0_3_0_4/RAMB_D1/WADR0
                            (rising edge-triggered cell RAMD32 clocked by clk_fpga_1  {rise@0.000ns fall@40.500ns period=81.000ns})
  Path Group:             clk_fpga_1
  Path Type:              Hold (Min at Fast Process Corner)
  Requirement:            0.000ns  (clk_fpga_1 rise@0.000ns - clk_fpga_1 rise@0.000ns)
  Data Path Delay:        0.409ns  (logic 0.141ns (34.501%)  route 0.268ns (65.499%))
  Logic Levels:           0  
  Clock Path Skew:        0.035ns (DCD - SCD - CPR)
    Destination Clock Delay (DCD):    1.189ns
    Source Clock Delay      (SCD):    0.890ns
    Clock Pessimism Removal (CPR):    0.264ns

    Location             Delay type                Incr(ns)  Path(ns)    Netlist Resource(s)
  -------------------------------------------------------------------    -------------------
                         (clock clk_fpga_1 rise edge)
                                                      0.000     0.000 r  
    PS7_X0Y0             PS7                          0.000     0.000 r  system_i/processing_system7_0/inst/PS7_i/FCLKCLK[1]
                         net (fo=1, routed)           0.310     0.310    system_i/processing_system7_0/inst/FCLK_CLK_unbuffered[1]
    BUFGCTRL_X0Y17       BUFG (Prop_bufg_I_O)         0.026     0.336 r  system_i/processing_system7_0/inst/buffer_fclk_clk_1.FCLK_CLK_1_BUFG/O
                         net (fo=35, routed)          0.554     0.890    system_i/axi_i2s_adi_0/U0/ctrl/rx_gen.rx_sync/data_clk_i
    SLICE_X40Y60         FDRE                                         r  system_i/axi_i2s_adi_0/U0/ctrl/rx_gen.rx_sync/wr_addr_reg[0]/C
  -------------------------------------------------------------------    -------------------
    SLICE_X40Y60         FDRE (Prop_fdre_C_Q)         0.141     1.031 r  system_i/axi_i2s_adi_0/U0/ctrl/rx_gen.rx_sync/wr_addr_reg[0]/Q
                         net (fo=10, routed)          0.268     1.298    system_i/axi_i2s_adi_0/U0/ctrl/rx_gen.rx_sync/fifo_reg_0_3_0_4/ADDRD0
    SLICE_X38Y59         RAMD32                                       r  system_i/axi_i2s_adi_0/U0/ctrl/rx_gen.rx_sync/fifo_reg_0_3_0_4/RAMB_D1/WADR0
  -------------------------------------------------------------------    -------------------

                         (clock clk_fpga_1 rise edge)
                                                      0.000     0.000 r  
    PS7_X0Y0             PS7                          0.000     0.000 r  system_i/processing_system7_0/inst/PS7_i/FCLKCLK[1]
                         net (fo=1, routed)           0.337     0.337    system_i/processing_system7_0/inst/FCLK_CLK_unbuffered[1]
    BUFGCTRL_X0Y17       BUFG (Prop_bufg_I_O)         0.029     0.366 r  system_i/processing_system7_0/inst/buffer_fclk_clk_1.FCLK_CLK_1_BUFG/O
                         net (fo=35, routed)          0.823     1.189    system_i/axi_i2s_adi_0/U0/ctrl/rx_gen.rx_sync/fifo_reg_0_3_0_4/WCLK
    SLICE_X38Y59         RAMD32                                       r  system_i/axi_i2s_adi_0/U0/ctrl/rx_gen.rx_sync/fifo_reg_0_3_0_4/RAMB_D1/CLK
                         clock pessimism             -0.264     0.925    
    SLICE_X38Y59         RAMD32 (Hold_ramd32_CLK_WADR0)
                                                      0.310     1.235    system_i/axi_i2s_adi_0/U0/ctrl/rx_gen.rx_sync/fifo_reg_0_3_0_4/RAMB_D1
  -------------------------------------------------------------------
                         required time                         -1.235    
                         arrival time                           1.298    
  -------------------------------------------------------------------
                         slack                                  0.064    

Slack (MET) :             0.064ns  (arrival time - required time)
  Source:                 system_i/axi_i2s_adi_0/U0/ctrl/rx_gen.rx_sync/wr_addr_reg[0]/C
                            (rising edge-triggered cell FDRE clocked by clk_fpga_1  {rise@0.000ns fall@40.500ns period=81.000ns})
  Destination:            system_i/axi_i2s_adi_0/U0/ctrl/rx_gen.rx_sync/fifo_reg_0_3_0_4/RAMC/WADR0
                            (rising edge-triggered cell RAMD32 clocked by clk_fpga_1  {rise@0.000ns fall@40.500ns period=81.000ns})
  Path Group:             clk_fpga_1
  Path Type:              Hold (Min at Fast Process Corner)
  Requirement:            0.000ns  (clk_fpga_1 rise@0.000ns - clk_fpga_1 rise@0.000ns)
  Data Path Delay:        0.409ns  (logic 0.141ns (34.501%)  route 0.268ns (65.499%))
  Logic Levels:           0  
  Clock Path Skew:        0.035ns (DCD - SCD - CPR)
    Destination Clock Delay (DCD):    1.189ns
    Source Clock Delay      (SCD):    0.890ns
    Clock Pessimism Removal (CPR):    0.264ns

    Location             Delay type                Incr(ns)  Path(ns)    Netlist Resource(s)
  -------------------------------------------------------------------    -------------------
                         (clock clk_fpga_1 rise edge)
                                                      0.000     0.000 r  
    PS7_X0Y0             PS7                          0.000     0.000 r  system_i/processing_system7_0/inst/PS7_i/FCLKCLK[1]
                         net (fo=1, routed)           0.310     0.310    system_i/processing_system7_0/inst/FCLK_CLK_unbuffered[1]
    BUFGCTRL_X0Y17       BUFG (Prop_bufg_I_O)         0.026     0.336 r  system_i/processing_system7_0/inst/buffer_fclk_clk_1.FCLK_CLK_1_BUFG/O
                         net (fo=35, routed)          0.554     0.890    system_i/axi_i2s_adi_0/U0/ctrl/rx_gen.rx_sync/data_clk_i
    SLICE_X40Y60         FDRE                                         r  system_i/axi_i2s_adi_0/U0/ctrl/rx_gen.rx_sync/wr_addr_reg[0]/C
  -------------------------------------------------------------------    -------------------
    SLICE_X40Y60         FDRE (Prop_fdre_C_Q)         0.141     1.031 r  system_i/axi_i2s_adi_0/U0/ctrl/rx_gen.rx_sync/wr_addr_reg[0]/Q
                         net (fo=10, routed)          0.268     1.298    system_i/axi_i2s_adi_0/U0/ctrl/rx_gen.rx_sync/fifo_reg_0_3_0_4/ADDRD0
    SLICE_X38Y59         RAMD32                                       r  system_i/axi_i2s_adi_0/U0/ctrl/rx_gen.rx_sync/fifo_reg_0_3_0_4/RAMC/WADR0
  -------------------------------------------------------------------    -------------------

                         (clock clk_fpga_1 rise edge)
                                                      0.000     0.000 r  
    PS7_X0Y0             PS7                          0.000     0.000 r  system_i/processing_system7_0/inst/PS7_i/FCLKCLK[1]
                         net (fo=1, routed)           0.337     0.337    system_i/processing_system7_0/inst/FCLK_CLK_unbuffered[1]
    BUFGCTRL_X0Y17       BUFG (Prop_bufg_I_O)         0.029     0.366 r  system_i/processing_system7_0/inst/buffer_fclk_clk_1.FCLK_CLK_1_BUFG/O
                         net (fo=35, routed)          0.823     1.189    system_i/axi_i2s_adi_0/U0/ctrl/rx_gen.rx_sync/fifo_reg_0_3_0_4/WCLK
    SLICE_X38Y59         RAMD32                                       r  system_i/axi_i2s_adi_0/U0/ctrl/rx_gen.rx_sync/fifo_reg_0_3_0_4/RAMC/CLK
                         clock pessimism             -0.264     0.925    
    SLICE_X38Y59         RAMD32 (Hold_ramd32_CLK_WADR0)
                                                      0.310     1.235    system_i/axi_i2s_adi_0/U0/ctrl/rx_gen.rx_sync/fifo_reg_0_3_0_4/RAMC
  -------------------------------------------------------------------
                         required time                         -1.235    
                         arrival time                           1.298    
  -------------------------------------------------------------------
                         slack                                  0.064    

Slack (MET) :             0.064ns  (arrival time - required time)
  Source:                 system_i/axi_i2s_adi_0/U0/ctrl/rx_gen.rx_sync/wr_addr_reg[0]/C
                            (rising edge-triggered cell FDRE clocked by clk_fpga_1  {rise@0.000ns fall@40.500ns period=81.000ns})
  Destination:            system_i/axi_i2s_adi_0/U0/ctrl/rx_gen.rx_sync/fifo_reg_0_3_0_4/RAMC_D1/WADR0
                            (rising edge-triggered cell RAMD32 clocked by clk_fpga_1  {rise@0.000ns fall@40.500ns period=81.000ns})
  Path Group:             clk_fpga_1
  Path Type:              Hold (Min at Fast Process Corner)
  Requirement:            0.000ns  (clk_fpga_1 rise@0.000ns - clk_fpga_1 rise@0.000ns)
  Data Path Delay:        0.409ns  (logic 0.141ns (34.501%)  route 0.268ns (65.499%))
  Logic Levels:           0  
  Clock Path Skew:        0.035ns (DCD - SCD - CPR)
    Destination Clock Delay (DCD):    1.189ns
    Source Clock Delay      (SCD):    0.890ns
    Clock Pessimism Removal (CPR):    0.264ns

    Location             Delay type                Incr(ns)  Path(ns)    Netlist Resource(s)
  -------------------------------------------------------------------    -------------------
                         (clock clk_fpga_1 rise edge)
                                                      0.000     0.000 r  
    PS7_X0Y0             PS7                          0.000     0.000 r  system_i/processing_system7_0/inst/PS7_i/FCLKCLK[1]
                         net (fo=1, routed)           0.310     0.310    system_i/processing_system7_0/inst/FCLK_CLK_unbuffered[1]
    BUFGCTRL_X0Y17       BUFG (Prop_bufg_I_O)         0.026     0.336 r  system_i/processing_system7_0/inst/buffer_fclk_clk_1.FCLK_CLK_1_BUFG/O
                         net (fo=35, routed)          0.554     0.890    system_i/axi_i2s_adi_0/U0/ctrl/rx_gen.rx_sync/data_clk_i
    SLICE_X40Y60         FDRE                                         r  system_i/axi_i2s_adi_0/U0/ctrl/rx_gen.rx_sync/wr_addr_reg[0]/C
  -------------------------------------------------------------------    -------------------
    SLICE_X40Y60         FDRE (Prop_fdre_C_Q)         0.141     1.031 r  system_i/axi_i2s_adi_0/U0/ctrl/rx_gen.rx_sync/wr_addr_reg[0]/Q
                         net (fo=10, routed)          0.268     1.298    system_i/axi_i2s_adi_0/U0/ctrl/rx_gen.rx_sync/fifo_reg_0_3_0_4/ADDRD0
    SLICE_X38Y59         RAMD32                                       r  system_i/axi_i2s_adi_0/U0/ctrl/rx_gen.rx_sync/fifo_reg_0_3_0_4/RAMC_D1/WADR0
  -------------------------------------------------------------------    -------------------

                         (clock clk_fpga_1 rise edge)
                                                      0.000     0.000 r  
    PS7_X0Y0             PS7                          0.000     0.000 r  system_i/processing_system7_0/inst/PS7_i/FCLKCLK[1]
                         net (fo=1, routed)           0.337     0.337    system_i/processing_system7_0/inst/FCLK_CLK_unbuffered[1]
    BUFGCTRL_X0Y17       BUFG (Prop_bufg_I_O)         0.029     0.366 r  system_i/processing_system7_0/inst/buffer_fclk_clk_1.FCLK_CLK_1_BUFG/O
                         net (fo=35, routed)          0.823     1.189    system_i/axi_i2s_adi_0/U0/ctrl/rx_gen.rx_sync/fifo_reg_0_3_0_4/WCLK
    SLICE_X38Y59         RAMD32                                       r  system_i/axi_i2s_adi_0/U0/ctrl/rx_gen.rx_sync/fifo_reg_0_3_0_4/RAMC_D1/CLK
                         clock pessimism             -0.264     0.925    
    SLICE_X38Y59         RAMD32 (Hold_ramd32_CLK_WADR0)
                                                      0.310     1.235    system_i/axi_i2s_adi_0/U0/ctrl/rx_gen.rx_sync/fifo_reg_0_3_0_4/RAMC_D1
  -------------------------------------------------------------------
                         required time                         -1.235    
                         arrival time                           1.298    
  -------------------------------------------------------------------
                         slack                                  0.064    

Slack (MET) :             0.064ns  (arrival time - required time)
  Source:                 system_i/axi_i2s_adi_0/U0/ctrl/rx_gen.rx_sync/wr_addr_reg[0]/C
                            (rising edge-triggered cell FDRE clocked by clk_fpga_1  {rise@0.000ns fall@40.500ns period=81.000ns})
  Destination:            system_i/axi_i2s_adi_0/U0/ctrl/rx_gen.rx_sync/fifo_reg_0_3_0_4/RAMD/ADR0
                            (rising edge-triggered cell RAMS32 clocked by clk_fpga_1  {rise@0.000ns fall@40.500ns period=81.000ns})
  Path Group:             clk_fpga_1
  Path Type:              Hold (Min at Fast Process Corner)
  Requirement:            0.000ns  (clk_fpga_1 rise@0.000ns - clk_fpga_1 rise@0.000ns)
  Data Path Delay:        0.409ns  (logic 0.141ns (34.501%)  route 0.268ns (65.499%))
  Logic Levels:           0  
  Clock Path Skew:        0.035ns (DCD - SCD - CPR)
    Destination Clock Delay (DCD):    1.189ns
    Source Clock Delay      (SCD):    0.890ns
    Clock Pessimism Removal (CPR):    0.264ns

    Location             Delay type                Incr(ns)  Path(ns)    Netlist Resource(s)
  -------------------------------------------------------------------    -------------------
                         (clock clk_fpga_1 rise edge)
                                                      0.000     0.000 r  
    PS7_X0Y0             PS7                          0.000     0.000 r  system_i/processing_system7_0/inst/PS7_i/FCLKCLK[1]
                         net (fo=1, routed)           0.310     0.310    system_i/processing_system7_0/inst/FCLK_CLK_unbuffered[1]
    BUFGCTRL_X0Y17       BUFG (Prop_bufg_I_O)         0.026     0.336 r  system_i/processing_system7_0/inst/buffer_fclk_clk_1.FCLK_CLK_1_BUFG/O
                         net (fo=35, routed)          0.554     0.890    system_i/axi_i2s_adi_0/U0/ctrl/rx_gen.rx_sync/data_clk_i
    SLICE_X40Y60         FDRE                                         r  system_i/axi_i2s_adi_0/U0/ctrl/rx_gen.rx_sync/wr_addr_reg[0]/C
  -------------------------------------------------------------------    -------------------
    SLICE_X40Y60         FDRE (Prop_fdre_C_Q)         0.141     1.031 r  system_i/axi_i2s_adi_0/U0/ctrl/rx_gen.rx_sync/wr_addr_reg[0]/Q
                         net (fo=10, routed)          0.268     1.298    system_i/axi_i2s_adi_0/U0/ctrl/rx_gen.rx_sync/fifo_reg_0_3_0_4/ADDRD0
    SLICE_X38Y59         RAMS32                                       r  system_i/axi_i2s_adi_0/U0/ctrl/rx_gen.rx_sync/fifo_reg_0_3_0_4/RAMD/ADR0
  -------------------------------------------------------------------    -------------------

                         (clock clk_fpga_1 rise edge)
                                                      0.000     0.000 r  
    PS7_X0Y0             PS7                          0.000     0.000 r  system_i/processing_system7_0/inst/PS7_i/FCLKCLK[1]
                         net (fo=1, routed)           0.337     0.337    system_i/processing_system7_0/inst/FCLK_CLK_unbuffered[1]
    BUFGCTRL_X0Y17       BUFG (Prop_bufg_I_O)         0.029     0.366 r  system_i/processing_system7_0/inst/buffer_fclk_clk_1.FCLK_CLK_1_BUFG/O
                         net (fo=35, routed)          0.823     1.189    system_i/axi_i2s_adi_0/U0/ctrl/rx_gen.rx_sync/fifo_reg_0_3_0_4/WCLK
    SLICE_X38Y59         RAMS32                                       r  system_i/axi_i2s_adi_0/U0/ctrl/rx_gen.rx_sync/fifo_reg_0_3_0_4/RAMD/CLK
                         clock pessimism             -0.264     0.925    
    SLICE_X38Y59         RAMS32 (Hold_rams32_CLK_ADR0)
                                                      0.310     1.235    system_i/axi_i2s_adi_0/U0/ctrl/rx_gen.rx_sync/fifo_reg_0_3_0_4/RAMD
  -------------------------------------------------------------------
                         required time                         -1.235    
                         arrival time                           1.298    
  -------------------------------------------------------------------
                         slack                                  0.064    

Slack (MET) :             0.064ns  (arrival time - required time)
  Source:                 system_i/axi_i2s_adi_0/U0/ctrl/rx_gen.rx_sync/wr_addr_reg[0]/C
                            (rising edge-triggered cell FDRE clocked by clk_fpga_1  {rise@0.000ns fall@40.500ns period=81.000ns})
  Destination:            system_i/axi_i2s_adi_0/U0/ctrl/rx_gen.rx_sync/fifo_reg_0_3_0_4/RAMD_D1/ADR0
                            (rising edge-triggered cell RAMS32 clocked by clk_fpga_1  {rise@0.000ns fall@40.500ns period=81.000ns})
  Path Group:             clk_fpga_1
  Path Type:              Hold (Min at Fast Process Corner)
  Requirement:            0.000ns  (clk_fpga_1 rise@0.000ns - clk_fpga_1 rise@0.000ns)
  Data Path Delay:        0.409ns  (logic 0.141ns (34.501%)  route 0.268ns (65.499%))
  Logic Levels:           0  
  Clock Path Skew:        0.035ns (DCD - SCD - CPR)
    Destination Clock Delay (DCD):    1.189ns
    Source Clock Delay      (SCD):    0.890ns
    Clock Pessimism Removal (CPR):    0.264ns

    Location             Delay type                Incr(ns)  Path(ns)    Netlist Resource(s)
  -------------------------------------------------------------------    -------------------
                         (clock clk_fpga_1 rise edge)
                                                      0.000     0.000 r  
    PS7_X0Y0             PS7                          0.000     0.000 r  system_i/processing_system7_0/inst/PS7_i/FCLKCLK[1]
                         net (fo=1, routed)           0.310     0.310    system_i/processing_system7_0/inst/FCLK_CLK_unbuffered[1]
    BUFGCTRL_X0Y17       BUFG (Prop_bufg_I_O)         0.026     0.336 r  system_i/processing_system7_0/inst/buffer_fclk_clk_1.FCLK_CLK_1_BUFG/O
                         net (fo=35, routed)          0.554     0.890    system_i/axi_i2s_adi_0/U0/ctrl/rx_gen.rx_sync/data_clk_i
    SLICE_X40Y60         FDRE                                         r  system_i/axi_i2s_adi_0/U0/ctrl/rx_gen.rx_sync/wr_addr_reg[0]/C
  -------------------------------------------------------------------    -------------------
    SLICE_X40Y60         FDRE (Prop_fdre_C_Q)         0.141     1.031 r  system_i/axi_i2s_adi_0/U0/ctrl/rx_gen.rx_sync/wr_addr_reg[0]/Q
                         net (fo=10, routed)          0.268     1.298    system_i/axi_i2s_adi_0/U0/ctrl/rx_gen.rx_sync/fifo_reg_0_3_0_4/ADDRD0
    SLICE_X38Y59         RAMS32                                       r  system_i/axi_i2s_adi_0/U0/ctrl/rx_gen.rx_sync/fifo_reg_0_3_0_4/RAMD_D1/ADR0
  -------------------------------------------------------------------    -------------------

                         (clock clk_fpga_1 rise edge)
                                                      0.000     0.000 r  
    PS7_X0Y0             PS7                          0.000     0.000 r  system_i/processing_system7_0/inst/PS7_i/FCLKCLK[1]
                         net (fo=1, routed)           0.337     0.337    system_i/processing_system7_0/inst/FCLK_CLK_unbuffered[1]
    BUFGCTRL_X0Y17       BUFG (Prop_bufg_I_O)         0.029     0.366 r  system_i/processing_system7_0/inst/buffer_fclk_clk_1.FCLK_CLK_1_BUFG/O
                         net (fo=35, routed)          0.823     1.189    system_i/axi_i2s_adi_0/U0/ctrl/rx_gen.rx_sync/fifo_reg_0_3_0_4/WCLK
    SLICE_X38Y59         RAMS32                                       r  system_i/axi_i2s_adi_0/U0/ctrl/rx_gen.rx_sync/fifo_reg_0_3_0_4/RAMD_D1/CLK
                         clock pessimism             -0.264     0.925    
    SLICE_X38Y59         RAMS32 (Hold_rams32_CLK_ADR0)
                                                      0.310     1.235    system_i/axi_i2s_adi_0/U0/ctrl/rx_gen.rx_sync/fifo_reg_0_3_0_4/RAMD_D1
  -------------------------------------------------------------------
                         required time                         -1.235    
                         arrival time                           1.298    
  -------------------------------------------------------------------
                         slack                                  0.064    

Slack (MET) :             0.085ns  (arrival time - required time)
  Source:                 system_i/axi_i2s_adi_0/U0/ctrl/rx_sync_fifo_in_reg[0]/C
                            (rising edge-triggered cell FDRE clocked by clk_fpga_1  {rise@0.000ns fall@40.500ns period=81.000ns})
  Destination:            system_i/axi_i2s_adi_0/U0/ctrl/rx_gen.rx_sync/fifo_reg_0_3_0_4/RAMA/I
                            (rising edge-triggered cell RAMD32 clocked by clk_fpga_1  {rise@0.000ns fall@40.500ns period=81.000ns})
  Path Group:             clk_fpga_1
  Path Type:              Hold (Min at Fast Process Corner)
  Requirement:            0.000ns  (clk_fpga_1 rise@0.000ns - clk_fpga_1 rise@0.000ns)
  Data Path Delay:        0.249ns  (logic 0.141ns (56.528%)  route 0.108ns (43.472%))
  Logic Levels:           0  
  Clock Path Skew:        0.017ns (DCD - SCD - CPR)
    Destination Clock Delay (DCD):    1.189ns
    Source Clock Delay      (SCD):    0.890ns
    Clock Pessimism Removal (CPR):    0.282ns

    Location             Delay type                Incr(ns)  Path(ns)    Netlist Resource(s)
  -------------------------------------------------------------------    -------------------
                         (clock clk_fpga_1 rise edge)
                                                      0.000     0.000 r  
    PS7_X0Y0             PS7                          0.000     0.000 r  system_i/processing_system7_0/inst/PS7_i/FCLKCLK[1]
                         net (fo=1, routed)           0.310     0.310    system_i/processing_system7_0/inst/FCLK_CLK_unbuffered[1]
    BUFGCTRL_X0Y17       BUFG (Prop_bufg_I_O)         0.026     0.336 r  system_i/processing_system7_0/inst/buffer_fclk_clk_1.FCLK_CLK_1_BUFG/O
                         net (fo=35, routed)          0.554     0.890    system_i/axi_i2s_adi_0/U0/ctrl/data_clk_i
    SLICE_X39Y60         FDRE                                         r  system_i/axi_i2s_adi_0/U0/ctrl/rx_sync_fifo_in_reg[0]/C
  -------------------------------------------------------------------    -------------------
    SLICE_X39Y60         FDRE (Prop_fdre_C_Q)         0.141     1.031 r  system_i/axi_i2s_adi_0/U0/ctrl/rx_sync_fifo_in_reg[0]/Q
                         net (fo=1, routed)           0.108     1.139    system_i/axi_i2s_adi_0/U0/ctrl/rx_gen.rx_sync/fifo_reg_0_3_0_4/DIA0
    SLICE_X38Y59         RAMD32                                       r  system_i/axi_i2s_adi_0/U0/ctrl/rx_gen.rx_sync/fifo_reg_0_3_0_4/RAMA/I
  -------------------------------------------------------------------    -------------------

                         (clock clk_fpga_1 rise edge)
                                                      0.000     0.000 r  
    PS7_X0Y0             PS7                          0.000     0.000 r  system_i/processing_system7_0/inst/PS7_i/FCLKCLK[1]
                         net (fo=1, routed)           0.337     0.337    system_i/processing_system7_0/inst/FCLK_CLK_unbuffered[1]
    BUFGCTRL_X0Y17       BUFG (Prop_bufg_I_O)         0.029     0.366 r  system_i/processing_system7_0/inst/buffer_fclk_clk_1.FCLK_CLK_1_BUFG/O
                         net (fo=35, routed)          0.823     1.189    system_i/axi_i2s_adi_0/U0/ctrl/rx_gen.rx_sync/fifo_reg_0_3_0_4/WCLK
    SLICE_X38Y59         RAMD32                                       r  system_i/axi_i2s_adi_0/U0/ctrl/rx_gen.rx_sync/fifo_reg_0_3_0_4/RAMA/CLK
                         clock pessimism             -0.282     0.907    
    SLICE_X38Y59         RAMD32 (Hold_ramd32_CLK_I)
                                                      0.147     1.054    system_i/axi_i2s_adi_0/U0/ctrl/rx_gen.rx_sync/fifo_reg_0_3_0_4/RAMA
  -------------------------------------------------------------------
                         required time                         -1.054    
                         arrival time                           1.139    
  -------------------------------------------------------------------
                         slack                                  0.085    

Slack (MET) :             0.102ns  (arrival time - required time)
  Source:                 system_i/axi_i2s_adi_0/U0/ctrl/rx_gen.rx_sync/wr_addr_reg[1]/C
                            (rising edge-triggered cell FDRE clocked by clk_fpga_1  {rise@0.000ns fall@40.500ns period=81.000ns})
  Destination:            system_i/axi_i2s_adi_0/U0/ctrl/rx_gen.rx_sync/fifo_reg_0_3_0_4/RAMA/WADR1
                            (rising edge-triggered cell RAMD32 clocked by clk_fpga_1  {rise@0.000ns fall@40.500ns period=81.000ns})
  Path Group:             clk_fpga_1
  Path Type:              Hold (Min at Fast Process Corner)
  Requirement:            0.000ns  (clk_fpga_1 rise@0.000ns - clk_fpga_1 rise@0.000ns)
  Data Path Delay:        0.392ns  (logic 0.128ns (32.635%)  route 0.264ns (67.365%))
  Logic Levels:           0  
  Clock Path Skew:        0.035ns (DCD - SCD - CPR)
    Destination Clock Delay (DCD):    1.189ns
    Source Clock Delay      (SCD):    0.890ns
    Clock Pessimism Removal (CPR):    0.264ns

    Location             Delay type                Incr(ns)  Path(ns)    Netlist Resource(s)
  -------------------------------------------------------------------    -------------------
                         (clock clk_fpga_1 rise edge)
                                                      0.000     0.000 r  
    PS7_X0Y0             PS7                          0.000     0.000 r  system_i/processing_system7_0/inst/PS7_i/FCLKCLK[1]
                         net (fo=1, routed)           0.310     0.310    system_i/processing_system7_0/inst/FCLK_CLK_unbuffered[1]
    BUFGCTRL_X0Y17       BUFG (Prop_bufg_I_O)         0.026     0.336 r  system_i/processing_system7_0/inst/buffer_fclk_clk_1.FCLK_CLK_1_BUFG/O
                         net (fo=35, routed)          0.554     0.890    system_i/axi_i2s_adi_0/U0/ctrl/rx_gen.rx_sync/data_clk_i
    SLICE_X40Y60         FDRE                                         r  system_i/axi_i2s_adi_0/U0/ctrl/rx_gen.rx_sync/wr_addr_reg[1]/C
  -------------------------------------------------------------------    -------------------
    SLICE_X40Y60         FDRE (Prop_fdre_C_Q)         0.128     1.018 r  system_i/axi_i2s_adi_0/U0/ctrl/rx_gen.rx_sync/wr_addr_reg[1]/Q
                         net (fo=9, routed)           0.264     1.282    system_i/axi_i2s_adi_0/U0/ctrl/rx_gen.rx_sync/fifo_reg_0_3_0_4/ADDRD1
    SLICE_X38Y59         RAMD32                                       r  system_i/axi_i2s_adi_0/U0/ctrl/rx_gen.rx_sync/fifo_reg_0_3_0_4/RAMA/WADR1
  -------------------------------------------------------------------    -------------------

                         (clock clk_fpga_1 rise edge)
                                                      0.000     0.000 r  
    PS7_X0Y0             PS7                          0.000     0.000 r  system_i/processing_system7_0/inst/PS7_i/FCLKCLK[1]
                         net (fo=1, routed)           0.337     0.337    system_i/processing_system7_0/inst/FCLK_CLK_unbuffered[1]
    BUFGCTRL_X0Y17       BUFG (Prop_bufg_I_O)         0.029     0.366 r  system_i/processing_system7_0/inst/buffer_fclk_clk_1.FCLK_CLK_1_BUFG/O
                         net (fo=35, routed)          0.823     1.189    system_i/axi_i2s_adi_0/U0/ctrl/rx_gen.rx_sync/fifo_reg_0_3_0_4/WCLK
    SLICE_X38Y59         RAMD32                                       r  system_i/axi_i2s_adi_0/U0/ctrl/rx_gen.rx_sync/fifo_reg_0_3_0_4/RAMA/CLK
                         clock pessimism             -0.264     0.925    
    SLICE_X38Y59         RAMD32 (Hold_ramd32_CLK_WADR1)
                                                      0.255     1.180    system_i/axi_i2s_adi_0/U0/ctrl/rx_gen.rx_sync/fifo_reg_0_3_0_4/RAMA
  -------------------------------------------------------------------
                         required time                         -1.180    
                         arrival time                           1.282    
  -------------------------------------------------------------------
                         slack                                  0.102    





Pulse Width Checks
--------------------------------------------------------------------------------------
Clock Name:         clk_fpga_1
Waveform(ns):       { 0.000 40.500 }
Period(ns):         81.000
Sources:            { system_i/processing_system7_0/inst/PS7_i/FCLKCLK[1] }

Check Type        Corner  Lib Pin     Reference Pin  Required(ns)  Actual(ns)  Slack(ns)  Location        Pin
Min Period        n/a     BUFG/I      n/a            1.592         81.000      79.408     BUFGCTRL_X0Y17  system_i/processing_system7_0/inst/buffer_fclk_clk_1.FCLK_CLK_1_BUFG/I
Min Period        n/a     FDSE/C      n/a            1.000         81.000      80.000     SLICE_X40Y60    system_i/axi_i2s_adi_0/U0/ctrl/bclk_o_reg[0]/C
Min Period        n/a     FDRE/C      n/a            1.000         81.000      80.000     SLICE_X30Y61    system_i/axi_i2s_adi_0/U0/ctrl/cdc_sync_stage0_tick_reg/C
Min Period        n/a     FDPE/C      n/a            1.000         81.000      80.000     SLICE_X36Y62    system_i/axi_i2s_adi_0/U0/ctrl/data_reset_vec_reg[0]/C
Min Period        n/a     FDPE/C      n/a            1.000         81.000      80.000     SLICE_X36Y62    system_i/axi_i2s_adi_0/U0/ctrl/data_reset_vec_reg[1]/C
Min Period        n/a     FDPE/C      n/a            1.000         81.000      80.000     SLICE_X36Y62    system_i/axi_i2s_adi_0/U0/ctrl/data_reset_vec_reg[2]/C
Min Period        n/a     FDSE/C      n/a            1.000         81.000      80.000     SLICE_X40Y60    system_i/axi_i2s_adi_0/U0/ctrl/lrclk_o_reg[0]/C
Min Period        n/a     FDSE/C      n/a            1.000         81.000      80.000     SLICE_X40Y60    system_i/axi_i2s_adi_0/U0/ctrl/lrclk_o_reg[0]_lopt_replica/C
Min Period        n/a     FDRE/C      n/a            1.000         81.000      80.000     SLICE_X39Y60    system_i/axi_i2s_adi_0/U0/ctrl/rx_sync_fifo_in_reg[0]/C
Min Period        n/a     FDRE/C      n/a            1.000         81.000      80.000     SLICE_X39Y60    system_i/axi_i2s_adi_0/U0/ctrl/rx_sync_fifo_in_reg[1]/C
Low Pulse Width   Slow    RAMD32/CLK  n/a            1.130         40.500      39.370     SLICE_X38Y59    system_i/axi_i2s_adi_0/U0/ctrl/rx_gen.rx_sync/fifo_reg_0_3_0_4/RAMA/CLK
Low Pulse Width   Fast    RAMD32/CLK  n/a            1.130         40.500      39.370     SLICE_X38Y59    system_i/axi_i2s_adi_0/U0/ctrl/rx_gen.rx_sync/fifo_reg_0_3_0_4/RAMA/CLK
Low Pulse Width   Slow    RAMD32/CLK  n/a            1.130         40.500      39.370     SLICE_X38Y59    system_i/axi_i2s_adi_0/U0/ctrl/rx_gen.rx_sync/fifo_reg_0_3_0_4/RAMA_D1/CLK
Low Pulse Width   Fast    RAMD32/CLK  n/a            1.130         40.500      39.370     SLICE_X38Y59    system_i/axi_i2s_adi_0/U0/ctrl/rx_gen.rx_sync/fifo_reg_0_3_0_4/RAMA_D1/CLK
Low Pulse Width   Slow    RAMD32/CLK  n/a            1.130         40.500      39.370     SLICE_X38Y59    system_i/axi_i2s_adi_0/U0/ctrl/rx_gen.rx_sync/fifo_reg_0_3_0_4/RAMB/CLK
Low Pulse Width   Fast    RAMD32/CLK  n/a            1.130         40.500      39.370     SLICE_X38Y59    system_i/axi_i2s_adi_0/U0/ctrl/rx_gen.rx_sync/fifo_reg_0_3_0_4/RAMB/CLK
Low Pulse Width   Slow    RAMD32/CLK  n/a            1.130         40.500      39.370     SLICE_X38Y59    system_i/axi_i2s_adi_0/U0/ctrl/rx_gen.rx_sync/fifo_reg_0_3_0_4/RAMB_D1/CLK
Low Pulse Width   Fast    RAMD32/CLK  n/a            1.130         40.500      39.370     SLICE_X38Y59    system_i/axi_i2s_adi_0/U0/ctrl/rx_gen.rx_sync/fifo_reg_0_3_0_4/RAMB_D1/CLK
Low Pulse Width   Slow    RAMD32/CLK  n/a            1.130         40.500      39.370     SLICE_X38Y59    system_i/axi_i2s_adi_0/U0/ctrl/rx_gen.rx_sync/fifo_reg_0_3_0_4/RAMC/CLK
Low Pulse Width   Fast    RAMD32/CLK  n/a            1.130         40.500      39.370     SLICE_X38Y59    system_i/axi_i2s_adi_0/U0/ctrl/rx_gen.rx_sync/fifo_reg_0_3_0_4/RAMC/CLK
High Pulse Width  Slow    RAMD32/CLK  n/a            1.130         40.500      39.370     SLICE_X38Y59    system_i/axi_i2s_adi_0/U0/ctrl/rx_gen.rx_sync/fifo_reg_0_3_0_4/RAMA/CLK
High Pulse Width  Fast    RAMD32/CLK  n/a            1.130         40.500      39.370     SLICE_X38Y59    system_i/axi_i2s_adi_0/U0/ctrl/rx_gen.rx_sync/fifo_reg_0_3_0_4/RAMA/CLK
High Pulse Width  Slow    RAMD32/CLK  n/a            1.130         40.500      39.370     SLICE_X38Y59    system_i/axi_i2s_adi_0/U0/ctrl/rx_gen.rx_sync/fifo_reg_0_3_0_4/RAMA_D1/CLK
High Pulse Width  Fast    RAMD32/CLK  n/a            1.130         40.500      39.370     SLICE_X38Y59    system_i/axi_i2s_adi_0/U0/ctrl/rx_gen.rx_sync/fifo_reg_0_3_0_4/RAMA_D1/CLK
High Pulse Width  Slow    RAMD32/CLK  n/a            1.130         40.500      39.370     SLICE_X38Y59    system_i/axi_i2s_adi_0/U0/ctrl/rx_gen.rx_sync/fifo_reg_0_3_0_4/RAMB/CLK
High Pulse Width  Fast    RAMD32/CLK  n/a            1.130         40.500      39.370     SLICE_X38Y59    system_i/axi_i2s_adi_0/U0/ctrl/rx_gen.rx_sync/fifo_reg_0_3_0_4/RAMB/CLK
High Pulse Width  Slow    RAMD32/CLK  n/a            1.130         40.500      39.370     SLICE_X38Y59    system_i/axi_i2s_adi_0/U0/ctrl/rx_gen.rx_sync/fifo_reg_0_3_0_4/RAMB_D1/CLK
High Pulse Width  Fast    RAMD32/CLK  n/a            1.130         40.500      39.370     SLICE_X38Y59    system_i/axi_i2s_adi_0/U0/ctrl/rx_gen.rx_sync/fifo_reg_0_3_0_4/RAMB_D1/CLK
High Pulse Width  Slow    RAMD32/CLK  n/a            1.130         40.500      39.370     SLICE_X38Y59    system_i/axi_i2s_adi_0/U0/ctrl/rx_gen.rx_sync/fifo_reg_0_3_0_4/RAMC/CLK
High Pulse Width  Fast    RAMD32/CLK  n/a            1.130         40.500      39.370     SLICE_X38Y59    system_i/axi_i2s_adi_0/U0/ctrl/rx_gen.rx_sync/fifo_reg_0_3_0_4/RAMC/CLK



---------------------------------------------------------------------------------------------------
From Clock:  clk_fpga_1
  To Clock:  clk_fpga_0

Setup :            0  Failing Endpoints,  Worst Slack        8.105ns,  Total Violation        0.000ns
Hold  :           NA  Failing Endpoints,  Worst Slack           NA  ,  Total Violation           NA
---------------------------------------------------------------------------------------------------


Max Delay Paths
--------------------------------------------------------------------------------------
Slack (MET) :             8.105ns  (required time - arrival time)
  Source:                 system_i/axi_i2s_adi_0/U0/ctrl/rx_gen.rx_sync/fifo_reg_0_3_0_4/RAMA/CLK
                            (rising edge-triggered cell RAMD32 clocked by clk_fpga_1  {rise@0.000ns fall@40.500ns period=81.000ns})
  Destination:            system_i/axi_i2s_adi_0/U0/ctrl/rx_gen.rx_sync/out_data_reg[0]/D
                            (rising edge-triggered cell FDRE clocked by clk_fpga_0  {rise@0.000ns fall@5.000ns period=10.000ns})
  Path Group:             clk_fpga_0
  Path Type:              Setup (Max at Slow Process Corner)
  Requirement:            10.000ns  (MaxDelay Path 10.000ns)
  Data Path Delay:        1.689ns  (logic 1.109ns (65.649%)  route 0.580ns (34.351%))
  Logic Levels:           0  
  Timing Exception:       MaxDelay Path 10.000ns -datapath_only

    Location             Delay type                Incr(ns)  Path(ns)    Netlist Resource(s)
  -------------------------------------------------------------------    -------------------
    SLICE_X38Y59                                      0.000     0.000 r  system_i/axi_i2s_adi_0/U0/ctrl/rx_gen.rx_sync/fifo_reg_0_3_0_4/RAMA/CLK
    SLICE_X38Y59         RAMD32 (Prop_ramd32_CLK_O)
                                                      1.109     1.109 r  system_i/axi_i2s_adi_0/U0/ctrl/rx_gen.rx_sync/fifo_reg_0_3_0_4/RAMA/O
                         net (fo=1, routed)           0.580     1.689    system_i/axi_i2s_adi_0/U0/ctrl/rx_gen.rx_sync/out_data0__0[0]
    SLICE_X37Y55         FDRE                                         r  system_i/axi_i2s_adi_0/U0/ctrl/rx_gen.rx_sync/out_data_reg[0]/D
  -------------------------------------------------------------------    -------------------

                         max delay                   10.000    10.000    
    SLICE_X37Y55         FDRE (Setup_fdre_C_D)       -0.206     9.794    system_i/axi_i2s_adi_0/U0/ctrl/rx_gen.rx_sync/out_data_reg[0]
  -------------------------------------------------------------------
                         required time                          9.794    
                         arrival time                          -1.689    
  -------------------------------------------------------------------
                         slack                                  8.105    

Slack (MET) :             8.178ns  (required time - arrival time)
  Source:                 system_i/axi_i2s_adi_0/U0/ctrl/rx_gen.rx_sync/fifo_reg_0_3_0_4/RAMB/CLK
                            (rising edge-triggered cell RAMD32 clocked by clk_fpga_1  {rise@0.000ns fall@40.500ns period=81.000ns})
  Destination:            system_i/axi_i2s_adi_0/U0/ctrl/rx_gen.rx_sync/out_data_reg[2]/D
                            (rising edge-triggered cell FDRE clocked by clk_fpga_0  {rise@0.000ns fall@5.000ns period=10.000ns})
  Path Group:             clk_fpga_0
  Path Type:              Setup (Max at Slow Process Corner)
  Requirement:            10.000ns  (MaxDelay Path 10.000ns)
  Data Path Delay:        1.602ns  (logic 1.107ns (69.095%)  route 0.495ns (30.905%))
  Logic Levels:           0  
  Timing Exception:       MaxDelay Path 10.000ns -datapath_only

    Location             Delay type                Incr(ns)  Path(ns)    Netlist Resource(s)
  -------------------------------------------------------------------    -------------------
    SLICE_X38Y59                                      0.000     0.000 r  system_i/axi_i2s_adi_0/U0/ctrl/rx_gen.rx_sync/fifo_reg_0_3_0_4/RAMB/CLK
    SLICE_X38Y59         RAMD32 (Prop_ramd32_CLK_O)
                                                      1.107     1.107 r  system_i/axi_i2s_adi_0/U0/ctrl/rx_gen.rx_sync/fifo_reg_0_3_0_4/RAMB/O
                         net (fo=1, routed)           0.495     1.602    system_i/axi_i2s_adi_0/U0/ctrl/rx_gen.rx_sync/out_data0__0[2]
    SLICE_X37Y55         FDRE                                         r  system_i/axi_i2s_adi_0/U0/ctrl/rx_gen.rx_sync/out_data_reg[2]/D
  -------------------------------------------------------------------    -------------------

                         max delay                   10.000    10.000    
    SLICE_X37Y55         FDRE (Setup_fdre_C_D)       -0.220     9.780    system_i/axi_i2s_adi_0/U0/ctrl/rx_gen.rx_sync/out_data_reg[2]
  -------------------------------------------------------------------
                         required time                          9.780    
                         arrival time                          -1.602    
  -------------------------------------------------------------------
                         slack                                  8.178    

Slack (MET) :             8.212ns  (required time - arrival time)
  Source:                 system_i/axi_i2s_adi_0/U0/ctrl/rx_gen.rx_sync/fifo_reg_0_3_0_4/RAMC/CLK
                            (rising edge-triggered cell RAMD32 clocked by clk_fpga_1  {rise@0.000ns fall@40.500ns period=81.000ns})
  Destination:            system_i/axi_i2s_adi_0/U0/ctrl/rx_gen.rx_sync/out_data_reg[4]/D
                            (rising edge-triggered cell FDRE clocked by clk_fpga_0  {rise@0.000ns fall@5.000ns period=10.000ns})
  Path Group:             clk_fpga_0
  Path Type:              Setup (Max at Slow Process Corner)
  Requirement:            10.000ns  (MaxDelay Path 10.000ns)
  Data Path Delay:        1.586ns  (logic 1.100ns (69.344%)  route 0.486ns (30.656%))
  Logic Levels:           0  
  Timing Exception:       MaxDelay Path 10.000ns -datapath_only

    Location             Delay type                Incr(ns)  Path(ns)    Netlist Resource(s)
  -------------------------------------------------------------------    -------------------
    SLICE_X38Y59                                      0.000     0.000 r  system_i/axi_i2s_adi_0/U0/ctrl/rx_gen.rx_sync/fifo_reg_0_3_0_4/RAMC/CLK
    SLICE_X38Y59         RAMD32 (Prop_ramd32_CLK_O)
                                                      1.100     1.100 r  system_i/axi_i2s_adi_0/U0/ctrl/rx_gen.rx_sync/fifo_reg_0_3_0_4/RAMC/O
                         net (fo=1, routed)           0.486     1.586    system_i/axi_i2s_adi_0/U0/ctrl/rx_gen.rx_sync/out_data0__0[4]
    SLICE_X37Y55         FDRE                                         r  system_i/axi_i2s_adi_0/U0/ctrl/rx_gen.rx_sync/out_data_reg[4]/D
  -------------------------------------------------------------------    -------------------

                         max delay                   10.000    10.000    
    SLICE_X37Y55         FDRE (Setup_fdre_C_D)       -0.202     9.798    system_i/axi_i2s_adi_0/U0/ctrl/rx_gen.rx_sync/out_data_reg[4]
  -------------------------------------------------------------------
                         required time                          9.798    
                         arrival time                          -1.586    
  -------------------------------------------------------------------
                         slack                                  8.212    

Slack (MET) :             8.399ns  (required time - arrival time)
  Source:                 system_i/axi_i2s_adi_0/U0/ctrl/rx_gen.rx_sync/fifo_reg_0_3_0_4/RAMA_D1/CLK
                            (rising edge-triggered cell RAMD32 clocked by clk_fpga_1  {rise@0.000ns fall@40.500ns period=81.000ns})
  Destination:            system_i/axi_i2s_adi_0/U0/ctrl/rx_gen.rx_sync/out_data_reg[1]/D
                            (rising edge-triggered cell FDRE clocked by clk_fpga_0  {rise@0.000ns fall@5.000ns period=10.000ns})
  Path Group:             clk_fpga_0
  Path Type:              Setup (Max at Slow Process Corner)
  Requirement:            10.000ns  (MaxDelay Path 10.000ns)
  Data Path Delay:        1.542ns  (logic 1.081ns (70.111%)  route 0.461ns (29.889%))
  Logic Levels:           0  
  Timing Exception:       MaxDelay Path 10.000ns -datapath_only

    Location             Delay type                Incr(ns)  Path(ns)    Netlist Resource(s)
  -------------------------------------------------------------------    -------------------
    SLICE_X38Y59                                      0.000     0.000 r  system_i/axi_i2s_adi_0/U0/ctrl/rx_gen.rx_sync/fifo_reg_0_3_0_4/RAMA_D1/CLK
    SLICE_X38Y59         RAMD32 (Prop_ramd32_CLK_O)
                                                      1.081     1.081 r  system_i/axi_i2s_adi_0/U0/ctrl/rx_gen.rx_sync/fifo_reg_0_3_0_4/RAMA_D1/O
                         net (fo=1, routed)           0.461     1.542    system_i/axi_i2s_adi_0/U0/ctrl/rx_gen.rx_sync/out_data0__0[1]
    SLICE_X37Y55         FDRE                                         r  system_i/axi_i2s_adi_0/U0/ctrl/rx_gen.rx_sync/out_data_reg[1]/D
  -------------------------------------------------------------------    -------------------

                         max delay                   10.000    10.000    
    SLICE_X37Y55         FDRE (Setup_fdre_C_D)       -0.059     9.941    system_i/axi_i2s_adi_0/U0/ctrl/rx_gen.rx_sync/out_data_reg[1]
  -------------------------------------------------------------------
                         required time                          9.941    
                         arrival time                          -1.542    
  -------------------------------------------------------------------
                         slack                                  8.399    





---------------------------------------------------------------------------------------------------
From Clock:  clk_fpga_0
  To Clock:  clk_fpga_1

Setup :            0  Failing Endpoints,  Worst Slack       79.191ns,  Total Violation        0.000ns
Hold  :           NA  Failing Endpoints,  Worst Slack           NA  ,  Total Violation           NA
---------------------------------------------------------------------------------------------------


Max Delay Paths
--------------------------------------------------------------------------------------
Slack (MET) :             79.191ns  (required time - arrival time)
  Source:                 system_i/axi_i2s_adi_0/U0/ctrl/tx_sync/fifo_reg_0_3_0_4/RAMB/CLK
                            (rising edge-triggered cell RAMD32 clocked by clk_fpga_0  {rise@0.000ns fall@5.000ns period=10.000ns})
  Destination:            system_i/axi_i2s_adi_0/U0/ctrl/tx_sync/out_data_reg[2]/D
                            (rising edge-triggered cell FDRE clocked by clk_fpga_1  {rise@0.000ns fall@40.500ns period=81.000ns})
  Path Group:             clk_fpga_1
  Path Type:              Setup (Max at Slow Process Corner)
  Requirement:            81.000ns  (MaxDelay Path 81.000ns)
  Data Path Delay:        1.589ns  (logic 1.107ns (69.664%)  route 0.482ns (30.336%))
  Logic Levels:           0  
  Timing Exception:       MaxDelay Path 81.000ns -datapath_only

    Location             Delay type                Incr(ns)  Path(ns)    Netlist Resource(s)
  -------------------------------------------------------------------    -------------------
    SLICE_X30Y60                                      0.000     0.000 r  system_i/axi_i2s_adi_0/U0/ctrl/tx_sync/fifo_reg_0_3_0_4/RAMB/CLK
    SLICE_X30Y60         RAMD32 (Prop_ramd32_CLK_O)
                                                      1.107     1.107 r  system_i/axi_i2s_adi_0/U0/ctrl/tx_sync/fifo_reg_0_3_0_4/RAMB/O
                         net (fo=1, routed)           0.482     1.589    system_i/axi_i2s_adi_0/U0/ctrl/tx_sync/out_data0[2]
    SLICE_X33Y60         FDRE                                         r  system_i/axi_i2s_adi_0/U0/ctrl/tx_sync/out_data_reg[2]/D
  -------------------------------------------------------------------    -------------------

                         max delay                   81.000    81.000    
    SLICE_X33Y60         FDRE (Setup_fdre_C_D)       -0.220    80.780    system_i/axi_i2s_adi_0/U0/ctrl/tx_sync/out_data_reg[2]
  -------------------------------------------------------------------
                         required time                         80.780    
                         arrival time                          -1.589    
  -------------------------------------------------------------------
                         slack                                 79.191    

Slack (MET) :             79.295ns  (required time - arrival time)
  Source:                 system_i/axi_i2s_adi_0/U0/ctrl/tx_sync/fifo_reg_0_3_0_4/RAMA_D1/CLK
                            (rising edge-triggered cell RAMD32 clocked by clk_fpga_0  {rise@0.000ns fall@5.000ns period=10.000ns})
  Destination:            system_i/axi_i2s_adi_0/U0/ctrl/tx_sync/out_data_reg[1]/D
                            (rising edge-triggered cell FDRE clocked by clk_fpga_1  {rise@0.000ns fall@40.500ns period=81.000ns})
  Path Group:             clk_fpga_1
  Path Type:              Setup (Max at Slow Process Corner)
  Requirement:            81.000ns  (MaxDelay Path 81.000ns)
  Data Path Delay:        1.646ns  (logic 1.081ns (65.660%)  route 0.565ns (34.340%))
  Logic Levels:           0  
  Timing Exception:       MaxDelay Path 81.000ns -datapath_only

    Location             Delay type                Incr(ns)  Path(ns)    Netlist Resource(s)
  -------------------------------------------------------------------    -------------------
    SLICE_X30Y60                                      0.000     0.000 r  system_i/axi_i2s_adi_0/U0/ctrl/tx_sync/fifo_reg_0_3_0_4/RAMA_D1/CLK
    SLICE_X30Y60         RAMD32 (Prop_ramd32_CLK_O)
                                                      1.081     1.081 r  system_i/axi_i2s_adi_0/U0/ctrl/tx_sync/fifo_reg_0_3_0_4/RAMA_D1/O
                         net (fo=1, routed)           0.565     1.646    system_i/axi_i2s_adi_0/U0/ctrl/tx_sync/out_data0[1]
    SLICE_X33Y60         FDRE                                         r  system_i/axi_i2s_adi_0/U0/ctrl/tx_sync/out_data_reg[1]/D
  -------------------------------------------------------------------    -------------------

                         max delay                   81.000    81.000    
    SLICE_X33Y60         FDRE (Setup_fdre_C_D)       -0.059    80.941    system_i/axi_i2s_adi_0/U0/ctrl/tx_sync/out_data_reg[1]
  -------------------------------------------------------------------
                         required time                         80.941    
                         arrival time                          -1.646    
  -------------------------------------------------------------------
                         slack                                 79.295    

Slack (MET) :             79.346ns  (required time - arrival time)
  Source:                 system_i/axi_i2s_adi_0/U0/ctrl/tx_sync/fifo_reg_0_3_0_4/RAMA/CLK
                            (rising edge-triggered cell RAMD32 clocked by clk_fpga_0  {rise@0.000ns fall@5.000ns period=10.000ns})
  Destination:            system_i/axi_i2s_adi_0/U0/ctrl/tx_sync/out_data_reg[0]/D
                            (rising edge-triggered cell FDRE clocked by clk_fpga_1  {rise@0.000ns fall@40.500ns period=81.000ns})
  Path Group:             clk_fpga_1
  Path Type:              Setup (Max at Slow Process Corner)
  Requirement:            81.000ns  (MaxDelay Path 81.000ns)
  Data Path Delay:        1.420ns  (logic 1.109ns (78.096%)  route 0.311ns (21.904%))
  Logic Levels:           0  
  Timing Exception:       MaxDelay Path 81.000ns -datapath_only

    Location             Delay type                Incr(ns)  Path(ns)    Netlist Resource(s)
  -------------------------------------------------------------------    -------------------
    SLICE_X30Y60                                      0.000     0.000 r  system_i/axi_i2s_adi_0/U0/ctrl/tx_sync/fifo_reg_0_3_0_4/RAMA/CLK
    SLICE_X30Y60         RAMD32 (Prop_ramd32_CLK_O)
                                                      1.109     1.109 r  system_i/axi_i2s_adi_0/U0/ctrl/tx_sync/fifo_reg_0_3_0_4/RAMA/O
                         net (fo=1, routed)           0.311     1.420    system_i/axi_i2s_adi_0/U0/ctrl/tx_sync/out_data0[0]
    SLICE_X33Y60         FDRE                                         r  system_i/axi_i2s_adi_0/U0/ctrl/tx_sync/out_data_reg[0]/D
  -------------------------------------------------------------------    -------------------

                         max delay                   81.000    81.000    
    SLICE_X33Y60         FDRE (Setup_fdre_C_D)       -0.234    80.766    system_i/axi_i2s_adi_0/U0/ctrl/tx_sync/out_data_reg[0]
  -------------------------------------------------------------------
                         required time                         80.766    
                         arrival time                          -1.420    
  -------------------------------------------------------------------
                         slack                                 79.346    

Slack (MET) :             79.363ns  (required time - arrival time)
  Source:                 system_i/axi_i2s_adi_0/U0/ctrl/tx_sync/fifo_reg_0_3_0_4/RAMC/CLK
                            (rising edge-triggered cell RAMD32 clocked by clk_fpga_0  {rise@0.000ns fall@5.000ns period=10.000ns})
  Destination:            system_i/axi_i2s_adi_0/U0/ctrl/tx_sync/out_data_reg[4]/D
                            (rising edge-triggered cell FDRE clocked by clk_fpga_1  {rise@0.000ns fall@40.500ns period=81.000ns})
  Path Group:             clk_fpga_1
  Path Type:              Setup (Max at Slow Process Corner)
  Requirement:            81.000ns  (MaxDelay Path 81.000ns)
  Data Path Delay:        1.442ns  (logic 1.100ns (76.291%)  route 0.342ns (23.709%))
  Logic Levels:           0  
  Timing Exception:       MaxDelay Path 81.000ns -datapath_only

    Location             Delay type                Incr(ns)  Path(ns)    Netlist Resource(s)
  -------------------------------------------------------------------    -------------------
    SLICE_X30Y60                                      0.000     0.000 r  system_i/axi_i2s_adi_0/U0/ctrl/tx_sync/fifo_reg_0_3_0_4/RAMC/CLK
    SLICE_X30Y60         RAMD32 (Prop_ramd32_CLK_O)
                                                      1.100     1.100 r  system_i/axi_i2s_adi_0/U0/ctrl/tx_sync/fifo_reg_0_3_0_4/RAMC/O
                         net (fo=1, routed)           0.342     1.442    system_i/axi_i2s_adi_0/U0/ctrl/tx_sync/out_data0[4]
    SLICE_X33Y60         FDRE                                         r  system_i/axi_i2s_adi_0/U0/ctrl/tx_sync/out_data_reg[4]/D
  -------------------------------------------------------------------    -------------------

                         max delay                   81.000    81.000    
    SLICE_X33Y60         FDRE (Setup_fdre_C_D)       -0.195    80.805    system_i/axi_i2s_adi_0/U0/ctrl/tx_sync/out_data_reg[4]
  -------------------------------------------------------------------
                         required time                         80.805    
                         arrival time                          -1.442    
  -------------------------------------------------------------------
                         slack                                 79.363    

Slack (MET) :             79.417ns  (required time - arrival time)
  Source:                 system_i/axi_i2s_adi_0/U0/ctrl/tx_sync/fifo_reg_0_3_0_4/RAMB_D1/CLK
                            (rising edge-triggered cell RAMD32 clocked by clk_fpga_0  {rise@0.000ns fall@5.000ns period=10.000ns})
  Destination:            system_i/axi_i2s_adi_0/U0/ctrl/tx_sync/out_data_reg[3]/D
                            (rising edge-triggered cell FDRE clocked by clk_fpga_1  {rise@0.000ns fall@40.500ns period=81.000ns})
  Path Group:             clk_fpga_1
  Path Type:              Setup (Max at Slow Process Corner)
  Requirement:            81.000ns  (MaxDelay Path 81.000ns)
  Data Path Delay:        1.544ns  (logic 1.087ns (70.388%)  route 0.457ns (29.612%))
  Logic Levels:           0  
  Timing Exception:       MaxDelay Path 81.000ns -datapath_only

    Location             Delay type                Incr(ns)  Path(ns)    Netlist Resource(s)
  -------------------------------------------------------------------    -------------------
    SLICE_X30Y60                                      0.000     0.000 r  system_i/axi_i2s_adi_0/U0/ctrl/tx_sync/fifo_reg_0_3_0_4/RAMB_D1/CLK
    SLICE_X30Y60         RAMD32 (Prop_ramd32_CLK_O)
                                                      1.087     1.087 r  system_i/axi_i2s_adi_0/U0/ctrl/tx_sync/fifo_reg_0_3_0_4/RAMB_D1/O
                         net (fo=1, routed)           0.457     1.544    system_i/axi_i2s_adi_0/U0/ctrl/tx_sync/out_data0[3]
    SLICE_X33Y60         FDRE                                         r  system_i/axi_i2s_adi_0/U0/ctrl/tx_sync/out_data_reg[3]/D
  -------------------------------------------------------------------    -------------------

                         max delay                   81.000    81.000    
    SLICE_X33Y60         FDRE (Setup_fdre_C_D)       -0.039    80.961    system_i/axi_i2s_adi_0/U0/ctrl/tx_sync/out_data_reg[3]
  -------------------------------------------------------------------
                         required time                         80.961    
                         arrival time                          -1.544    
  -------------------------------------------------------------------
                         slack                                 79.417    





---------------------------------------------------------------------------------------------------
Path Group:  **async_default**
From Clock:  clk_fpga_0
  To Clock:  clk_fpga_0

Setup :            0  Failing Endpoints,  Worst Slack        7.209ns,  Total Violation        0.000ns
Hold  :            0  Failing Endpoints,  Worst Slack        0.535ns,  Total Violation        0.000ns
---------------------------------------------------------------------------------------------------


Max Delay Paths
--------------------------------------------------------------------------------------
Slack (MET) :             7.209ns  (required time - arrival time)
  Source:                 system_i/axi_mem_intercon/m00_couplers/auto_pc/inst/gen_axi4_axi3.axi3_conv_inst/USE_WRITE.write_addr_inst/USE_BURSTS.cmd_queue/inst/fifo_gen_inst/inst_fifo_gen/gconvfifo.rf/grf.rf/rstblk/ngwrdrst.grst.g7serrst.gnsckt_wrst.rst_wr_reg2_inst/arststages_ff_reg[1]/C
                            (rising edge-triggered cell FDPE clocked by clk_fpga_0  {rise@0.000ns fall@5.000ns period=10.000ns})
  Destination:            system_i/axi_mem_intercon/m00_couplers/auto_pc/inst/gen_axi4_axi3.axi3_conv_inst/USE_WRITE.write_addr_inst/USE_BURSTS.cmd_queue/inst/fifo_gen_inst/inst_fifo_gen/gconvfifo.rf/grf.rf/gntv_or_sync_fifo.gl0.rd/rpntr/gc0.count_d1_reg[2]/CLR
                            (recovery check against rising-edge clock clk_fpga_0  {rise@0.000ns fall@5.000ns period=10.000ns})
  Path Group:             **async_default**
  Path Type:              Recovery (Max at Slow Process Corner)
  Requirement:            10.000ns  (clk_fpga_0 rise@10.000ns - clk_fpga_0 rise@0.000ns)
  Data Path Delay:        2.176ns  (logic 0.630ns (28.953%)  route 1.546ns (71.047%))
  Logic Levels:           1  (LUT3=1)
  Clock Path Skew:        -0.130ns (DCD - SCD + CPR)
    Destination Clock Delay (DCD):    2.310ns = ( 12.310 - 10.000 ) 
    Source Clock Delay      (SCD):    2.633ns
    Clock Pessimism Removal (CPR):    0.193ns
  Clock Uncertainty:      0.154ns  ((TSJ^2 + TIJ^2)^1/2 + DJ) / 2 + PE
    Total System Jitter     (TSJ):    0.071ns
    Total Input Jitter      (TIJ):    0.300ns
    Discrete Jitter          (DJ):    0.000ns
    Phase Error              (PE):    0.000ns

    Location             Delay type                Incr(ns)  Path(ns)    Netlist Resource(s)
  -------------------------------------------------------------------    -------------------
                         (clock clk_fpga_0 rise edge)
                                                      0.000     0.000 r  
    PS7_X0Y0             PS7                          0.000     0.000 r  system_i/processing_system7_0/inst/PS7_i/FCLKCLK[0]
                         net (fo=1, routed)           0.994     0.994    system_i/processing_system7_0/inst/FCLK_CLK_unbuffered[0]
    BUFGCTRL_X0Y16       BUFG (Prop_bufg_I_O)         0.085     1.079 r  system_i/processing_system7_0/inst/buffer_fclk_clk_0.FCLK_CLK_0_BUFG/O
                         net (fo=6193, routed)        1.554     2.633    system_i/axi_mem_intercon/m00_couplers/auto_pc/inst/gen_axi4_axi3.axi3_conv_inst/USE_WRITE.write_addr_inst/USE_BURSTS.cmd_queue/inst/fifo_gen_inst/inst_fifo_gen/gconvfifo.rf/grf.rf/rstblk/ngwrdrst.grst.g7serrst.gnsckt_wrst.rst_wr_reg2_inst/dest_clk
    SLICE_X4Y45          FDPE                                         r  system_i/axi_mem_intercon/m00_couplers/auto_pc/inst/gen_axi4_axi3.axi3_conv_inst/USE_WRITE.write_addr_inst/USE_BURSTS.cmd_queue/inst/fifo_gen_inst/inst_fifo_gen/gconvfifo.rf/grf.rf/rstblk/ngwrdrst.grst.g7serrst.gnsckt_wrst.rst_wr_reg2_inst/arststages_ff_reg[1]/C
  -------------------------------------------------------------------    -------------------
    SLICE_X4Y45          FDPE (Prop_fdpe_C_Q)         0.398     3.031 f  system_i/axi_mem_intercon/m00_couplers/auto_pc/inst/gen_axi4_axi3.axi3_conv_inst/USE_WRITE.write_addr_inst/USE_BURSTS.cmd_queue/inst/fifo_gen_inst/inst_fifo_gen/gconvfifo.rf/grf.rf/rstblk/ngwrdrst.grst.g7serrst.gnsckt_wrst.rst_wr_reg2_inst/arststages_ff_reg[1]/Q
                         net (fo=3, routed)           0.704     3.735    system_i/axi_mem_intercon/m00_couplers/auto_pc/inst/gen_axi4_axi3.axi3_conv_inst/USE_WRITE.write_addr_inst/USE_BURSTS.cmd_queue/inst/fifo_gen_inst/inst_fifo_gen/gconvfifo.rf/grf.rf/rstblk/ngwrdrst.rst_wr_reg2
    SLICE_X5Y45          LUT3 (Prop_lut3_I2_O)        0.232     3.967 f  system_i/axi_mem_intercon/m00_couplers/auto_pc/inst/gen_axi4_axi3.axi3_conv_inst/USE_WRITE.write_addr_inst/USE_BURSTS.cmd_queue/inst/fifo_gen_inst/inst_fifo_gen/gconvfifo.rf/grf.rf/rstblk/gpregsm1.curr_fwft_state[1]_i_2/O
                         net (fo=32, routed)          0.842     4.809    system_i/axi_mem_intercon/m00_couplers/auto_pc/inst/gen_axi4_axi3.axi3_conv_inst/USE_WRITE.write_addr_inst/USE_BURSTS.cmd_queue/inst/fifo_gen_inst/inst_fifo_gen/gconvfifo.rf/grf.rf/gntv_or_sync_fifo.gl0.rd/rpntr/gc0.count_d1_reg[4]_1
    SLICE_X9Y47          FDCE                                         f  system_i/axi_mem_intercon/m00_couplers/auto_pc/inst/gen_axi4_axi3.axi3_conv_inst/USE_WRITE.write_addr_inst/USE_BURSTS.cmd_queue/inst/fifo_gen_inst/inst_fifo_gen/gconvfifo.rf/grf.rf/gntv_or_sync_fifo.gl0.rd/rpntr/gc0.count_d1_reg[2]/CLR
  -------------------------------------------------------------------    -------------------

                         (clock clk_fpga_0 rise edge)
                                                     10.000    10.000 r  
    PS7_X0Y0             PS7                          0.000    10.000 r  system_i/processing_system7_0/inst/PS7_i/FCLKCLK[0]
                         net (fo=1, routed)           0.905    10.906    system_i/processing_system7_0/inst/FCLK_CLK_unbuffered[0]
    BUFGCTRL_X0Y16       BUFG (Prop_bufg_I_O)         0.077    10.983 r  system_i/processing_system7_0/inst/buffer_fclk_clk_0.FCLK_CLK_0_BUFG/O
                         net (fo=6193, routed)        1.328    12.310    system_i/axi_mem_intercon/m00_couplers/auto_pc/inst/gen_axi4_axi3.axi3_conv_inst/USE_WRITE.write_addr_inst/USE_BURSTS.cmd_queue/inst/fifo_gen_inst/inst_fifo_gen/gconvfifo.rf/grf.rf/gntv_or_sync_fifo.gl0.rd/rpntr/clk
    SLICE_X9Y47          FDCE                                         r  system_i/axi_mem_intercon/m00_couplers/auto_pc/inst/gen_axi4_axi3.axi3_conv_inst/USE_WRITE.write_addr_inst/USE_BURSTS.cmd_queue/inst/fifo_gen_inst/inst_fifo_gen/gconvfifo.rf/grf.rf/gntv_or_sync_fifo.gl0.rd/rpntr/gc0.count_d1_reg[2]/C
                         clock pessimism              0.193    12.503    
                         clock uncertainty           -0.154    12.349    
    SLICE_X9Y47          FDCE (Recov_fdce_C_CLR)     -0.331    12.018    system_i/axi_mem_intercon/m00_couplers/auto_pc/inst/gen_axi4_axi3.axi3_conv_inst/USE_WRITE.write_addr_inst/USE_BURSTS.cmd_queue/inst/fifo_gen_inst/inst_fifo_gen/gconvfifo.rf/grf.rf/gntv_or_sync_fifo.gl0.rd/rpntr/gc0.count_d1_reg[2]
  -------------------------------------------------------------------
                         required time                         12.018    
                         arrival time                          -4.809    
  -------------------------------------------------------------------
                         slack                                  7.209    

Slack (MET) :             7.209ns  (required time - arrival time)
  Source:                 system_i/axi_mem_intercon/m00_couplers/auto_pc/inst/gen_axi4_axi3.axi3_conv_inst/USE_WRITE.write_addr_inst/USE_BURSTS.cmd_queue/inst/fifo_gen_inst/inst_fifo_gen/gconvfifo.rf/grf.rf/rstblk/ngwrdrst.grst.g7serrst.gnsckt_wrst.rst_wr_reg2_inst/arststages_ff_reg[1]/C
                            (rising edge-triggered cell FDPE clocked by clk_fpga_0  {rise@0.000ns fall@5.000ns period=10.000ns})
  Destination:            system_i/axi_mem_intercon/m00_couplers/auto_pc/inst/gen_axi4_axi3.axi3_conv_inst/USE_WRITE.write_addr_inst/USE_BURSTS.cmd_queue/inst/fifo_gen_inst/inst_fifo_gen/gconvfifo.rf/grf.rf/gntv_or_sync_fifo.gl0.rd/rpntr/gc0.count_d1_reg[3]/CLR
                            (recovery check against rising-edge clock clk_fpga_0  {rise@0.000ns fall@5.000ns period=10.000ns})
  Path Group:             **async_default**
  Path Type:              Recovery (Max at Slow Process Corner)
  Requirement:            10.000ns  (clk_fpga_0 rise@10.000ns - clk_fpga_0 rise@0.000ns)
  Data Path Delay:        2.176ns  (logic 0.630ns (28.953%)  route 1.546ns (71.047%))
  Logic Levels:           1  (LUT3=1)
  Clock Path Skew:        -0.130ns (DCD - SCD + CPR)
    Destination Clock Delay (DCD):    2.310ns = ( 12.310 - 10.000 ) 
    Source Clock Delay      (SCD):    2.633ns
    Clock Pessimism Removal (CPR):    0.193ns
  Clock Uncertainty:      0.154ns  ((TSJ^2 + TIJ^2)^1/2 + DJ) / 2 + PE
    Total System Jitter     (TSJ):    0.071ns
    Total Input Jitter      (TIJ):    0.300ns
    Discrete Jitter          (DJ):    0.000ns
    Phase Error              (PE):    0.000ns

    Location             Delay type                Incr(ns)  Path(ns)    Netlist Resource(s)
  -------------------------------------------------------------------    -------------------
                         (clock clk_fpga_0 rise edge)
                                                      0.000     0.000 r  
    PS7_X0Y0             PS7                          0.000     0.000 r  system_i/processing_system7_0/inst/PS7_i/FCLKCLK[0]
                         net (fo=1, routed)           0.994     0.994    system_i/processing_system7_0/inst/FCLK_CLK_unbuffered[0]
    BUFGCTRL_X0Y16       BUFG (Prop_bufg_I_O)         0.085     1.079 r  system_i/processing_system7_0/inst/buffer_fclk_clk_0.FCLK_CLK_0_BUFG/O
                         net (fo=6193, routed)        1.554     2.633    system_i/axi_mem_intercon/m00_couplers/auto_pc/inst/gen_axi4_axi3.axi3_conv_inst/USE_WRITE.write_addr_inst/USE_BURSTS.cmd_queue/inst/fifo_gen_inst/inst_fifo_gen/gconvfifo.rf/grf.rf/rstblk/ngwrdrst.grst.g7serrst.gnsckt_wrst.rst_wr_reg2_inst/dest_clk
    SLICE_X4Y45          FDPE                                         r  system_i/axi_mem_intercon/m00_couplers/auto_pc/inst/gen_axi4_axi3.axi3_conv_inst/USE_WRITE.write_addr_inst/USE_BURSTS.cmd_queue/inst/fifo_gen_inst/inst_fifo_gen/gconvfifo.rf/grf.rf/rstblk/ngwrdrst.grst.g7serrst.gnsckt_wrst.rst_wr_reg2_inst/arststages_ff_reg[1]/C
  -------------------------------------------------------------------    -------------------
    SLICE_X4Y45          FDPE (Prop_fdpe_C_Q)         0.398     3.031 f  system_i/axi_mem_intercon/m00_couplers/auto_pc/inst/gen_axi4_axi3.axi3_conv_inst/USE_WRITE.write_addr_inst/USE_BURSTS.cmd_queue/inst/fifo_gen_inst/inst_fifo_gen/gconvfifo.rf/grf.rf/rstblk/ngwrdrst.grst.g7serrst.gnsckt_wrst.rst_wr_reg2_inst/arststages_ff_reg[1]/Q
                         net (fo=3, routed)           0.704     3.735    system_i/axi_mem_intercon/m00_couplers/auto_pc/inst/gen_axi4_axi3.axi3_conv_inst/USE_WRITE.write_addr_inst/USE_BURSTS.cmd_queue/inst/fifo_gen_inst/inst_fifo_gen/gconvfifo.rf/grf.rf/rstblk/ngwrdrst.rst_wr_reg2
    SLICE_X5Y45          LUT3 (Prop_lut3_I2_O)        0.232     3.967 f  system_i/axi_mem_intercon/m00_couplers/auto_pc/inst/gen_axi4_axi3.axi3_conv_inst/USE_WRITE.write_addr_inst/USE_BURSTS.cmd_queue/inst/fifo_gen_inst/inst_fifo_gen/gconvfifo.rf/grf.rf/rstblk/gpregsm1.curr_fwft_state[1]_i_2/O
                         net (fo=32, routed)          0.842     4.809    system_i/axi_mem_intercon/m00_couplers/auto_pc/inst/gen_axi4_axi3.axi3_conv_inst/USE_WRITE.write_addr_inst/USE_BURSTS.cmd_queue/inst/fifo_gen_inst/inst_fifo_gen/gconvfifo.rf/grf.rf/gntv_or_sync_fifo.gl0.rd/rpntr/gc0.count_d1_reg[4]_1
    SLICE_X9Y47          FDCE                                         f  system_i/axi_mem_intercon/m00_couplers/auto_pc/inst/gen_axi4_axi3.axi3_conv_inst/USE_WRITE.write_addr_inst/USE_BURSTS.cmd_queue/inst/fifo_gen_inst/inst_fifo_gen/gconvfifo.rf/grf.rf/gntv_or_sync_fifo.gl0.rd/rpntr/gc0.count_d1_reg[3]/CLR
  -------------------------------------------------------------------    -------------------

                         (clock clk_fpga_0 rise edge)
                                                     10.000    10.000 r  
    PS7_X0Y0             PS7                          0.000    10.000 r  system_i/processing_system7_0/inst/PS7_i/FCLKCLK[0]
                         net (fo=1, routed)           0.905    10.906    system_i/processing_system7_0/inst/FCLK_CLK_unbuffered[0]
    BUFGCTRL_X0Y16       BUFG (Prop_bufg_I_O)         0.077    10.983 r  system_i/processing_system7_0/inst/buffer_fclk_clk_0.FCLK_CLK_0_BUFG/O
                         net (fo=6193, routed)        1.328    12.310    system_i/axi_mem_intercon/m00_couplers/auto_pc/inst/gen_axi4_axi3.axi3_conv_inst/USE_WRITE.write_addr_inst/USE_BURSTS.cmd_queue/inst/fifo_gen_inst/inst_fifo_gen/gconvfifo.rf/grf.rf/gntv_or_sync_fifo.gl0.rd/rpntr/clk
    SLICE_X9Y47          FDCE                                         r  system_i/axi_mem_intercon/m00_couplers/auto_pc/inst/gen_axi4_axi3.axi3_conv_inst/USE_WRITE.write_addr_inst/USE_BURSTS.cmd_queue/inst/fifo_gen_inst/inst_fifo_gen/gconvfifo.rf/grf.rf/gntv_or_sync_fifo.gl0.rd/rpntr/gc0.count_d1_reg[3]/C
                         clock pessimism              0.193    12.503    
                         clock uncertainty           -0.154    12.349    
    SLICE_X9Y47          FDCE (Recov_fdce_C_CLR)     -0.331    12.018    system_i/axi_mem_intercon/m00_couplers/auto_pc/inst/gen_axi4_axi3.axi3_conv_inst/USE_WRITE.write_addr_inst/USE_BURSTS.cmd_queue/inst/fifo_gen_inst/inst_fifo_gen/gconvfifo.rf/grf.rf/gntv_or_sync_fifo.gl0.rd/rpntr/gc0.count_d1_reg[3]
  -------------------------------------------------------------------
                         required time                         12.018    
                         arrival time                          -4.809    
  -------------------------------------------------------------------
                         slack                                  7.209    

Slack (MET) :             7.209ns  (required time - arrival time)
  Source:                 system_i/axi_mem_intercon/m00_couplers/auto_pc/inst/gen_axi4_axi3.axi3_conv_inst/USE_WRITE.write_addr_inst/USE_BURSTS.cmd_queue/inst/fifo_gen_inst/inst_fifo_gen/gconvfifo.rf/grf.rf/rstblk/ngwrdrst.grst.g7serrst.gnsckt_wrst.rst_wr_reg2_inst/arststages_ff_reg[1]/C
                            (rising edge-triggered cell FDPE clocked by clk_fpga_0  {rise@0.000ns fall@5.000ns period=10.000ns})
  Destination:            system_i/axi_mem_intercon/m00_couplers/auto_pc/inst/gen_axi4_axi3.axi3_conv_inst/USE_WRITE.write_addr_inst/USE_BURSTS.cmd_queue/inst/fifo_gen_inst/inst_fifo_gen/gconvfifo.rf/grf.rf/gntv_or_sync_fifo.gl0.rd/rpntr/gc0.count_d1_reg[4]/CLR
                            (recovery check against rising-edge clock clk_fpga_0  {rise@0.000ns fall@5.000ns period=10.000ns})
  Path Group:             **async_default**
  Path Type:              Recovery (Max at Slow Process Corner)
  Requirement:            10.000ns  (clk_fpga_0 rise@10.000ns - clk_fpga_0 rise@0.000ns)
  Data Path Delay:        2.176ns  (logic 0.630ns (28.953%)  route 1.546ns (71.047%))
  Logic Levels:           1  (LUT3=1)
  Clock Path Skew:        -0.130ns (DCD - SCD + CPR)
    Destination Clock Delay (DCD):    2.310ns = ( 12.310 - 10.000 ) 
    Source Clock Delay      (SCD):    2.633ns
    Clock Pessimism Removal (CPR):    0.193ns
  Clock Uncertainty:      0.154ns  ((TSJ^2 + TIJ^2)^1/2 + DJ) / 2 + PE
    Total System Jitter     (TSJ):    0.071ns
    Total Input Jitter      (TIJ):    0.300ns
    Discrete Jitter          (DJ):    0.000ns
    Phase Error              (PE):    0.000ns

    Location             Delay type                Incr(ns)  Path(ns)    Netlist Resource(s)
  -------------------------------------------------------------------    -------------------
                         (clock clk_fpga_0 rise edge)
                                                      0.000     0.000 r  
    PS7_X0Y0             PS7                          0.000     0.000 r  system_i/processing_system7_0/inst/PS7_i/FCLKCLK[0]
                         net (fo=1, routed)           0.994     0.994    system_i/processing_system7_0/inst/FCLK_CLK_unbuffered[0]
    BUFGCTRL_X0Y16       BUFG (Prop_bufg_I_O)         0.085     1.079 r  system_i/processing_system7_0/inst/buffer_fclk_clk_0.FCLK_CLK_0_BUFG/O
                         net (fo=6193, routed)        1.554     2.633    system_i/axi_mem_intercon/m00_couplers/auto_pc/inst/gen_axi4_axi3.axi3_conv_inst/USE_WRITE.write_addr_inst/USE_BURSTS.cmd_queue/inst/fifo_gen_inst/inst_fifo_gen/gconvfifo.rf/grf.rf/rstblk/ngwrdrst.grst.g7serrst.gnsckt_wrst.rst_wr_reg2_inst/dest_clk
    SLICE_X4Y45          FDPE                                         r  system_i/axi_mem_intercon/m00_couplers/auto_pc/inst/gen_axi4_axi3.axi3_conv_inst/USE_WRITE.write_addr_inst/USE_BURSTS.cmd_queue/inst/fifo_gen_inst/inst_fifo_gen/gconvfifo.rf/grf.rf/rstblk/ngwrdrst.grst.g7serrst.gnsckt_wrst.rst_wr_reg2_inst/arststages_ff_reg[1]/C
  -------------------------------------------------------------------    -------------------
    SLICE_X4Y45          FDPE (Prop_fdpe_C_Q)         0.398     3.031 f  system_i/axi_mem_intercon/m00_couplers/auto_pc/inst/gen_axi4_axi3.axi3_conv_inst/USE_WRITE.write_addr_inst/USE_BURSTS.cmd_queue/inst/fifo_gen_inst/inst_fifo_gen/gconvfifo.rf/grf.rf/rstblk/ngwrdrst.grst.g7serrst.gnsckt_wrst.rst_wr_reg2_inst/arststages_ff_reg[1]/Q
                         net (fo=3, routed)           0.704     3.735    system_i/axi_mem_intercon/m00_couplers/auto_pc/inst/gen_axi4_axi3.axi3_conv_inst/USE_WRITE.write_addr_inst/USE_BURSTS.cmd_queue/inst/fifo_gen_inst/inst_fifo_gen/gconvfifo.rf/grf.rf/rstblk/ngwrdrst.rst_wr_reg2
    SLICE_X5Y45          LUT3 (Prop_lut3_I2_O)        0.232     3.967 f  system_i/axi_mem_intercon/m00_couplers/auto_pc/inst/gen_axi4_axi3.axi3_conv_inst/USE_WRITE.write_addr_inst/USE_BURSTS.cmd_queue/inst/fifo_gen_inst/inst_fifo_gen/gconvfifo.rf/grf.rf/rstblk/gpregsm1.curr_fwft_state[1]_i_2/O
                         net (fo=32, routed)          0.842     4.809    system_i/axi_mem_intercon/m00_couplers/auto_pc/inst/gen_axi4_axi3.axi3_conv_inst/USE_WRITE.write_addr_inst/USE_BURSTS.cmd_queue/inst/fifo_gen_inst/inst_fifo_gen/gconvfifo.rf/grf.rf/gntv_or_sync_fifo.gl0.rd/rpntr/gc0.count_d1_reg[4]_1
    SLICE_X9Y47          FDCE                                         f  system_i/axi_mem_intercon/m00_couplers/auto_pc/inst/gen_axi4_axi3.axi3_conv_inst/USE_WRITE.write_addr_inst/USE_BURSTS.cmd_queue/inst/fifo_gen_inst/inst_fifo_gen/gconvfifo.rf/grf.rf/gntv_or_sync_fifo.gl0.rd/rpntr/gc0.count_d1_reg[4]/CLR
  -------------------------------------------------------------------    -------------------

                         (clock clk_fpga_0 rise edge)
                                                     10.000    10.000 r  
    PS7_X0Y0             PS7                          0.000    10.000 r  system_i/processing_system7_0/inst/PS7_i/FCLKCLK[0]
                         net (fo=1, routed)           0.905    10.906    system_i/processing_system7_0/inst/FCLK_CLK_unbuffered[0]
    BUFGCTRL_X0Y16       BUFG (Prop_bufg_I_O)         0.077    10.983 r  system_i/processing_system7_0/inst/buffer_fclk_clk_0.FCLK_CLK_0_BUFG/O
                         net (fo=6193, routed)        1.328    12.310    system_i/axi_mem_intercon/m00_couplers/auto_pc/inst/gen_axi4_axi3.axi3_conv_inst/USE_WRITE.write_addr_inst/USE_BURSTS.cmd_queue/inst/fifo_gen_inst/inst_fifo_gen/gconvfifo.rf/grf.rf/gntv_or_sync_fifo.gl0.rd/rpntr/clk
    SLICE_X9Y47          FDCE                                         r  system_i/axi_mem_intercon/m00_couplers/auto_pc/inst/gen_axi4_axi3.axi3_conv_inst/USE_WRITE.write_addr_inst/USE_BURSTS.cmd_queue/inst/fifo_gen_inst/inst_fifo_gen/gconvfifo.rf/grf.rf/gntv_or_sync_fifo.gl0.rd/rpntr/gc0.count_d1_reg[4]/C
                         clock pessimism              0.193    12.503    
                         clock uncertainty           -0.154    12.349    
    SLICE_X9Y47          FDCE (Recov_fdce_C_CLR)     -0.331    12.018    system_i/axi_mem_intercon/m00_couplers/auto_pc/inst/gen_axi4_axi3.axi3_conv_inst/USE_WRITE.write_addr_inst/USE_BURSTS.cmd_queue/inst/fifo_gen_inst/inst_fifo_gen/gconvfifo.rf/grf.rf/gntv_or_sync_fifo.gl0.rd/rpntr/gc0.count_d1_reg[4]
  -------------------------------------------------------------------
                         required time                         12.018    
                         arrival time                          -4.809    
  -------------------------------------------------------------------
                         slack                                  7.209    

Slack (MET) :             7.209ns  (required time - arrival time)
  Source:                 system_i/axi_mem_intercon/m00_couplers/auto_pc/inst/gen_axi4_axi3.axi3_conv_inst/USE_WRITE.write_addr_inst/USE_BURSTS.cmd_queue/inst/fifo_gen_inst/inst_fifo_gen/gconvfifo.rf/grf.rf/rstblk/ngwrdrst.grst.g7serrst.gnsckt_wrst.rst_wr_reg2_inst/arststages_ff_reg[1]/C
                            (rising edge-triggered cell FDPE clocked by clk_fpga_0  {rise@0.000ns fall@5.000ns period=10.000ns})
  Destination:            system_i/axi_mem_intercon/m00_couplers/auto_pc/inst/gen_axi4_axi3.axi3_conv_inst/USE_WRITE.write_addr_inst/USE_BURSTS.cmd_queue/inst/fifo_gen_inst/inst_fifo_gen/gconvfifo.rf/grf.rf/gntv_or_sync_fifo.gl0.rd/rpntr/gc0.count_reg[3]/CLR
                            (recovery check against rising-edge clock clk_fpga_0  {rise@0.000ns fall@5.000ns period=10.000ns})
  Path Group:             **async_default**
  Path Type:              Recovery (Max at Slow Process Corner)
  Requirement:            10.000ns  (clk_fpga_0 rise@10.000ns - clk_fpga_0 rise@0.000ns)
  Data Path Delay:        2.176ns  (logic 0.630ns (28.953%)  route 1.546ns (71.047%))
  Logic Levels:           1  (LUT3=1)
  Clock Path Skew:        -0.130ns (DCD - SCD + CPR)
    Destination Clock Delay (DCD):    2.310ns = ( 12.310 - 10.000 ) 
    Source Clock Delay      (SCD):    2.633ns
    Clock Pessimism Removal (CPR):    0.193ns
  Clock Uncertainty:      0.154ns  ((TSJ^2 + TIJ^2)^1/2 + DJ) / 2 + PE
    Total System Jitter     (TSJ):    0.071ns
    Total Input Jitter      (TIJ):    0.300ns
    Discrete Jitter          (DJ):    0.000ns
    Phase Error              (PE):    0.000ns

    Location             Delay type                Incr(ns)  Path(ns)    Netlist Resource(s)
  -------------------------------------------------------------------    -------------------
                         (clock clk_fpga_0 rise edge)
                                                      0.000     0.000 r  
    PS7_X0Y0             PS7                          0.000     0.000 r  system_i/processing_system7_0/inst/PS7_i/FCLKCLK[0]
                         net (fo=1, routed)           0.994     0.994    system_i/processing_system7_0/inst/FCLK_CLK_unbuffered[0]
    BUFGCTRL_X0Y16       BUFG (Prop_bufg_I_O)         0.085     1.079 r  system_i/processing_system7_0/inst/buffer_fclk_clk_0.FCLK_CLK_0_BUFG/O
                         net (fo=6193, routed)        1.554     2.633    system_i/axi_mem_intercon/m00_couplers/auto_pc/inst/gen_axi4_axi3.axi3_conv_inst/USE_WRITE.write_addr_inst/USE_BURSTS.cmd_queue/inst/fifo_gen_inst/inst_fifo_gen/gconvfifo.rf/grf.rf/rstblk/ngwrdrst.grst.g7serrst.gnsckt_wrst.rst_wr_reg2_inst/dest_clk
    SLICE_X4Y45          FDPE                                         r  system_i/axi_mem_intercon/m00_couplers/auto_pc/inst/gen_axi4_axi3.axi3_conv_inst/USE_WRITE.write_addr_inst/USE_BURSTS.cmd_queue/inst/fifo_gen_inst/inst_fifo_gen/gconvfifo.rf/grf.rf/rstblk/ngwrdrst.grst.g7serrst.gnsckt_wrst.rst_wr_reg2_inst/arststages_ff_reg[1]/C
  -------------------------------------------------------------------    -------------------
    SLICE_X4Y45          FDPE (Prop_fdpe_C_Q)         0.398     3.031 f  system_i/axi_mem_intercon/m00_couplers/auto_pc/inst/gen_axi4_axi3.axi3_conv_inst/USE_WRITE.write_addr_inst/USE_BURSTS.cmd_queue/inst/fifo_gen_inst/inst_fifo_gen/gconvfifo.rf/grf.rf/rstblk/ngwrdrst.grst.g7serrst.gnsckt_wrst.rst_wr_reg2_inst/arststages_ff_reg[1]/Q
                         net (fo=3, routed)           0.704     3.735    system_i/axi_mem_intercon/m00_couplers/auto_pc/inst/gen_axi4_axi3.axi3_conv_inst/USE_WRITE.write_addr_inst/USE_BURSTS.cmd_queue/inst/fifo_gen_inst/inst_fifo_gen/gconvfifo.rf/grf.rf/rstblk/ngwrdrst.rst_wr_reg2
    SLICE_X5Y45          LUT3 (Prop_lut3_I2_O)        0.232     3.967 f  system_i/axi_mem_intercon/m00_couplers/auto_pc/inst/gen_axi4_axi3.axi3_conv_inst/USE_WRITE.write_addr_inst/USE_BURSTS.cmd_queue/inst/fifo_gen_inst/inst_fifo_gen/gconvfifo.rf/grf.rf/rstblk/gpregsm1.curr_fwft_state[1]_i_2/O
                         net (fo=32, routed)          0.842     4.809    system_i/axi_mem_intercon/m00_couplers/auto_pc/inst/gen_axi4_axi3.axi3_conv_inst/USE_WRITE.write_addr_inst/USE_BURSTS.cmd_queue/inst/fifo_gen_inst/inst_fifo_gen/gconvfifo.rf/grf.rf/gntv_or_sync_fifo.gl0.rd/rpntr/gc0.count_d1_reg[4]_1
    SLICE_X9Y47          FDCE                                         f  system_i/axi_mem_intercon/m00_couplers/auto_pc/inst/gen_axi4_axi3.axi3_conv_inst/USE_WRITE.write_addr_inst/USE_BURSTS.cmd_queue/inst/fifo_gen_inst/inst_fifo_gen/gconvfifo.rf/grf.rf/gntv_or_sync_fifo.gl0.rd/rpntr/gc0.count_reg[3]/CLR
  -------------------------------------------------------------------    -------------------

                         (clock clk_fpga_0 rise edge)
                                                     10.000    10.000 r  
    PS7_X0Y0             PS7                          0.000    10.000 r  system_i/processing_system7_0/inst/PS7_i/FCLKCLK[0]
                         net (fo=1, routed)           0.905    10.906    system_i/processing_system7_0/inst/FCLK_CLK_unbuffered[0]
    BUFGCTRL_X0Y16       BUFG (Prop_bufg_I_O)         0.077    10.983 r  system_i/processing_system7_0/inst/buffer_fclk_clk_0.FCLK_CLK_0_BUFG/O
                         net (fo=6193, routed)        1.328    12.310    system_i/axi_mem_intercon/m00_couplers/auto_pc/inst/gen_axi4_axi3.axi3_conv_inst/USE_WRITE.write_addr_inst/USE_BURSTS.cmd_queue/inst/fifo_gen_inst/inst_fifo_gen/gconvfifo.rf/grf.rf/gntv_or_sync_fifo.gl0.rd/rpntr/clk
    SLICE_X9Y47          FDCE                                         r  system_i/axi_mem_intercon/m00_couplers/auto_pc/inst/gen_axi4_axi3.axi3_conv_inst/USE_WRITE.write_addr_inst/USE_BURSTS.cmd_queue/inst/fifo_gen_inst/inst_fifo_gen/gconvfifo.rf/grf.rf/gntv_or_sync_fifo.gl0.rd/rpntr/gc0.count_reg[3]/C
                         clock pessimism              0.193    12.503    
                         clock uncertainty           -0.154    12.349    
    SLICE_X9Y47          FDCE (Recov_fdce_C_CLR)     -0.331    12.018    system_i/axi_mem_intercon/m00_couplers/auto_pc/inst/gen_axi4_axi3.axi3_conv_inst/USE_WRITE.write_addr_inst/USE_BURSTS.cmd_queue/inst/fifo_gen_inst/inst_fifo_gen/gconvfifo.rf/grf.rf/gntv_or_sync_fifo.gl0.rd/rpntr/gc0.count_reg[3]
  -------------------------------------------------------------------
                         required time                         12.018    
                         arrival time                          -4.809    
  -------------------------------------------------------------------
                         slack                                  7.209    

Slack (MET) :             7.209ns  (required time - arrival time)
  Source:                 system_i/axi_mem_intercon/m00_couplers/auto_pc/inst/gen_axi4_axi3.axi3_conv_inst/USE_WRITE.write_addr_inst/USE_BURSTS.cmd_queue/inst/fifo_gen_inst/inst_fifo_gen/gconvfifo.rf/grf.rf/rstblk/ngwrdrst.grst.g7serrst.gnsckt_wrst.rst_wr_reg2_inst/arststages_ff_reg[1]/C
                            (rising edge-triggered cell FDPE clocked by clk_fpga_0  {rise@0.000ns fall@5.000ns period=10.000ns})
  Destination:            system_i/axi_mem_intercon/m00_couplers/auto_pc/inst/gen_axi4_axi3.axi3_conv_inst/USE_WRITE.write_addr_inst/USE_BURSTS.cmd_queue/inst/fifo_gen_inst/inst_fifo_gen/gconvfifo.rf/grf.rf/gntv_or_sync_fifo.gl0.rd/rpntr/gc0.count_reg[4]/CLR
                            (recovery check against rising-edge clock clk_fpga_0  {rise@0.000ns fall@5.000ns period=10.000ns})
  Path Group:             **async_default**
  Path Type:              Recovery (Max at Slow Process Corner)
  Requirement:            10.000ns  (clk_fpga_0 rise@10.000ns - clk_fpga_0 rise@0.000ns)
  Data Path Delay:        2.176ns  (logic 0.630ns (28.953%)  route 1.546ns (71.047%))
  Logic Levels:           1  (LUT3=1)
  Clock Path Skew:        -0.130ns (DCD - SCD + CPR)
    Destination Clock Delay (DCD):    2.310ns = ( 12.310 - 10.000 ) 
    Source Clock Delay      (SCD):    2.633ns
    Clock Pessimism Removal (CPR):    0.193ns
  Clock Uncertainty:      0.154ns  ((TSJ^2 + TIJ^2)^1/2 + DJ) / 2 + PE
    Total System Jitter     (TSJ):    0.071ns
    Total Input Jitter      (TIJ):    0.300ns
    Discrete Jitter          (DJ):    0.000ns
    Phase Error              (PE):    0.000ns

    Location             Delay type                Incr(ns)  Path(ns)    Netlist Resource(s)
  -------------------------------------------------------------------    -------------------
                         (clock clk_fpga_0 rise edge)
                                                      0.000     0.000 r  
    PS7_X0Y0             PS7                          0.000     0.000 r  system_i/processing_system7_0/inst/PS7_i/FCLKCLK[0]
                         net (fo=1, routed)           0.994     0.994    system_i/processing_system7_0/inst/FCLK_CLK_unbuffered[0]
    BUFGCTRL_X0Y16       BUFG (Prop_bufg_I_O)         0.085     1.079 r  system_i/processing_system7_0/inst/buffer_fclk_clk_0.FCLK_CLK_0_BUFG/O
                         net (fo=6193, routed)        1.554     2.633    system_i/axi_mem_intercon/m00_couplers/auto_pc/inst/gen_axi4_axi3.axi3_conv_inst/USE_WRITE.write_addr_inst/USE_BURSTS.cmd_queue/inst/fifo_gen_inst/inst_fifo_gen/gconvfifo.rf/grf.rf/rstblk/ngwrdrst.grst.g7serrst.gnsckt_wrst.rst_wr_reg2_inst/dest_clk
    SLICE_X4Y45          FDPE                                         r  system_i/axi_mem_intercon/m00_couplers/auto_pc/inst/gen_axi4_axi3.axi3_conv_inst/USE_WRITE.write_addr_inst/USE_BURSTS.cmd_queue/inst/fifo_gen_inst/inst_fifo_gen/gconvfifo.rf/grf.rf/rstblk/ngwrdrst.grst.g7serrst.gnsckt_wrst.rst_wr_reg2_inst/arststages_ff_reg[1]/C
  -------------------------------------------------------------------    -------------------
    SLICE_X4Y45          FDPE (Prop_fdpe_C_Q)         0.398     3.031 f  system_i/axi_mem_intercon/m00_couplers/auto_pc/inst/gen_axi4_axi3.axi3_conv_inst/USE_WRITE.write_addr_inst/USE_BURSTS.cmd_queue/inst/fifo_gen_inst/inst_fifo_gen/gconvfifo.rf/grf.rf/rstblk/ngwrdrst.grst.g7serrst.gnsckt_wrst.rst_wr_reg2_inst/arststages_ff_reg[1]/Q
                         net (fo=3, routed)           0.704     3.735    system_i/axi_mem_intercon/m00_couplers/auto_pc/inst/gen_axi4_axi3.axi3_conv_inst/USE_WRITE.write_addr_inst/USE_BURSTS.cmd_queue/inst/fifo_gen_inst/inst_fifo_gen/gconvfifo.rf/grf.rf/rstblk/ngwrdrst.rst_wr_reg2
    SLICE_X5Y45          LUT3 (Prop_lut3_I2_O)        0.232     3.967 f  system_i/axi_mem_intercon/m00_couplers/auto_pc/inst/gen_axi4_axi3.axi3_conv_inst/USE_WRITE.write_addr_inst/USE_BURSTS.cmd_queue/inst/fifo_gen_inst/inst_fifo_gen/gconvfifo.rf/grf.rf/rstblk/gpregsm1.curr_fwft_state[1]_i_2/O
                         net (fo=32, routed)          0.842     4.809    system_i/axi_mem_intercon/m00_couplers/auto_pc/inst/gen_axi4_axi3.axi3_conv_inst/USE_WRITE.write_addr_inst/USE_BURSTS.cmd_queue/inst/fifo_gen_inst/inst_fifo_gen/gconvfifo.rf/grf.rf/gntv_or_sync_fifo.gl0.rd/rpntr/gc0.count_d1_reg[4]_1
    SLICE_X9Y47          FDCE                                         f  system_i/axi_mem_intercon/m00_couplers/auto_pc/inst/gen_axi4_axi3.axi3_conv_inst/USE_WRITE.write_addr_inst/USE_BURSTS.cmd_queue/inst/fifo_gen_inst/inst_fifo_gen/gconvfifo.rf/grf.rf/gntv_or_sync_fifo.gl0.rd/rpntr/gc0.count_reg[4]/CLR
  -------------------------------------------------------------------    -------------------

                         (clock clk_fpga_0 rise edge)
                                                     10.000    10.000 r  
    PS7_X0Y0             PS7                          0.000    10.000 r  system_i/processing_system7_0/inst/PS7_i/FCLKCLK[0]
                         net (fo=1, routed)           0.905    10.906    system_i/processing_system7_0/inst/FCLK_CLK_unbuffered[0]
    BUFGCTRL_X0Y16       BUFG (Prop_bufg_I_O)         0.077    10.983 r  system_i/processing_system7_0/inst/buffer_fclk_clk_0.FCLK_CLK_0_BUFG/O
                         net (fo=6193, routed)        1.328    12.310    system_i/axi_mem_intercon/m00_couplers/auto_pc/inst/gen_axi4_axi3.axi3_conv_inst/USE_WRITE.write_addr_inst/USE_BURSTS.cmd_queue/inst/fifo_gen_inst/inst_fifo_gen/gconvfifo.rf/grf.rf/gntv_or_sync_fifo.gl0.rd/rpntr/clk
    SLICE_X9Y47          FDCE                                         r  system_i/axi_mem_intercon/m00_couplers/auto_pc/inst/gen_axi4_axi3.axi3_conv_inst/USE_WRITE.write_addr_inst/USE_BURSTS.cmd_queue/inst/fifo_gen_inst/inst_fifo_gen/gconvfifo.rf/grf.rf/gntv_or_sync_fifo.gl0.rd/rpntr/gc0.count_reg[4]/C
                         clock pessimism              0.193    12.503    
                         clock uncertainty           -0.154    12.349    
    SLICE_X9Y47          FDCE (Recov_fdce_C_CLR)     -0.331    12.018    system_i/axi_mem_intercon/m00_couplers/auto_pc/inst/gen_axi4_axi3.axi3_conv_inst/USE_WRITE.write_addr_inst/USE_BURSTS.cmd_queue/inst/fifo_gen_inst/inst_fifo_gen/gconvfifo.rf/grf.rf/gntv_or_sync_fifo.gl0.rd/rpntr/gc0.count_reg[4]
  -------------------------------------------------------------------
                         required time                         12.018    
                         arrival time                          -4.809    
  -------------------------------------------------------------------
                         slack                                  7.209    

Slack (MET) :             7.248ns  (required time - arrival time)
  Source:                 system_i/axi_mem_intercon/m00_couplers/auto_pc/inst/gen_axi4_axi3.axi3_conv_inst/USE_WRITE.write_addr_inst/USE_BURSTS.cmd_queue/inst/fifo_gen_inst/inst_fifo_gen/gconvfifo.rf/grf.rf/rstblk/ngwrdrst.grst.g7serrst.gnsckt_wrst.rst_wr_reg2_inst/arststages_ff_reg[1]/C
                            (rising edge-triggered cell FDPE clocked by clk_fpga_0  {rise@0.000ns fall@5.000ns period=10.000ns})
  Destination:            system_i/axi_mem_intercon/m00_couplers/auto_pc/inst/gen_axi4_axi3.axi3_conv_inst/USE_WRITE.write_addr_inst/USE_BURSTS.cmd_queue/inst/fifo_gen_inst/inst_fifo_gen/gconvfifo.rf/grf.rf/gntv_or_sync_fifo.gl0.rd/rpntr/gc0.count_d1_reg[0]/CLR
                            (recovery check against rising-edge clock clk_fpga_0  {rise@0.000ns fall@5.000ns period=10.000ns})
  Path Group:             **async_default**
  Path Type:              Recovery (Max at Slow Process Corner)
  Requirement:            10.000ns  (clk_fpga_0 rise@10.000ns - clk_fpga_0 rise@0.000ns)
  Data Path Delay:        2.176ns  (logic 0.630ns (28.953%)  route 1.546ns (71.047%))
  Logic Levels:           1  (LUT3=1)
  Clock Path Skew:        -0.130ns (DCD - SCD + CPR)
    Destination Clock Delay (DCD):    2.310ns = ( 12.310 - 10.000 ) 
    Source Clock Delay      (SCD):    2.633ns
    Clock Pessimism Removal (CPR):    0.193ns
  Clock Uncertainty:      0.154ns  ((TSJ^2 + TIJ^2)^1/2 + DJ) / 2 + PE
    Total System Jitter     (TSJ):    0.071ns
    Total Input Jitter      (TIJ):    0.300ns
    Discrete Jitter          (DJ):    0.000ns
    Phase Error              (PE):    0.000ns

    Location             Delay type                Incr(ns)  Path(ns)    Netlist Resource(s)
  -------------------------------------------------------------------    -------------------
                         (clock clk_fpga_0 rise edge)
                                                      0.000     0.000 r  
    PS7_X0Y0             PS7                          0.000     0.000 r  system_i/processing_system7_0/inst/PS7_i/FCLKCLK[0]
                         net (fo=1, routed)           0.994     0.994    system_i/processing_system7_0/inst/FCLK_CLK_unbuffered[0]
    BUFGCTRL_X0Y16       BUFG (Prop_bufg_I_O)         0.085     1.079 r  system_i/processing_system7_0/inst/buffer_fclk_clk_0.FCLK_CLK_0_BUFG/O
                         net (fo=6193, routed)        1.554     2.633    system_i/axi_mem_intercon/m00_couplers/auto_pc/inst/gen_axi4_axi3.axi3_conv_inst/USE_WRITE.write_addr_inst/USE_BURSTS.cmd_queue/inst/fifo_gen_inst/inst_fifo_gen/gconvfifo.rf/grf.rf/rstblk/ngwrdrst.grst.g7serrst.gnsckt_wrst.rst_wr_reg2_inst/dest_clk
    SLICE_X4Y45          FDPE                                         r  system_i/axi_mem_intercon/m00_couplers/auto_pc/inst/gen_axi4_axi3.axi3_conv_inst/USE_WRITE.write_addr_inst/USE_BURSTS.cmd_queue/inst/fifo_gen_inst/inst_fifo_gen/gconvfifo.rf/grf.rf/rstblk/ngwrdrst.grst.g7serrst.gnsckt_wrst.rst_wr_reg2_inst/arststages_ff_reg[1]/C
  -------------------------------------------------------------------    -------------------
    SLICE_X4Y45          FDPE (Prop_fdpe_C_Q)         0.398     3.031 f  system_i/axi_mem_intercon/m00_couplers/auto_pc/inst/gen_axi4_axi3.axi3_conv_inst/USE_WRITE.write_addr_inst/USE_BURSTS.cmd_queue/inst/fifo_gen_inst/inst_fifo_gen/gconvfifo.rf/grf.rf/rstblk/ngwrdrst.grst.g7serrst.gnsckt_wrst.rst_wr_reg2_inst/arststages_ff_reg[1]/Q
                         net (fo=3, routed)           0.704     3.735    system_i/axi_mem_intercon/m00_couplers/auto_pc/inst/gen_axi4_axi3.axi3_conv_inst/USE_WRITE.write_addr_inst/USE_BURSTS.cmd_queue/inst/fifo_gen_inst/inst_fifo_gen/gconvfifo.rf/grf.rf/rstblk/ngwrdrst.rst_wr_reg2
    SLICE_X5Y45          LUT3 (Prop_lut3_I2_O)        0.232     3.967 f  system_i/axi_mem_intercon/m00_couplers/auto_pc/inst/gen_axi4_axi3.axi3_conv_inst/USE_WRITE.write_addr_inst/USE_BURSTS.cmd_queue/inst/fifo_gen_inst/inst_fifo_gen/gconvfifo.rf/grf.rf/rstblk/gpregsm1.curr_fwft_state[1]_i_2/O
                         net (fo=32, routed)          0.842     4.809    system_i/axi_mem_intercon/m00_couplers/auto_pc/inst/gen_axi4_axi3.axi3_conv_inst/USE_WRITE.write_addr_inst/USE_BURSTS.cmd_queue/inst/fifo_gen_inst/inst_fifo_gen/gconvfifo.rf/grf.rf/gntv_or_sync_fifo.gl0.rd/rpntr/gc0.count_d1_reg[4]_1
    SLICE_X8Y47          FDCE                                         f  system_i/axi_mem_intercon/m00_couplers/auto_pc/inst/gen_axi4_axi3.axi3_conv_inst/USE_WRITE.write_addr_inst/USE_BURSTS.cmd_queue/inst/fifo_gen_inst/inst_fifo_gen/gconvfifo.rf/grf.rf/gntv_or_sync_fifo.gl0.rd/rpntr/gc0.count_d1_reg[0]/CLR
  -------------------------------------------------------------------    -------------------

                         (clock clk_fpga_0 rise edge)
                                                     10.000    10.000 r  
    PS7_X0Y0             PS7                          0.000    10.000 r  system_i/processing_system7_0/inst/PS7_i/FCLKCLK[0]
                         net (fo=1, routed)           0.905    10.906    system_i/processing_system7_0/inst/FCLK_CLK_unbuffered[0]
    BUFGCTRL_X0Y16       BUFG (Prop_bufg_I_O)         0.077    10.983 r  system_i/processing_system7_0/inst/buffer_fclk_clk_0.FCLK_CLK_0_BUFG/O
                         net (fo=6193, routed)        1.328    12.310    system_i/axi_mem_intercon/m00_couplers/auto_pc/inst/gen_axi4_axi3.axi3_conv_inst/USE_WRITE.write_addr_inst/USE_BURSTS.cmd_queue/inst/fifo_gen_inst/inst_fifo_gen/gconvfifo.rf/grf.rf/gntv_or_sync_fifo.gl0.rd/rpntr/clk
    SLICE_X8Y47          FDCE                                         r  system_i/axi_mem_intercon/m00_couplers/auto_pc/inst/gen_axi4_axi3.axi3_conv_inst/USE_WRITE.write_addr_inst/USE_BURSTS.cmd_queue/inst/fifo_gen_inst/inst_fifo_gen/gconvfifo.rf/grf.rf/gntv_or_sync_fifo.gl0.rd/rpntr/gc0.count_d1_reg[0]/C
                         clock pessimism              0.193    12.503    
                         clock uncertainty           -0.154    12.349    
    SLICE_X8Y47          FDCE (Recov_fdce_C_CLR)     -0.292    12.057    system_i/axi_mem_intercon/m00_couplers/auto_pc/inst/gen_axi4_axi3.axi3_conv_inst/USE_WRITE.write_addr_inst/USE_BURSTS.cmd_queue/inst/fifo_gen_inst/inst_fifo_gen/gconvfifo.rf/grf.rf/gntv_or_sync_fifo.gl0.rd/rpntr/gc0.count_d1_reg[0]
  -------------------------------------------------------------------
                         required time                         12.057    
                         arrival time                          -4.809    
  -------------------------------------------------------------------
                         slack                                  7.248    

Slack (MET) :             7.248ns  (required time - arrival time)
  Source:                 system_i/axi_mem_intercon/m00_couplers/auto_pc/inst/gen_axi4_axi3.axi3_conv_inst/USE_WRITE.write_addr_inst/USE_BURSTS.cmd_queue/inst/fifo_gen_inst/inst_fifo_gen/gconvfifo.rf/grf.rf/rstblk/ngwrdrst.grst.g7serrst.gnsckt_wrst.rst_wr_reg2_inst/arststages_ff_reg[1]/C
                            (rising edge-triggered cell FDPE clocked by clk_fpga_0  {rise@0.000ns fall@5.000ns period=10.000ns})
  Destination:            system_i/axi_mem_intercon/m00_couplers/auto_pc/inst/gen_axi4_axi3.axi3_conv_inst/USE_WRITE.write_addr_inst/USE_BURSTS.cmd_queue/inst/fifo_gen_inst/inst_fifo_gen/gconvfifo.rf/grf.rf/gntv_or_sync_fifo.gl0.rd/rpntr/gc0.count_reg[0]/PRE
                            (recovery check against rising-edge clock clk_fpga_0  {rise@0.000ns fall@5.000ns period=10.000ns})
  Path Group:             **async_default**
  Path Type:              Recovery (Max at Slow Process Corner)
  Requirement:            10.000ns  (clk_fpga_0 rise@10.000ns - clk_fpga_0 rise@0.000ns)
  Data Path Delay:        2.176ns  (logic 0.630ns (28.953%)  route 1.546ns (71.047%))
  Logic Levels:           1  (LUT3=1)
  Clock Path Skew:        -0.130ns (DCD - SCD + CPR)
    Destination Clock Delay (DCD):    2.310ns = ( 12.310 - 10.000 ) 
    Source Clock Delay      (SCD):    2.633ns
    Clock Pessimism Removal (CPR):    0.193ns
  Clock Uncertainty:      0.154ns  ((TSJ^2 + TIJ^2)^1/2 + DJ) / 2 + PE
    Total System Jitter     (TSJ):    0.071ns
    Total Input Jitter      (TIJ):    0.300ns
    Discrete Jitter          (DJ):    0.000ns
    Phase Error              (PE):    0.000ns

    Location             Delay type                Incr(ns)  Path(ns)    Netlist Resource(s)
  -------------------------------------------------------------------    -------------------
                         (clock clk_fpga_0 rise edge)
                                                      0.000     0.000 r  
    PS7_X0Y0             PS7                          0.000     0.000 r  system_i/processing_system7_0/inst/PS7_i/FCLKCLK[0]
                         net (fo=1, routed)           0.994     0.994    system_i/processing_system7_0/inst/FCLK_CLK_unbuffered[0]
    BUFGCTRL_X0Y16       BUFG (Prop_bufg_I_O)         0.085     1.079 r  system_i/processing_system7_0/inst/buffer_fclk_clk_0.FCLK_CLK_0_BUFG/O
                         net (fo=6193, routed)        1.554     2.633    system_i/axi_mem_intercon/m00_couplers/auto_pc/inst/gen_axi4_axi3.axi3_conv_inst/USE_WRITE.write_addr_inst/USE_BURSTS.cmd_queue/inst/fifo_gen_inst/inst_fifo_gen/gconvfifo.rf/grf.rf/rstblk/ngwrdrst.grst.g7serrst.gnsckt_wrst.rst_wr_reg2_inst/dest_clk
    SLICE_X4Y45          FDPE                                         r  system_i/axi_mem_intercon/m00_couplers/auto_pc/inst/gen_axi4_axi3.axi3_conv_inst/USE_WRITE.write_addr_inst/USE_BURSTS.cmd_queue/inst/fifo_gen_inst/inst_fifo_gen/gconvfifo.rf/grf.rf/rstblk/ngwrdrst.grst.g7serrst.gnsckt_wrst.rst_wr_reg2_inst/arststages_ff_reg[1]/C
  -------------------------------------------------------------------    -------------------
    SLICE_X4Y45          FDPE (Prop_fdpe_C_Q)         0.398     3.031 f  system_i/axi_mem_intercon/m00_couplers/auto_pc/inst/gen_axi4_axi3.axi3_conv_inst/USE_WRITE.write_addr_inst/USE_BURSTS.cmd_queue/inst/fifo_gen_inst/inst_fifo_gen/gconvfifo.rf/grf.rf/rstblk/ngwrdrst.grst.g7serrst.gnsckt_wrst.rst_wr_reg2_inst/arststages_ff_reg[1]/Q
                         net (fo=3, routed)           0.704     3.735    system_i/axi_mem_intercon/m00_couplers/auto_pc/inst/gen_axi4_axi3.axi3_conv_inst/USE_WRITE.write_addr_inst/USE_BURSTS.cmd_queue/inst/fifo_gen_inst/inst_fifo_gen/gconvfifo.rf/grf.rf/rstblk/ngwrdrst.rst_wr_reg2
    SLICE_X5Y45          LUT3 (Prop_lut3_I2_O)        0.232     3.967 f  system_i/axi_mem_intercon/m00_couplers/auto_pc/inst/gen_axi4_axi3.axi3_conv_inst/USE_WRITE.write_addr_inst/USE_BURSTS.cmd_queue/inst/fifo_gen_inst/inst_fifo_gen/gconvfifo.rf/grf.rf/rstblk/gpregsm1.curr_fwft_state[1]_i_2/O
                         net (fo=32, routed)          0.842     4.809    system_i/axi_mem_intercon/m00_couplers/auto_pc/inst/gen_axi4_axi3.axi3_conv_inst/USE_WRITE.write_addr_inst/USE_BURSTS.cmd_queue/inst/fifo_gen_inst/inst_fifo_gen/gconvfifo.rf/grf.rf/gntv_or_sync_fifo.gl0.rd/rpntr/gc0.count_d1_reg[4]_1
    SLICE_X8Y47          FDPE                                         f  system_i/axi_mem_intercon/m00_couplers/auto_pc/inst/gen_axi4_axi3.axi3_conv_inst/USE_WRITE.write_addr_inst/USE_BURSTS.cmd_queue/inst/fifo_gen_inst/inst_fifo_gen/gconvfifo.rf/grf.rf/gntv_or_sync_fifo.gl0.rd/rpntr/gc0.count_reg[0]/PRE
  -------------------------------------------------------------------    -------------------

                         (clock clk_fpga_0 rise edge)
                                                     10.000    10.000 r  
    PS7_X0Y0             PS7                          0.000    10.000 r  system_i/processing_system7_0/inst/PS7_i/FCLKCLK[0]
                         net (fo=1, routed)           0.905    10.906    system_i/processing_system7_0/inst/FCLK_CLK_unbuffered[0]
    BUFGCTRL_X0Y16       BUFG (Prop_bufg_I_O)         0.077    10.983 r  system_i/processing_system7_0/inst/buffer_fclk_clk_0.FCLK_CLK_0_BUFG/O
                         net (fo=6193, routed)        1.328    12.310    system_i/axi_mem_intercon/m00_couplers/auto_pc/inst/gen_axi4_axi3.axi3_conv_inst/USE_WRITE.write_addr_inst/USE_BURSTS.cmd_queue/inst/fifo_gen_inst/inst_fifo_gen/gconvfifo.rf/grf.rf/gntv_or_sync_fifo.gl0.rd/rpntr/clk
    SLICE_X8Y47          FDPE                                         r  system_i/axi_mem_intercon/m00_couplers/auto_pc/inst/gen_axi4_axi3.axi3_conv_inst/USE_WRITE.write_addr_inst/USE_BURSTS.cmd_queue/inst/fifo_gen_inst/inst_fifo_gen/gconvfifo.rf/grf.rf/gntv_or_sync_fifo.gl0.rd/rpntr/gc0.count_reg[0]/C
                         clock pessimism              0.193    12.503    
                         clock uncertainty           -0.154    12.349    
    SLICE_X8Y47          FDPE (Recov_fdpe_C_PRE)     -0.292    12.057    system_i/axi_mem_intercon/m00_couplers/auto_pc/inst/gen_axi4_axi3.axi3_conv_inst/USE_WRITE.write_addr_inst/USE_BURSTS.cmd_queue/inst/fifo_gen_inst/inst_fifo_gen/gconvfifo.rf/grf.rf/gntv_or_sync_fifo.gl0.rd/rpntr/gc0.count_reg[0]
  -------------------------------------------------------------------
                         required time                         12.057    
                         arrival time                          -4.809    
  -------------------------------------------------------------------
                         slack                                  7.248    

Slack (MET) :             7.248ns  (required time - arrival time)
  Source:                 system_i/axi_mem_intercon/m00_couplers/auto_pc/inst/gen_axi4_axi3.axi3_conv_inst/USE_WRITE.write_addr_inst/USE_BURSTS.cmd_queue/inst/fifo_gen_inst/inst_fifo_gen/gconvfifo.rf/grf.rf/rstblk/ngwrdrst.grst.g7serrst.gnsckt_wrst.rst_wr_reg2_inst/arststages_ff_reg[1]/C
                            (rising edge-triggered cell FDPE clocked by clk_fpga_0  {rise@0.000ns fall@5.000ns period=10.000ns})
  Destination:            system_i/axi_mem_intercon/m00_couplers/auto_pc/inst/gen_axi4_axi3.axi3_conv_inst/USE_WRITE.write_addr_inst/USE_BURSTS.cmd_queue/inst/fifo_gen_inst/inst_fifo_gen/gconvfifo.rf/grf.rf/gntv_or_sync_fifo.gl0.rd/rpntr/gc0.count_reg[2]/CLR
                            (recovery check against rising-edge clock clk_fpga_0  {rise@0.000ns fall@5.000ns period=10.000ns})
  Path Group:             **async_default**
  Path Type:              Recovery (Max at Slow Process Corner)
  Requirement:            10.000ns  (clk_fpga_0 rise@10.000ns - clk_fpga_0 rise@0.000ns)
  Data Path Delay:        2.176ns  (logic 0.630ns (28.953%)  route 1.546ns (71.047%))
  Logic Levels:           1  (LUT3=1)
  Clock Path Skew:        -0.130ns (DCD - SCD + CPR)
    Destination Clock Delay (DCD):    2.310ns = ( 12.310 - 10.000 ) 
    Source Clock Delay      (SCD):    2.633ns
    Clock Pessimism Removal (CPR):    0.193ns
  Clock Uncertainty:      0.154ns  ((TSJ^2 + TIJ^2)^1/2 + DJ) / 2 + PE
    Total System Jitter     (TSJ):    0.071ns
    Total Input Jitter      (TIJ):    0.300ns
    Discrete Jitter          (DJ):    0.000ns
    Phase Error              (PE):    0.000ns

    Location             Delay type                Incr(ns)  Path(ns)    Netlist Resource(s)
  -------------------------------------------------------------------    -------------------
                         (clock clk_fpga_0 rise edge)
                                                      0.000     0.000 r  
    PS7_X0Y0             PS7                          0.000     0.000 r  system_i/processing_system7_0/inst/PS7_i/FCLKCLK[0]
                         net (fo=1, routed)           0.994     0.994    system_i/processing_system7_0/inst/FCLK_CLK_unbuffered[0]
    BUFGCTRL_X0Y16       BUFG (Prop_bufg_I_O)         0.085     1.079 r  system_i/processing_system7_0/inst/buffer_fclk_clk_0.FCLK_CLK_0_BUFG/O
                         net (fo=6193, routed)        1.554     2.633    system_i/axi_mem_intercon/m00_couplers/auto_pc/inst/gen_axi4_axi3.axi3_conv_inst/USE_WRITE.write_addr_inst/USE_BURSTS.cmd_queue/inst/fifo_gen_inst/inst_fifo_gen/gconvfifo.rf/grf.rf/rstblk/ngwrdrst.grst.g7serrst.gnsckt_wrst.rst_wr_reg2_inst/dest_clk
    SLICE_X4Y45          FDPE                                         r  system_i/axi_mem_intercon/m00_couplers/auto_pc/inst/gen_axi4_axi3.axi3_conv_inst/USE_WRITE.write_addr_inst/USE_BURSTS.cmd_queue/inst/fifo_gen_inst/inst_fifo_gen/gconvfifo.rf/grf.rf/rstblk/ngwrdrst.grst.g7serrst.gnsckt_wrst.rst_wr_reg2_inst/arststages_ff_reg[1]/C
  -------------------------------------------------------------------    -------------------
    SLICE_X4Y45          FDPE (Prop_fdpe_C_Q)         0.398     3.031 f  system_i/axi_mem_intercon/m00_couplers/auto_pc/inst/gen_axi4_axi3.axi3_conv_inst/USE_WRITE.write_addr_inst/USE_BURSTS.cmd_queue/inst/fifo_gen_inst/inst_fifo_gen/gconvfifo.rf/grf.rf/rstblk/ngwrdrst.grst.g7serrst.gnsckt_wrst.rst_wr_reg2_inst/arststages_ff_reg[1]/Q
                         net (fo=3, routed)           0.704     3.735    system_i/axi_mem_intercon/m00_couplers/auto_pc/inst/gen_axi4_axi3.axi3_conv_inst/USE_WRITE.write_addr_inst/USE_BURSTS.cmd_queue/inst/fifo_gen_inst/inst_fifo_gen/gconvfifo.rf/grf.rf/rstblk/ngwrdrst.rst_wr_reg2
    SLICE_X5Y45          LUT3 (Prop_lut3_I2_O)        0.232     3.967 f  system_i/axi_mem_intercon/m00_couplers/auto_pc/inst/gen_axi4_axi3.axi3_conv_inst/USE_WRITE.write_addr_inst/USE_BURSTS.cmd_queue/inst/fifo_gen_inst/inst_fifo_gen/gconvfifo.rf/grf.rf/rstblk/gpregsm1.curr_fwft_state[1]_i_2/O
                         net (fo=32, routed)          0.842     4.809    system_i/axi_mem_intercon/m00_couplers/auto_pc/inst/gen_axi4_axi3.axi3_conv_inst/USE_WRITE.write_addr_inst/USE_BURSTS.cmd_queue/inst/fifo_gen_inst/inst_fifo_gen/gconvfifo.rf/grf.rf/gntv_or_sync_fifo.gl0.rd/rpntr/gc0.count_d1_reg[4]_1
    SLICE_X8Y47          FDCE                                         f  system_i/axi_mem_intercon/m00_couplers/auto_pc/inst/gen_axi4_axi3.axi3_conv_inst/USE_WRITE.write_addr_inst/USE_BURSTS.cmd_queue/inst/fifo_gen_inst/inst_fifo_gen/gconvfifo.rf/grf.rf/gntv_or_sync_fifo.gl0.rd/rpntr/gc0.count_reg[2]/CLR
  -------------------------------------------------------------------    -------------------

                         (clock clk_fpga_0 rise edge)
                                                     10.000    10.000 r  
    PS7_X0Y0             PS7                          0.000    10.000 r  system_i/processing_system7_0/inst/PS7_i/FCLKCLK[0]
                         net (fo=1, routed)           0.905    10.906    system_i/processing_system7_0/inst/FCLK_CLK_unbuffered[0]
    BUFGCTRL_X0Y16       BUFG (Prop_bufg_I_O)         0.077    10.983 r  system_i/processing_system7_0/inst/buffer_fclk_clk_0.FCLK_CLK_0_BUFG/O
                         net (fo=6193, routed)        1.328    12.310    system_i/axi_mem_intercon/m00_couplers/auto_pc/inst/gen_axi4_axi3.axi3_conv_inst/USE_WRITE.write_addr_inst/USE_BURSTS.cmd_queue/inst/fifo_gen_inst/inst_fifo_gen/gconvfifo.rf/grf.rf/gntv_or_sync_fifo.gl0.rd/rpntr/clk
    SLICE_X8Y47          FDCE                                         r  system_i/axi_mem_intercon/m00_couplers/auto_pc/inst/gen_axi4_axi3.axi3_conv_inst/USE_WRITE.write_addr_inst/USE_BURSTS.cmd_queue/inst/fifo_gen_inst/inst_fifo_gen/gconvfifo.rf/grf.rf/gntv_or_sync_fifo.gl0.rd/rpntr/gc0.count_reg[2]/C
                         clock pessimism              0.193    12.503    
                         clock uncertainty           -0.154    12.349    
    SLICE_X8Y47          FDCE (Recov_fdce_C_CLR)     -0.292    12.057    system_i/axi_mem_intercon/m00_couplers/auto_pc/inst/gen_axi4_axi3.axi3_conv_inst/USE_WRITE.write_addr_inst/USE_BURSTS.cmd_queue/inst/fifo_gen_inst/inst_fifo_gen/gconvfifo.rf/grf.rf/gntv_or_sync_fifo.gl0.rd/rpntr/gc0.count_reg[2]
  -------------------------------------------------------------------
                         required time                         12.057    
                         arrival time                          -4.809    
  -------------------------------------------------------------------
                         slack                                  7.248    

Slack (MET) :             7.282ns  (required time - arrival time)
  Source:                 system_i/axi_mem_intercon/m00_couplers/auto_pc/inst/gen_axi4_axi3.axi3_conv_inst/USE_WRITE.write_addr_inst/USE_BURSTS.cmd_queue/inst/fifo_gen_inst/inst_fifo_gen/gconvfifo.rf/grf.rf/rstblk/ngwrdrst.grst.g7serrst.gnsckt_wrst.rst_wr_reg2_inst/arststages_ff_reg[1]/C
                            (rising edge-triggered cell FDPE clocked by clk_fpga_0  {rise@0.000ns fall@5.000ns period=10.000ns})
  Destination:            system_i/axi_mem_intercon/m00_couplers/auto_pc/inst/gen_axi4_axi3.axi3_conv_inst/USE_WRITE.write_addr_inst/USE_BURSTS.cmd_queue/inst/fifo_gen_inst/inst_fifo_gen/gconvfifo.rf/grf.rf/gntv_or_sync_fifo.gl0.rd/rpntr/gc0.count_d1_reg[1]/CLR
                            (recovery check against rising-edge clock clk_fpga_0  {rise@0.000ns fall@5.000ns period=10.000ns})
  Path Group:             **async_default**
  Path Type:              Recovery (Max at Slow Process Corner)
  Requirement:            10.000ns  (clk_fpga_0 rise@10.000ns - clk_fpga_0 rise@0.000ns)
  Data Path Delay:        2.176ns  (logic 0.630ns (28.953%)  route 1.546ns (71.047%))
  Logic Levels:           1  (LUT3=1)
  Clock Path Skew:        -0.130ns (DCD - SCD + CPR)
    Destination Clock Delay (DCD):    2.310ns = ( 12.310 - 10.000 ) 
    Source Clock Delay      (SCD):    2.633ns
    Clock Pessimism Removal (CPR):    0.193ns
  Clock Uncertainty:      0.154ns  ((TSJ^2 + TIJ^2)^1/2 + DJ) / 2 + PE
    Total System Jitter     (TSJ):    0.071ns
    Total Input Jitter      (TIJ):    0.300ns
    Discrete Jitter          (DJ):    0.000ns
    Phase Error              (PE):    0.000ns

    Location             Delay type                Incr(ns)  Path(ns)    Netlist Resource(s)
  -------------------------------------------------------------------    -------------------
                         (clock clk_fpga_0 rise edge)
                                                      0.000     0.000 r  
    PS7_X0Y0             PS7                          0.000     0.000 r  system_i/processing_system7_0/inst/PS7_i/FCLKCLK[0]
                         net (fo=1, routed)           0.994     0.994    system_i/processing_system7_0/inst/FCLK_CLK_unbuffered[0]
    BUFGCTRL_X0Y16       BUFG (Prop_bufg_I_O)         0.085     1.079 r  system_i/processing_system7_0/inst/buffer_fclk_clk_0.FCLK_CLK_0_BUFG/O
                         net (fo=6193, routed)        1.554     2.633    system_i/axi_mem_intercon/m00_couplers/auto_pc/inst/gen_axi4_axi3.axi3_conv_inst/USE_WRITE.write_addr_inst/USE_BURSTS.cmd_queue/inst/fifo_gen_inst/inst_fifo_gen/gconvfifo.rf/grf.rf/rstblk/ngwrdrst.grst.g7serrst.gnsckt_wrst.rst_wr_reg2_inst/dest_clk
    SLICE_X4Y45          FDPE                                         r  system_i/axi_mem_intercon/m00_couplers/auto_pc/inst/gen_axi4_axi3.axi3_conv_inst/USE_WRITE.write_addr_inst/USE_BURSTS.cmd_queue/inst/fifo_gen_inst/inst_fifo_gen/gconvfifo.rf/grf.rf/rstblk/ngwrdrst.grst.g7serrst.gnsckt_wrst.rst_wr_reg2_inst/arststages_ff_reg[1]/C
  -------------------------------------------------------------------    -------------------
    SLICE_X4Y45          FDPE (Prop_fdpe_C_Q)         0.398     3.031 f  system_i/axi_mem_intercon/m00_couplers/auto_pc/inst/gen_axi4_axi3.axi3_conv_inst/USE_WRITE.write_addr_inst/USE_BURSTS.cmd_queue/inst/fifo_gen_inst/inst_fifo_gen/gconvfifo.rf/grf.rf/rstblk/ngwrdrst.grst.g7serrst.gnsckt_wrst.rst_wr_reg2_inst/arststages_ff_reg[1]/Q
                         net (fo=3, routed)           0.704     3.735    system_i/axi_mem_intercon/m00_couplers/auto_pc/inst/gen_axi4_axi3.axi3_conv_inst/USE_WRITE.write_addr_inst/USE_BURSTS.cmd_queue/inst/fifo_gen_inst/inst_fifo_gen/gconvfifo.rf/grf.rf/rstblk/ngwrdrst.rst_wr_reg2
    SLICE_X5Y45          LUT3 (Prop_lut3_I2_O)        0.232     3.967 f  system_i/axi_mem_intercon/m00_couplers/auto_pc/inst/gen_axi4_axi3.axi3_conv_inst/USE_WRITE.write_addr_inst/USE_BURSTS.cmd_queue/inst/fifo_gen_inst/inst_fifo_gen/gconvfifo.rf/grf.rf/rstblk/gpregsm1.curr_fwft_state[1]_i_2/O
                         net (fo=32, routed)          0.842     4.809    system_i/axi_mem_intercon/m00_couplers/auto_pc/inst/gen_axi4_axi3.axi3_conv_inst/USE_WRITE.write_addr_inst/USE_BURSTS.cmd_queue/inst/fifo_gen_inst/inst_fifo_gen/gconvfifo.rf/grf.rf/gntv_or_sync_fifo.gl0.rd/rpntr/gc0.count_d1_reg[4]_1
    SLICE_X8Y47          FDCE                                         f  system_i/axi_mem_intercon/m00_couplers/auto_pc/inst/gen_axi4_axi3.axi3_conv_inst/USE_WRITE.write_addr_inst/USE_BURSTS.cmd_queue/inst/fifo_gen_inst/inst_fifo_gen/gconvfifo.rf/grf.rf/gntv_or_sync_fifo.gl0.rd/rpntr/gc0.count_d1_reg[1]/CLR
  -------------------------------------------------------------------    -------------------

                         (clock clk_fpga_0 rise edge)
                                                     10.000    10.000 r  
    PS7_X0Y0             PS7                          0.000    10.000 r  system_i/processing_system7_0/inst/PS7_i/FCLKCLK[0]
                         net (fo=1, routed)           0.905    10.906    system_i/processing_system7_0/inst/FCLK_CLK_unbuffered[0]
    BUFGCTRL_X0Y16       BUFG (Prop_bufg_I_O)         0.077    10.983 r  system_i/processing_system7_0/inst/buffer_fclk_clk_0.FCLK_CLK_0_BUFG/O
                         net (fo=6193, routed)        1.328    12.310    system_i/axi_mem_intercon/m00_couplers/auto_pc/inst/gen_axi4_axi3.axi3_conv_inst/USE_WRITE.write_addr_inst/USE_BURSTS.cmd_queue/inst/fifo_gen_inst/inst_fifo_gen/gconvfifo.rf/grf.rf/gntv_or_sync_fifo.gl0.rd/rpntr/clk
    SLICE_X8Y47          FDCE                                         r  system_i/axi_mem_intercon/m00_couplers/auto_pc/inst/gen_axi4_axi3.axi3_conv_inst/USE_WRITE.write_addr_inst/USE_BURSTS.cmd_queue/inst/fifo_gen_inst/inst_fifo_gen/gconvfifo.rf/grf.rf/gntv_or_sync_fifo.gl0.rd/rpntr/gc0.count_d1_reg[1]/C
                         clock pessimism              0.193    12.503    
                         clock uncertainty           -0.154    12.349    
    SLICE_X8Y47          FDCE (Recov_fdce_C_CLR)     -0.258    12.091    system_i/axi_mem_intercon/m00_couplers/auto_pc/inst/gen_axi4_axi3.axi3_conv_inst/USE_WRITE.write_addr_inst/USE_BURSTS.cmd_queue/inst/fifo_gen_inst/inst_fifo_gen/gconvfifo.rf/grf.rf/gntv_or_sync_fifo.gl0.rd/rpntr/gc0.count_d1_reg[1]
  -------------------------------------------------------------------
                         required time                         12.091    
                         arrival time                          -4.809    
  -------------------------------------------------------------------
                         slack                                  7.282    

Slack (MET) :             7.282ns  (required time - arrival time)
  Source:                 system_i/axi_mem_intercon/m00_couplers/auto_pc/inst/gen_axi4_axi3.axi3_conv_inst/USE_WRITE.write_addr_inst/USE_BURSTS.cmd_queue/inst/fifo_gen_inst/inst_fifo_gen/gconvfifo.rf/grf.rf/rstblk/ngwrdrst.grst.g7serrst.gnsckt_wrst.rst_wr_reg2_inst/arststages_ff_reg[1]/C
                            (rising edge-triggered cell FDPE clocked by clk_fpga_0  {rise@0.000ns fall@5.000ns period=10.000ns})
  Destination:            system_i/axi_mem_intercon/m00_couplers/auto_pc/inst/gen_axi4_axi3.axi3_conv_inst/USE_WRITE.write_addr_inst/USE_BURSTS.cmd_queue/inst/fifo_gen_inst/inst_fifo_gen/gconvfifo.rf/grf.rf/gntv_or_sync_fifo.gl0.rd/rpntr/gc0.count_reg[1]/CLR
                            (recovery check against rising-edge clock clk_fpga_0  {rise@0.000ns fall@5.000ns period=10.000ns})
  Path Group:             **async_default**
  Path Type:              Recovery (Max at Slow Process Corner)
  Requirement:            10.000ns  (clk_fpga_0 rise@10.000ns - clk_fpga_0 rise@0.000ns)
  Data Path Delay:        2.176ns  (logic 0.630ns (28.953%)  route 1.546ns (71.047%))
  Logic Levels:           1  (LUT3=1)
  Clock Path Skew:        -0.130ns (DCD - SCD + CPR)
    Destination Clock Delay (DCD):    2.310ns = ( 12.310 - 10.000 ) 
    Source Clock Delay      (SCD):    2.633ns
    Clock Pessimism Removal (CPR):    0.193ns
  Clock Uncertainty:      0.154ns  ((TSJ^2 + TIJ^2)^1/2 + DJ) / 2 + PE
    Total System Jitter     (TSJ):    0.071ns
    Total Input Jitter      (TIJ):    0.300ns
    Discrete Jitter          (DJ):    0.000ns
    Phase Error              (PE):    0.000ns

    Location             Delay type                Incr(ns)  Path(ns)    Netlist Resource(s)
  -------------------------------------------------------------------    -------------------
                         (clock clk_fpga_0 rise edge)
                                                      0.000     0.000 r  
    PS7_X0Y0             PS7                          0.000     0.000 r  system_i/processing_system7_0/inst/PS7_i/FCLKCLK[0]
                         net (fo=1, routed)           0.994     0.994    system_i/processing_system7_0/inst/FCLK_CLK_unbuffered[0]
    BUFGCTRL_X0Y16       BUFG (Prop_bufg_I_O)         0.085     1.079 r  system_i/processing_system7_0/inst/buffer_fclk_clk_0.FCLK_CLK_0_BUFG/O
                         net (fo=6193, routed)        1.554     2.633    system_i/axi_mem_intercon/m00_couplers/auto_pc/inst/gen_axi4_axi3.axi3_conv_inst/USE_WRITE.write_addr_inst/USE_BURSTS.cmd_queue/inst/fifo_gen_inst/inst_fifo_gen/gconvfifo.rf/grf.rf/rstblk/ngwrdrst.grst.g7serrst.gnsckt_wrst.rst_wr_reg2_inst/dest_clk
    SLICE_X4Y45          FDPE                                         r  system_i/axi_mem_intercon/m00_couplers/auto_pc/inst/gen_axi4_axi3.axi3_conv_inst/USE_WRITE.write_addr_inst/USE_BURSTS.cmd_queue/inst/fifo_gen_inst/inst_fifo_gen/gconvfifo.rf/grf.rf/rstblk/ngwrdrst.grst.g7serrst.gnsckt_wrst.rst_wr_reg2_inst/arststages_ff_reg[1]/C
  -------------------------------------------------------------------    -------------------
    SLICE_X4Y45          FDPE (Prop_fdpe_C_Q)         0.398     3.031 f  system_i/axi_mem_intercon/m00_couplers/auto_pc/inst/gen_axi4_axi3.axi3_conv_inst/USE_WRITE.write_addr_inst/USE_BURSTS.cmd_queue/inst/fifo_gen_inst/inst_fifo_gen/gconvfifo.rf/grf.rf/rstblk/ngwrdrst.grst.g7serrst.gnsckt_wrst.rst_wr_reg2_inst/arststages_ff_reg[1]/Q
                         net (fo=3, routed)           0.704     3.735    system_i/axi_mem_intercon/m00_couplers/auto_pc/inst/gen_axi4_axi3.axi3_conv_inst/USE_WRITE.write_addr_inst/USE_BURSTS.cmd_queue/inst/fifo_gen_inst/inst_fifo_gen/gconvfifo.rf/grf.rf/rstblk/ngwrdrst.rst_wr_reg2
    SLICE_X5Y45          LUT3 (Prop_lut3_I2_O)        0.232     3.967 f  system_i/axi_mem_intercon/m00_couplers/auto_pc/inst/gen_axi4_axi3.axi3_conv_inst/USE_WRITE.write_addr_inst/USE_BURSTS.cmd_queue/inst/fifo_gen_inst/inst_fifo_gen/gconvfifo.rf/grf.rf/rstblk/gpregsm1.curr_fwft_state[1]_i_2/O
                         net (fo=32, routed)          0.842     4.809    system_i/axi_mem_intercon/m00_couplers/auto_pc/inst/gen_axi4_axi3.axi3_conv_inst/USE_WRITE.write_addr_inst/USE_BURSTS.cmd_queue/inst/fifo_gen_inst/inst_fifo_gen/gconvfifo.rf/grf.rf/gntv_or_sync_fifo.gl0.rd/rpntr/gc0.count_d1_reg[4]_1
    SLICE_X8Y47          FDCE                                         f  system_i/axi_mem_intercon/m00_couplers/auto_pc/inst/gen_axi4_axi3.axi3_conv_inst/USE_WRITE.write_addr_inst/USE_BURSTS.cmd_queue/inst/fifo_gen_inst/inst_fifo_gen/gconvfifo.rf/grf.rf/gntv_or_sync_fifo.gl0.rd/rpntr/gc0.count_reg[1]/CLR
  -------------------------------------------------------------------    -------------------

                         (clock clk_fpga_0 rise edge)
                                                     10.000    10.000 r  
    PS7_X0Y0             PS7                          0.000    10.000 r  system_i/processing_system7_0/inst/PS7_i/FCLKCLK[0]
                         net (fo=1, routed)           0.905    10.906    system_i/processing_system7_0/inst/FCLK_CLK_unbuffered[0]
    BUFGCTRL_X0Y16       BUFG (Prop_bufg_I_O)         0.077    10.983 r  system_i/processing_system7_0/inst/buffer_fclk_clk_0.FCLK_CLK_0_BUFG/O
                         net (fo=6193, routed)        1.328    12.310    system_i/axi_mem_intercon/m00_couplers/auto_pc/inst/gen_axi4_axi3.axi3_conv_inst/USE_WRITE.write_addr_inst/USE_BURSTS.cmd_queue/inst/fifo_gen_inst/inst_fifo_gen/gconvfifo.rf/grf.rf/gntv_or_sync_fifo.gl0.rd/rpntr/clk
    SLICE_X8Y47          FDCE                                         r  system_i/axi_mem_intercon/m00_couplers/auto_pc/inst/gen_axi4_axi3.axi3_conv_inst/USE_WRITE.write_addr_inst/USE_BURSTS.cmd_queue/inst/fifo_gen_inst/inst_fifo_gen/gconvfifo.rf/grf.rf/gntv_or_sync_fifo.gl0.rd/rpntr/gc0.count_reg[1]/C
                         clock pessimism              0.193    12.503    
                         clock uncertainty           -0.154    12.349    
    SLICE_X8Y47          FDCE (Recov_fdce_C_CLR)     -0.258    12.091    system_i/axi_mem_intercon/m00_couplers/auto_pc/inst/gen_axi4_axi3.axi3_conv_inst/USE_WRITE.write_addr_inst/USE_BURSTS.cmd_queue/inst/fifo_gen_inst/inst_fifo_gen/gconvfifo.rf/grf.rf/gntv_or_sync_fifo.gl0.rd/rpntr/gc0.count_reg[1]
  -------------------------------------------------------------------
                         required time                         12.091    
                         arrival time                          -4.809    
  -------------------------------------------------------------------
                         slack                                  7.282    





Min Delay Paths
--------------------------------------------------------------------------------------
Slack (MET) :             0.535ns  (arrival time - required time)
  Source:                 system_i/axi_mem_intercon/m00_couplers/auto_pc/inst/gen_axi4_axi3.axi3_conv_inst/USE_WRITE.write_addr_inst/USE_BURSTS.cmd_queue/inst/fifo_gen_inst/inst_fifo_gen/gconvfifo.rf/grf.rf/rstblk/ngwrdrst.grst.g7serrst.gnsckt_wrst.gcc_rst.sckt_wr_rst_cc_reg[0]/C
                            (rising edge-triggered cell FDRE clocked by clk_fpga_0  {rise@0.000ns fall@5.000ns period=10.000ns})
  Destination:            system_i/axi_mem_intercon/m00_couplers/auto_pc/inst/gen_axi4_axi3.axi3_conv_inst/USE_WRITE.write_addr_inst/USE_BURSTS.cmd_queue/inst/fifo_gen_inst/inst_fifo_gen/gconvfifo.rf/grf.rf/gntv_or_sync_fifo.gl0.rd/gr1.gr1_int.rfwft/gpregsm1.curr_fwft_state_reg[0]/CLR
                            (removal check against rising-edge clock clk_fpga_0  {rise@0.000ns fall@5.000ns period=10.000ns})
  Path Group:             **async_default**
  Path Type:              Removal (Min at Fast Process Corner)
  Requirement:            0.000ns  (clk_fpga_0 rise@0.000ns - clk_fpga_0 rise@0.000ns)
  Data Path Delay:        0.484ns  (logic 0.186ns (38.420%)  route 0.298ns (61.580%))
  Logic Levels:           1  (LUT3=1)
  Clock Path Skew:        0.016ns (DCD - SCD - CPR)
    Destination Clock Delay (DCD):    1.260ns
    Source Clock Delay      (SCD):    0.961ns
    Clock Pessimism Removal (CPR):    0.283ns

    Location             Delay type                Incr(ns)  Path(ns)    Netlist Resource(s)
  -------------------------------------------------------------------    -------------------
                         (clock clk_fpga_0 rise edge)
                                                      0.000     0.000 r  
    PS7_X0Y0             PS7                          0.000     0.000 r  system_i/processing_system7_0/inst/PS7_i/FCLKCLK[0]
                         net (fo=1, routed)           0.310     0.310    system_i/processing_system7_0/inst/FCLK_CLK_unbuffered[0]
    BUFGCTRL_X0Y16       BUFG (Prop_bufg_I_O)         0.026     0.336 r  system_i/processing_system7_0/inst/buffer_fclk_clk_0.FCLK_CLK_0_BUFG/O
                         net (fo=6193, routed)        0.625     0.961    system_i/axi_mem_intercon/m00_couplers/auto_pc/inst/gen_axi4_axi3.axi3_conv_inst/USE_WRITE.write_addr_inst/USE_BURSTS.cmd_queue/inst/fifo_gen_inst/inst_fifo_gen/gconvfifo.rf/grf.rf/rstblk/clk
    SLICE_X5Y45          FDRE                                         r  system_i/axi_mem_intercon/m00_couplers/auto_pc/inst/gen_axi4_axi3.axi3_conv_inst/USE_WRITE.write_addr_inst/USE_BURSTS.cmd_queue/inst/fifo_gen_inst/inst_fifo_gen/gconvfifo.rf/grf.rf/rstblk/ngwrdrst.grst.g7serrst.gnsckt_wrst.gcc_rst.sckt_wr_rst_cc_reg[0]/C
  -------------------------------------------------------------------    -------------------
    SLICE_X5Y45          FDRE (Prop_fdre_C_Q)         0.141     1.102 f  system_i/axi_mem_intercon/m00_couplers/auto_pc/inst/gen_axi4_axi3.axi3_conv_inst/USE_WRITE.write_addr_inst/USE_BURSTS.cmd_queue/inst/fifo_gen_inst/inst_fifo_gen/gconvfifo.rf/grf.rf/rstblk/ngwrdrst.grst.g7serrst.gnsckt_wrst.gcc_rst.sckt_wr_rst_cc_reg[0]/Q
                         net (fo=3, routed)           0.169     1.271    system_i/axi_mem_intercon/m00_couplers/auto_pc/inst/gen_axi4_axi3.axi3_conv_inst/USE_WRITE.write_addr_inst/USE_BURSTS.cmd_queue/inst/fifo_gen_inst/inst_fifo_gen/gconvfifo.rf/grf.rf/rstblk/ngwrdrst.grst.g7serrst.gnsckt_wrst.gcc_rst.sckt_wr_rst_cc[0]
    SLICE_X5Y45          LUT3 (Prop_lut3_I1_O)        0.045     1.316 f  system_i/axi_mem_intercon/m00_couplers/auto_pc/inst/gen_axi4_axi3.axi3_conv_inst/USE_WRITE.write_addr_inst/USE_BURSTS.cmd_queue/inst/fifo_gen_inst/inst_fifo_gen/gconvfifo.rf/grf.rf/rstblk/gpregsm1.curr_fwft_state[1]_i_2/O
                         net (fo=32, routed)          0.129     1.445    system_i/axi_mem_intercon/m00_couplers/auto_pc/inst/gen_axi4_axi3.axi3_conv_inst/USE_WRITE.write_addr_inst/USE_BURSTS.cmd_queue/inst/fifo_gen_inst/inst_fifo_gen/gconvfifo.rf/grf.rf/gntv_or_sync_fifo.gl0.rd/gr1.gr1_int.rfwft/gpregsm1.user_valid_reg_0
    SLICE_X6Y45          FDCE                                         f  system_i/axi_mem_intercon/m00_couplers/auto_pc/inst/gen_axi4_axi3.axi3_conv_inst/USE_WRITE.write_addr_inst/USE_BURSTS.cmd_queue/inst/fifo_gen_inst/inst_fifo_gen/gconvfifo.rf/grf.rf/gntv_or_sync_fifo.gl0.rd/gr1.gr1_int.rfwft/gpregsm1.curr_fwft_state_reg[0]/CLR
  -------------------------------------------------------------------    -------------------

                         (clock clk_fpga_0 rise edge)
                                                      0.000     0.000 r  
    PS7_X0Y0             PS7                          0.000     0.000 r  system_i/processing_system7_0/inst/PS7_i/FCLKCLK[0]
                         net (fo=1, routed)           0.337     0.337    system_i/processing_system7_0/inst/FCLK_CLK_unbuffered[0]
    BUFGCTRL_X0Y16       BUFG (Prop_bufg_I_O)         0.029     0.366 r  system_i/processing_system7_0/inst/buffer_fclk_clk_0.FCLK_CLK_0_BUFG/O
                         net (fo=6193, routed)        0.894     1.260    system_i/axi_mem_intercon/m00_couplers/auto_pc/inst/gen_axi4_axi3.axi3_conv_inst/USE_WRITE.write_addr_inst/USE_BURSTS.cmd_queue/inst/fifo_gen_inst/inst_fifo_gen/gconvfifo.rf/grf.rf/gntv_or_sync_fifo.gl0.rd/gr1.gr1_int.rfwft/clk
    SLICE_X6Y45          FDCE                                         r  system_i/axi_mem_intercon/m00_couplers/auto_pc/inst/gen_axi4_axi3.axi3_conv_inst/USE_WRITE.write_addr_inst/USE_BURSTS.cmd_queue/inst/fifo_gen_inst/inst_fifo_gen/gconvfifo.rf/grf.rf/gntv_or_sync_fifo.gl0.rd/gr1.gr1_int.rfwft/gpregsm1.curr_fwft_state_reg[0]/C
                         clock pessimism             -0.283     0.977    
    SLICE_X6Y45          FDCE (Remov_fdce_C_CLR)     -0.067     0.910    system_i/axi_mem_intercon/m00_couplers/auto_pc/inst/gen_axi4_axi3.axi3_conv_inst/USE_WRITE.write_addr_inst/USE_BURSTS.cmd_queue/inst/fifo_gen_inst/inst_fifo_gen/gconvfifo.rf/grf.rf/gntv_or_sync_fifo.gl0.rd/gr1.gr1_int.rfwft/gpregsm1.curr_fwft_state_reg[0]
  -------------------------------------------------------------------
                         required time                         -0.910    
                         arrival time                           1.445    
  -------------------------------------------------------------------
                         slack                                  0.535    

Slack (MET) :             0.535ns  (arrival time - required time)
  Source:                 system_i/axi_mem_intercon/m00_couplers/auto_pc/inst/gen_axi4_axi3.axi3_conv_inst/USE_WRITE.write_addr_inst/USE_BURSTS.cmd_queue/inst/fifo_gen_inst/inst_fifo_gen/gconvfifo.rf/grf.rf/rstblk/ngwrdrst.grst.g7serrst.gnsckt_wrst.gcc_rst.sckt_wr_rst_cc_reg[0]/C
                            (rising edge-triggered cell FDRE clocked by clk_fpga_0  {rise@0.000ns fall@5.000ns period=10.000ns})
  Destination:            system_i/axi_mem_intercon/m00_couplers/auto_pc/inst/gen_axi4_axi3.axi3_conv_inst/USE_WRITE.write_addr_inst/USE_BURSTS.cmd_queue/inst/fifo_gen_inst/inst_fifo_gen/gconvfifo.rf/grf.rf/gntv_or_sync_fifo.gl0.rd/gr1.gr1_int.rfwft/gpregsm1.curr_fwft_state_reg[1]/CLR
                            (removal check against rising-edge clock clk_fpga_0  {rise@0.000ns fall@5.000ns period=10.000ns})
  Path Group:             **async_default**
  Path Type:              Removal (Min at Fast Process Corner)
  Requirement:            0.000ns  (clk_fpga_0 rise@0.000ns - clk_fpga_0 rise@0.000ns)
  Data Path Delay:        0.484ns  (logic 0.186ns (38.420%)  route 0.298ns (61.580%))
  Logic Levels:           1  (LUT3=1)
  Clock Path Skew:        0.016ns (DCD - SCD - CPR)
    Destination Clock Delay (DCD):    1.260ns
    Source Clock Delay      (SCD):    0.961ns
    Clock Pessimism Removal (CPR):    0.283ns

    Location             Delay type                Incr(ns)  Path(ns)    Netlist Resource(s)
  -------------------------------------------------------------------    -------------------
                         (clock clk_fpga_0 rise edge)
                                                      0.000     0.000 r  
    PS7_X0Y0             PS7                          0.000     0.000 r  system_i/processing_system7_0/inst/PS7_i/FCLKCLK[0]
                         net (fo=1, routed)           0.310     0.310    system_i/processing_system7_0/inst/FCLK_CLK_unbuffered[0]
    BUFGCTRL_X0Y16       BUFG (Prop_bufg_I_O)         0.026     0.336 r  system_i/processing_system7_0/inst/buffer_fclk_clk_0.FCLK_CLK_0_BUFG/O
                         net (fo=6193, routed)        0.625     0.961    system_i/axi_mem_intercon/m00_couplers/auto_pc/inst/gen_axi4_axi3.axi3_conv_inst/USE_WRITE.write_addr_inst/USE_BURSTS.cmd_queue/inst/fifo_gen_inst/inst_fifo_gen/gconvfifo.rf/grf.rf/rstblk/clk
    SLICE_X5Y45          FDRE                                         r  system_i/axi_mem_intercon/m00_couplers/auto_pc/inst/gen_axi4_axi3.axi3_conv_inst/USE_WRITE.write_addr_inst/USE_BURSTS.cmd_queue/inst/fifo_gen_inst/inst_fifo_gen/gconvfifo.rf/grf.rf/rstblk/ngwrdrst.grst.g7serrst.gnsckt_wrst.gcc_rst.sckt_wr_rst_cc_reg[0]/C
  -------------------------------------------------------------------    -------------------
    SLICE_X5Y45          FDRE (Prop_fdre_C_Q)         0.141     1.102 f  system_i/axi_mem_intercon/m00_couplers/auto_pc/inst/gen_axi4_axi3.axi3_conv_inst/USE_WRITE.write_addr_inst/USE_BURSTS.cmd_queue/inst/fifo_gen_inst/inst_fifo_gen/gconvfifo.rf/grf.rf/rstblk/ngwrdrst.grst.g7serrst.gnsckt_wrst.gcc_rst.sckt_wr_rst_cc_reg[0]/Q
                         net (fo=3, routed)           0.169     1.271    system_i/axi_mem_intercon/m00_couplers/auto_pc/inst/gen_axi4_axi3.axi3_conv_inst/USE_WRITE.write_addr_inst/USE_BURSTS.cmd_queue/inst/fifo_gen_inst/inst_fifo_gen/gconvfifo.rf/grf.rf/rstblk/ngwrdrst.grst.g7serrst.gnsckt_wrst.gcc_rst.sckt_wr_rst_cc[0]
    SLICE_X5Y45          LUT3 (Prop_lut3_I1_O)        0.045     1.316 f  system_i/axi_mem_intercon/m00_couplers/auto_pc/inst/gen_axi4_axi3.axi3_conv_inst/USE_WRITE.write_addr_inst/USE_BURSTS.cmd_queue/inst/fifo_gen_inst/inst_fifo_gen/gconvfifo.rf/grf.rf/rstblk/gpregsm1.curr_fwft_state[1]_i_2/O
                         net (fo=32, routed)          0.129     1.445    system_i/axi_mem_intercon/m00_couplers/auto_pc/inst/gen_axi4_axi3.axi3_conv_inst/USE_WRITE.write_addr_inst/USE_BURSTS.cmd_queue/inst/fifo_gen_inst/inst_fifo_gen/gconvfifo.rf/grf.rf/gntv_or_sync_fifo.gl0.rd/gr1.gr1_int.rfwft/gpregsm1.user_valid_reg_0
    SLICE_X6Y45          FDCE                                         f  system_i/axi_mem_intercon/m00_couplers/auto_pc/inst/gen_axi4_axi3.axi3_conv_inst/USE_WRITE.write_addr_inst/USE_BURSTS.cmd_queue/inst/fifo_gen_inst/inst_fifo_gen/gconvfifo.rf/grf.rf/gntv_or_sync_fifo.gl0.rd/gr1.gr1_int.rfwft/gpregsm1.curr_fwft_state_reg[1]/CLR
  -------------------------------------------------------------------    -------------------

                         (clock clk_fpga_0 rise edge)
                                                      0.000     0.000 r  
    PS7_X0Y0             PS7                          0.000     0.000 r  system_i/processing_system7_0/inst/PS7_i/FCLKCLK[0]
                         net (fo=1, routed)           0.337     0.337    system_i/processing_system7_0/inst/FCLK_CLK_unbuffered[0]
    BUFGCTRL_X0Y16       BUFG (Prop_bufg_I_O)         0.029     0.366 r  system_i/processing_system7_0/inst/buffer_fclk_clk_0.FCLK_CLK_0_BUFG/O
                         net (fo=6193, routed)        0.894     1.260    system_i/axi_mem_intercon/m00_couplers/auto_pc/inst/gen_axi4_axi3.axi3_conv_inst/USE_WRITE.write_addr_inst/USE_BURSTS.cmd_queue/inst/fifo_gen_inst/inst_fifo_gen/gconvfifo.rf/grf.rf/gntv_or_sync_fifo.gl0.rd/gr1.gr1_int.rfwft/clk
    SLICE_X6Y45          FDCE                                         r  system_i/axi_mem_intercon/m00_couplers/auto_pc/inst/gen_axi4_axi3.axi3_conv_inst/USE_WRITE.write_addr_inst/USE_BURSTS.cmd_queue/inst/fifo_gen_inst/inst_fifo_gen/gconvfifo.rf/grf.rf/gntv_or_sync_fifo.gl0.rd/gr1.gr1_int.rfwft/gpregsm1.curr_fwft_state_reg[1]/C
                         clock pessimism             -0.283     0.977    
    SLICE_X6Y45          FDCE (Remov_fdce_C_CLR)     -0.067     0.910    system_i/axi_mem_intercon/m00_couplers/auto_pc/inst/gen_axi4_axi3.axi3_conv_inst/USE_WRITE.write_addr_inst/USE_BURSTS.cmd_queue/inst/fifo_gen_inst/inst_fifo_gen/gconvfifo.rf/grf.rf/gntv_or_sync_fifo.gl0.rd/gr1.gr1_int.rfwft/gpregsm1.curr_fwft_state_reg[1]
  -------------------------------------------------------------------
                         required time                         -0.910    
                         arrival time                           1.445    
  -------------------------------------------------------------------
                         slack                                  0.535    

Slack (MET) :             0.535ns  (arrival time - required time)
  Source:                 system_i/axi_mem_intercon/m00_couplers/auto_pc/inst/gen_axi4_axi3.axi3_conv_inst/USE_WRITE.write_addr_inst/USE_BURSTS.cmd_queue/inst/fifo_gen_inst/inst_fifo_gen/gconvfifo.rf/grf.rf/rstblk/ngwrdrst.grst.g7serrst.gnsckt_wrst.gcc_rst.sckt_wr_rst_cc_reg[0]/C
                            (rising edge-triggered cell FDRE clocked by clk_fpga_0  {rise@0.000ns fall@5.000ns period=10.000ns})
  Destination:            system_i/axi_mem_intercon/m00_couplers/auto_pc/inst/gen_axi4_axi3.axi3_conv_inst/USE_WRITE.write_addr_inst/USE_BURSTS.cmd_queue/inst/fifo_gen_inst/inst_fifo_gen/gconvfifo.rf/grf.rf/gntv_or_sync_fifo.gl0.rd/gr1.gr1_int.rfwft/gpregsm1.user_valid_reg/CLR
                            (removal check against rising-edge clock clk_fpga_0  {rise@0.000ns fall@5.000ns period=10.000ns})
  Path Group:             **async_default**
  Path Type:              Removal (Min at Fast Process Corner)
  Requirement:            0.000ns  (clk_fpga_0 rise@0.000ns - clk_fpga_0 rise@0.000ns)
  Data Path Delay:        0.484ns  (logic 0.186ns (38.420%)  route 0.298ns (61.580%))
  Logic Levels:           1  (LUT3=1)
  Clock Path Skew:        0.016ns (DCD - SCD - CPR)
    Destination Clock Delay (DCD):    1.260ns
    Source Clock Delay      (SCD):    0.961ns
    Clock Pessimism Removal (CPR):    0.283ns

    Location             Delay type                Incr(ns)  Path(ns)    Netlist Resource(s)
  -------------------------------------------------------------------    -------------------
                         (clock clk_fpga_0 rise edge)
                                                      0.000     0.000 r  
    PS7_X0Y0             PS7                          0.000     0.000 r  system_i/processing_system7_0/inst/PS7_i/FCLKCLK[0]
                         net (fo=1, routed)           0.310     0.310    system_i/processing_system7_0/inst/FCLK_CLK_unbuffered[0]
    BUFGCTRL_X0Y16       BUFG (Prop_bufg_I_O)         0.026     0.336 r  system_i/processing_system7_0/inst/buffer_fclk_clk_0.FCLK_CLK_0_BUFG/O
                         net (fo=6193, routed)        0.625     0.961    system_i/axi_mem_intercon/m00_couplers/auto_pc/inst/gen_axi4_axi3.axi3_conv_inst/USE_WRITE.write_addr_inst/USE_BURSTS.cmd_queue/inst/fifo_gen_inst/inst_fifo_gen/gconvfifo.rf/grf.rf/rstblk/clk
    SLICE_X5Y45          FDRE                                         r  system_i/axi_mem_intercon/m00_couplers/auto_pc/inst/gen_axi4_axi3.axi3_conv_inst/USE_WRITE.write_addr_inst/USE_BURSTS.cmd_queue/inst/fifo_gen_inst/inst_fifo_gen/gconvfifo.rf/grf.rf/rstblk/ngwrdrst.grst.g7serrst.gnsckt_wrst.gcc_rst.sckt_wr_rst_cc_reg[0]/C
  -------------------------------------------------------------------    -------------------
    SLICE_X5Y45          FDRE (Prop_fdre_C_Q)         0.141     1.102 f  system_i/axi_mem_intercon/m00_couplers/auto_pc/inst/gen_axi4_axi3.axi3_conv_inst/USE_WRITE.write_addr_inst/USE_BURSTS.cmd_queue/inst/fifo_gen_inst/inst_fifo_gen/gconvfifo.rf/grf.rf/rstblk/ngwrdrst.grst.g7serrst.gnsckt_wrst.gcc_rst.sckt_wr_rst_cc_reg[0]/Q
                         net (fo=3, routed)           0.169     1.271    system_i/axi_mem_intercon/m00_couplers/auto_pc/inst/gen_axi4_axi3.axi3_conv_inst/USE_WRITE.write_addr_inst/USE_BURSTS.cmd_queue/inst/fifo_gen_inst/inst_fifo_gen/gconvfifo.rf/grf.rf/rstblk/ngwrdrst.grst.g7serrst.gnsckt_wrst.gcc_rst.sckt_wr_rst_cc[0]
    SLICE_X5Y45          LUT3 (Prop_lut3_I1_O)        0.045     1.316 f  system_i/axi_mem_intercon/m00_couplers/auto_pc/inst/gen_axi4_axi3.axi3_conv_inst/USE_WRITE.write_addr_inst/USE_BURSTS.cmd_queue/inst/fifo_gen_inst/inst_fifo_gen/gconvfifo.rf/grf.rf/rstblk/gpregsm1.curr_fwft_state[1]_i_2/O
                         net (fo=32, routed)          0.129     1.445    system_i/axi_mem_intercon/m00_couplers/auto_pc/inst/gen_axi4_axi3.axi3_conv_inst/USE_WRITE.write_addr_inst/USE_BURSTS.cmd_queue/inst/fifo_gen_inst/inst_fifo_gen/gconvfifo.rf/grf.rf/gntv_or_sync_fifo.gl0.rd/gr1.gr1_int.rfwft/gpregsm1.user_valid_reg_0
    SLICE_X6Y45          FDCE                                         f  system_i/axi_mem_intercon/m00_couplers/auto_pc/inst/gen_axi4_axi3.axi3_conv_inst/USE_WRITE.write_addr_inst/USE_BURSTS.cmd_queue/inst/fifo_gen_inst/inst_fifo_gen/gconvfifo.rf/grf.rf/gntv_or_sync_fifo.gl0.rd/gr1.gr1_int.rfwft/gpregsm1.user_valid_reg/CLR
  -------------------------------------------------------------------    -------------------

                         (clock clk_fpga_0 rise edge)
                                                      0.000     0.000 r  
    PS7_X0Y0             PS7                          0.000     0.000 r  system_i/processing_system7_0/inst/PS7_i/FCLKCLK[0]
                         net (fo=1, routed)           0.337     0.337    system_i/processing_system7_0/inst/FCLK_CLK_unbuffered[0]
    BUFGCTRL_X0Y16       BUFG (Prop_bufg_I_O)         0.029     0.366 r  system_i/processing_system7_0/inst/buffer_fclk_clk_0.FCLK_CLK_0_BUFG/O
                         net (fo=6193, routed)        0.894     1.260    system_i/axi_mem_intercon/m00_couplers/auto_pc/inst/gen_axi4_axi3.axi3_conv_inst/USE_WRITE.write_addr_inst/USE_BURSTS.cmd_queue/inst/fifo_gen_inst/inst_fifo_gen/gconvfifo.rf/grf.rf/gntv_or_sync_fifo.gl0.rd/gr1.gr1_int.rfwft/clk
    SLICE_X6Y45          FDCE                                         r  system_i/axi_mem_intercon/m00_couplers/auto_pc/inst/gen_axi4_axi3.axi3_conv_inst/USE_WRITE.write_addr_inst/USE_BURSTS.cmd_queue/inst/fifo_gen_inst/inst_fifo_gen/gconvfifo.rf/grf.rf/gntv_or_sync_fifo.gl0.rd/gr1.gr1_int.rfwft/gpregsm1.user_valid_reg/C
                         clock pessimism             -0.283     0.977    
    SLICE_X6Y45          FDCE (Remov_fdce_C_CLR)     -0.067     0.910    system_i/axi_mem_intercon/m00_couplers/auto_pc/inst/gen_axi4_axi3.axi3_conv_inst/USE_WRITE.write_addr_inst/USE_BURSTS.cmd_queue/inst/fifo_gen_inst/inst_fifo_gen/gconvfifo.rf/grf.rf/gntv_or_sync_fifo.gl0.rd/gr1.gr1_int.rfwft/gpregsm1.user_valid_reg
  -------------------------------------------------------------------
                         required time                         -0.910    
                         arrival time                           1.445    
  -------------------------------------------------------------------
                         slack                                  0.535    

Slack (MET) :             0.539ns  (arrival time - required time)
  Source:                 system_i/axi_mem_intercon/m00_couplers/auto_pc/inst/gen_axi4_axi3.axi3_conv_inst/USE_WRITE.write_addr_inst/USE_BURSTS.cmd_queue/inst/fifo_gen_inst/inst_fifo_gen/gconvfifo.rf/grf.rf/rstblk/ngwrdrst.grst.g7serrst.gnsckt_wrst.gcc_rst.sckt_wr_rst_cc_reg[0]/C
                            (rising edge-triggered cell FDRE clocked by clk_fpga_0  {rise@0.000ns fall@5.000ns period=10.000ns})
  Destination:            system_i/axi_mem_intercon/m00_couplers/auto_pc/inst/gen_axi4_axi3.axi3_conv_inst/USE_WRITE.write_addr_inst/USE_BURSTS.cmd_queue/inst/fifo_gen_inst/inst_fifo_gen/gconvfifo.rf/grf.rf/gntv_or_sync_fifo.gl0.rd/grss.rsts/ram_empty_i_reg/PRE
                            (removal check against rising-edge clock clk_fpga_0  {rise@0.000ns fall@5.000ns period=10.000ns})
  Path Group:             **async_default**
  Path Type:              Removal (Min at Fast Process Corner)
  Requirement:            0.000ns  (clk_fpga_0 rise@0.000ns - clk_fpga_0 rise@0.000ns)
  Data Path Delay:        0.484ns  (logic 0.186ns (38.420%)  route 0.298ns (61.580%))
  Logic Levels:           1  (LUT3=1)
  Clock Path Skew:        0.016ns (DCD - SCD - CPR)
    Destination Clock Delay (DCD):    1.260ns
    Source Clock Delay      (SCD):    0.961ns
    Clock Pessimism Removal (CPR):    0.283ns

    Location             Delay type                Incr(ns)  Path(ns)    Netlist Resource(s)
  -------------------------------------------------------------------    -------------------
                         (clock clk_fpga_0 rise edge)
                                                      0.000     0.000 r  
    PS7_X0Y0             PS7                          0.000     0.000 r  system_i/processing_system7_0/inst/PS7_i/FCLKCLK[0]
                         net (fo=1, routed)           0.310     0.310    system_i/processing_system7_0/inst/FCLK_CLK_unbuffered[0]
    BUFGCTRL_X0Y16       BUFG (Prop_bufg_I_O)         0.026     0.336 r  system_i/processing_system7_0/inst/buffer_fclk_clk_0.FCLK_CLK_0_BUFG/O
                         net (fo=6193, routed)        0.625     0.961    system_i/axi_mem_intercon/m00_couplers/auto_pc/inst/gen_axi4_axi3.axi3_conv_inst/USE_WRITE.write_addr_inst/USE_BURSTS.cmd_queue/inst/fifo_gen_inst/inst_fifo_gen/gconvfifo.rf/grf.rf/rstblk/clk
    SLICE_X5Y45          FDRE                                         r  system_i/axi_mem_intercon/m00_couplers/auto_pc/inst/gen_axi4_axi3.axi3_conv_inst/USE_WRITE.write_addr_inst/USE_BURSTS.cmd_queue/inst/fifo_gen_inst/inst_fifo_gen/gconvfifo.rf/grf.rf/rstblk/ngwrdrst.grst.g7serrst.gnsckt_wrst.gcc_rst.sckt_wr_rst_cc_reg[0]/C
  -------------------------------------------------------------------    -------------------
    SLICE_X5Y45          FDRE (Prop_fdre_C_Q)         0.141     1.102 f  system_i/axi_mem_intercon/m00_couplers/auto_pc/inst/gen_axi4_axi3.axi3_conv_inst/USE_WRITE.write_addr_inst/USE_BURSTS.cmd_queue/inst/fifo_gen_inst/inst_fifo_gen/gconvfifo.rf/grf.rf/rstblk/ngwrdrst.grst.g7serrst.gnsckt_wrst.gcc_rst.sckt_wr_rst_cc_reg[0]/Q
                         net (fo=3, routed)           0.169     1.271    system_i/axi_mem_intercon/m00_couplers/auto_pc/inst/gen_axi4_axi3.axi3_conv_inst/USE_WRITE.write_addr_inst/USE_BURSTS.cmd_queue/inst/fifo_gen_inst/inst_fifo_gen/gconvfifo.rf/grf.rf/rstblk/ngwrdrst.grst.g7serrst.gnsckt_wrst.gcc_rst.sckt_wr_rst_cc[0]
    SLICE_X5Y45          LUT3 (Prop_lut3_I1_O)        0.045     1.316 f  system_i/axi_mem_intercon/m00_couplers/auto_pc/inst/gen_axi4_axi3.axi3_conv_inst/USE_WRITE.write_addr_inst/USE_BURSTS.cmd_queue/inst/fifo_gen_inst/inst_fifo_gen/gconvfifo.rf/grf.rf/rstblk/gpregsm1.curr_fwft_state[1]_i_2/O
                         net (fo=32, routed)          0.129     1.445    system_i/axi_mem_intercon/m00_couplers/auto_pc/inst/gen_axi4_axi3.axi3_conv_inst/USE_WRITE.write_addr_inst/USE_BURSTS.cmd_queue/inst/fifo_gen_inst/inst_fifo_gen/gconvfifo.rf/grf.rf/gntv_or_sync_fifo.gl0.rd/grss.rsts/ram_empty_i_reg_1
    SLICE_X6Y45          FDPE                                         f  system_i/axi_mem_intercon/m00_couplers/auto_pc/inst/gen_axi4_axi3.axi3_conv_inst/USE_WRITE.write_addr_inst/USE_BURSTS.cmd_queue/inst/fifo_gen_inst/inst_fifo_gen/gconvfifo.rf/grf.rf/gntv_or_sync_fifo.gl0.rd/grss.rsts/ram_empty_i_reg/PRE
  -------------------------------------------------------------------    -------------------

                         (clock clk_fpga_0 rise edge)
                                                      0.000     0.000 r  
    PS7_X0Y0             PS7                          0.000     0.000 r  system_i/processing_system7_0/inst/PS7_i/FCLKCLK[0]
                         net (fo=1, routed)           0.337     0.337    system_i/processing_system7_0/inst/FCLK_CLK_unbuffered[0]
    BUFGCTRL_X0Y16       BUFG (Prop_bufg_I_O)         0.029     0.366 r  system_i/processing_system7_0/inst/buffer_fclk_clk_0.FCLK_CLK_0_BUFG/O
                         net (fo=6193, routed)        0.894     1.260    system_i/axi_mem_intercon/m00_couplers/auto_pc/inst/gen_axi4_axi3.axi3_conv_inst/USE_WRITE.write_addr_inst/USE_BURSTS.cmd_queue/inst/fifo_gen_inst/inst_fifo_gen/gconvfifo.rf/grf.rf/gntv_or_sync_fifo.gl0.rd/grss.rsts/clk
    SLICE_X6Y45          FDPE                                         r  system_i/axi_mem_intercon/m00_couplers/auto_pc/inst/gen_axi4_axi3.axi3_conv_inst/USE_WRITE.write_addr_inst/USE_BURSTS.cmd_queue/inst/fifo_gen_inst/inst_fifo_gen/gconvfifo.rf/grf.rf/gntv_or_sync_fifo.gl0.rd/grss.rsts/ram_empty_i_reg/C
                         clock pessimism             -0.283     0.977    
    SLICE_X6Y45          FDPE (Remov_fdpe_C_PRE)     -0.071     0.906    system_i/axi_mem_intercon/m00_couplers/auto_pc/inst/gen_axi4_axi3.axi3_conv_inst/USE_WRITE.write_addr_inst/USE_BURSTS.cmd_queue/inst/fifo_gen_inst/inst_fifo_gen/gconvfifo.rf/grf.rf/gntv_or_sync_fifo.gl0.rd/grss.rsts/ram_empty_i_reg
  -------------------------------------------------------------------
                         required time                         -0.905    
                         arrival time                           1.445    
  -------------------------------------------------------------------
                         slack                                  0.539    

Slack (MET) :             0.552ns  (arrival time - required time)
  Source:                 system_i/axi_mem_intercon/m00_couplers/auto_pc/inst/gen_axi4_axi3.axi3_conv_inst/USE_WRITE.write_addr_inst/USE_B_CHANNEL.cmd_b_queue/inst/fifo_gen_inst/inst_fifo_gen/gconvfifo.rf/grf.rf/rstblk/ngwrdrst.grst.g7serrst.gnsckt_wrst.gcc_rst.sckt_wr_rst_cc_reg[1]/C
                            (rising edge-triggered cell FDRE clocked by clk_fpga_0  {rise@0.000ns fall@5.000ns period=10.000ns})
  Destination:            system_i/axi_mem_intercon/m00_couplers/auto_pc/inst/gen_axi4_axi3.axi3_conv_inst/USE_WRITE.write_addr_inst/USE_B_CHANNEL.cmd_b_queue/inst/fifo_gen_inst/inst_fifo_gen/gconvfifo.rf/grf.rf/gntv_or_sync_fifo.gl0.rd/gr1.gr1_int.rfwft/gpregsm1.user_valid_reg/CLR
                            (removal check against rising-edge clock clk_fpga_0  {rise@0.000ns fall@5.000ns period=10.000ns})
  Path Group:             **async_default**
  Path Type:              Removal (Min at Fast Process Corner)
  Requirement:            0.000ns  (clk_fpga_0 rise@0.000ns - clk_fpga_0 rise@0.000ns)
  Data Path Delay:        0.501ns  (logic 0.186ns (37.157%)  route 0.315ns (62.843%))
  Logic Levels:           1  (LUT3=1)
  Clock Path Skew:        0.016ns (DCD - SCD - CPR)
    Destination Clock Delay (DCD):    1.259ns
    Source Clock Delay      (SCD):    0.960ns
    Clock Pessimism Removal (CPR):    0.283ns

    Location             Delay type                Incr(ns)  Path(ns)    Netlist Resource(s)
  -------------------------------------------------------------------    -------------------
                         (clock clk_fpga_0 rise edge)
                                                      0.000     0.000 r  
    PS7_X0Y0             PS7                          0.000     0.000 r  system_i/processing_system7_0/inst/PS7_i/FCLKCLK[0]
                         net (fo=1, routed)           0.310     0.310    system_i/processing_system7_0/inst/FCLK_CLK_unbuffered[0]
    BUFGCTRL_X0Y16       BUFG (Prop_bufg_I_O)         0.026     0.336 r  system_i/processing_system7_0/inst/buffer_fclk_clk_0.FCLK_CLK_0_BUFG/O
                         net (fo=6193, routed)        0.624     0.960    system_i/axi_mem_intercon/m00_couplers/auto_pc/inst/gen_axi4_axi3.axi3_conv_inst/USE_WRITE.write_addr_inst/USE_B_CHANNEL.cmd_b_queue/inst/fifo_gen_inst/inst_fifo_gen/gconvfifo.rf/grf.rf/rstblk/clk
    SLICE_X5Y40          FDRE                                         r  system_i/axi_mem_intercon/m00_couplers/auto_pc/inst/gen_axi4_axi3.axi3_conv_inst/USE_WRITE.write_addr_inst/USE_B_CHANNEL.cmd_b_queue/inst/fifo_gen_inst/inst_fifo_gen/gconvfifo.rf/grf.rf/rstblk/ngwrdrst.grst.g7serrst.gnsckt_wrst.gcc_rst.sckt_wr_rst_cc_reg[1]/C
  -------------------------------------------------------------------    -------------------
    SLICE_X5Y40          FDRE (Prop_fdre_C_Q)         0.141     1.101 f  system_i/axi_mem_intercon/m00_couplers/auto_pc/inst/gen_axi4_axi3.axi3_conv_inst/USE_WRITE.write_addr_inst/USE_B_CHANNEL.cmd_b_queue/inst/fifo_gen_inst/inst_fifo_gen/gconvfifo.rf/grf.rf/rstblk/ngwrdrst.grst.g7serrst.gnsckt_wrst.gcc_rst.sckt_wr_rst_cc_reg[1]/Q
                         net (fo=2, routed)           0.169     1.269    system_i/axi_mem_intercon/m00_couplers/auto_pc/inst/gen_axi4_axi3.axi3_conv_inst/USE_WRITE.write_addr_inst/USE_B_CHANNEL.cmd_b_queue/inst/fifo_gen_inst/inst_fifo_gen/gconvfifo.rf/grf.rf/rstblk/ngwrdrst.grst.g7serrst.gnsckt_wrst.gcc_rst.sckt_wr_rst_cc[1]
    SLICE_X5Y40          LUT3 (Prop_lut3_I0_O)        0.045     1.314 f  system_i/axi_mem_intercon/m00_couplers/auto_pc/inst/gen_axi4_axi3.axi3_conv_inst/USE_WRITE.write_addr_inst/USE_B_CHANNEL.cmd_b_queue/inst/fifo_gen_inst/inst_fifo_gen/gconvfifo.rf/grf.rf/rstblk/gpregsm1.curr_fwft_state[1]_i_2/O
                         net (fo=32, routed)          0.146     1.460    system_i/axi_mem_intercon/m00_couplers/auto_pc/inst/gen_axi4_axi3.axi3_conv_inst/USE_WRITE.write_addr_inst/USE_B_CHANNEL.cmd_b_queue/inst/fifo_gen_inst/inst_fifo_gen/gconvfifo.rf/grf.rf/gntv_or_sync_fifo.gl0.rd/gr1.gr1_int.rfwft/gpregsm1.user_valid_reg_0
    SLICE_X4Y41          FDCE                                         f  system_i/axi_mem_intercon/m00_couplers/auto_pc/inst/gen_axi4_axi3.axi3_conv_inst/USE_WRITE.write_addr_inst/USE_B_CHANNEL.cmd_b_queue/inst/fifo_gen_inst/inst_fifo_gen/gconvfifo.rf/grf.rf/gntv_or_sync_fifo.gl0.rd/gr1.gr1_int.rfwft/gpregsm1.user_valid_reg/CLR
  -------------------------------------------------------------------    -------------------

                         (clock clk_fpga_0 rise edge)
                                                      0.000     0.000 r  
    PS7_X0Y0             PS7                          0.000     0.000 r  system_i/processing_system7_0/inst/PS7_i/FCLKCLK[0]
                         net (fo=1, routed)           0.337     0.337    system_i/processing_system7_0/inst/FCLK_CLK_unbuffered[0]
    BUFGCTRL_X0Y16       BUFG (Prop_bufg_I_O)         0.029     0.366 r  system_i/processing_system7_0/inst/buffer_fclk_clk_0.FCLK_CLK_0_BUFG/O
                         net (fo=6193, routed)        0.893     1.259    system_i/axi_mem_intercon/m00_couplers/auto_pc/inst/gen_axi4_axi3.axi3_conv_inst/USE_WRITE.write_addr_inst/USE_B_CHANNEL.cmd_b_queue/inst/fifo_gen_inst/inst_fifo_gen/gconvfifo.rf/grf.rf/gntv_or_sync_fifo.gl0.rd/gr1.gr1_int.rfwft/clk
    SLICE_X4Y41          FDCE                                         r  system_i/axi_mem_intercon/m00_couplers/auto_pc/inst/gen_axi4_axi3.axi3_conv_inst/USE_WRITE.write_addr_inst/USE_B_CHANNEL.cmd_b_queue/inst/fifo_gen_inst/inst_fifo_gen/gconvfifo.rf/grf.rf/gntv_or_sync_fifo.gl0.rd/gr1.gr1_int.rfwft/gpregsm1.user_valid_reg/C
                         clock pessimism             -0.283     0.976    
    SLICE_X4Y41          FDCE (Remov_fdce_C_CLR)     -0.067     0.909    system_i/axi_mem_intercon/m00_couplers/auto_pc/inst/gen_axi4_axi3.axi3_conv_inst/USE_WRITE.write_addr_inst/USE_B_CHANNEL.cmd_b_queue/inst/fifo_gen_inst/inst_fifo_gen/gconvfifo.rf/grf.rf/gntv_or_sync_fifo.gl0.rd/gr1.gr1_int.rfwft/gpregsm1.user_valid_reg
  -------------------------------------------------------------------
                         required time                         -0.909    
                         arrival time                           1.460    
  -------------------------------------------------------------------
                         slack                                  0.552    

Slack (MET) :             0.556ns  (arrival time - required time)
  Source:                 system_i/axi_mem_intercon/m00_couplers/auto_pc/inst/gen_axi4_axi3.axi3_conv_inst/USE_WRITE.write_addr_inst/USE_B_CHANNEL.cmd_b_queue/inst/fifo_gen_inst/inst_fifo_gen/gconvfifo.rf/grf.rf/rstblk/ngwrdrst.grst.g7serrst.gnsckt_wrst.gcc_rst.sckt_wr_rst_cc_reg[1]/C
                            (rising edge-triggered cell FDRE clocked by clk_fpga_0  {rise@0.000ns fall@5.000ns period=10.000ns})
  Destination:            system_i/axi_mem_intercon/m00_couplers/auto_pc/inst/gen_axi4_axi3.axi3_conv_inst/USE_WRITE.write_addr_inst/USE_B_CHANNEL.cmd_b_queue/inst/fifo_gen_inst/inst_fifo_gen/gconvfifo.rf/grf.rf/gntv_or_sync_fifo.gl0.rd/gr1.gr1_int.rfwft/aempty_fwft_fb_i_reg/PRE
                            (removal check against rising-edge clock clk_fpga_0  {rise@0.000ns fall@5.000ns period=10.000ns})
  Path Group:             **async_default**
  Path Type:              Removal (Min at Fast Process Corner)
  Requirement:            0.000ns  (clk_fpga_0 rise@0.000ns - clk_fpga_0 rise@0.000ns)
  Data Path Delay:        0.501ns  (logic 0.186ns (37.157%)  route 0.315ns (62.843%))
  Logic Levels:           1  (LUT3=1)
  Clock Path Skew:        0.016ns (DCD - SCD - CPR)
    Destination Clock Delay (DCD):    1.259ns
    Source Clock Delay      (SCD):    0.960ns
    Clock Pessimism Removal (CPR):    0.283ns

    Location             Delay type                Incr(ns)  Path(ns)    Netlist Resource(s)
  -------------------------------------------------------------------    -------------------
                         (clock clk_fpga_0 rise edge)
                                                      0.000     0.000 r  
    PS7_X0Y0             PS7                          0.000     0.000 r  system_i/processing_system7_0/inst/PS7_i/FCLKCLK[0]
                         net (fo=1, routed)           0.310     0.310    system_i/processing_system7_0/inst/FCLK_CLK_unbuffered[0]
    BUFGCTRL_X0Y16       BUFG (Prop_bufg_I_O)         0.026     0.336 r  system_i/processing_system7_0/inst/buffer_fclk_clk_0.FCLK_CLK_0_BUFG/O
                         net (fo=6193, routed)        0.624     0.960    system_i/axi_mem_intercon/m00_couplers/auto_pc/inst/gen_axi4_axi3.axi3_conv_inst/USE_WRITE.write_addr_inst/USE_B_CHANNEL.cmd_b_queue/inst/fifo_gen_inst/inst_fifo_gen/gconvfifo.rf/grf.rf/rstblk/clk
    SLICE_X5Y40          FDRE                                         r  system_i/axi_mem_intercon/m00_couplers/auto_pc/inst/gen_axi4_axi3.axi3_conv_inst/USE_WRITE.write_addr_inst/USE_B_CHANNEL.cmd_b_queue/inst/fifo_gen_inst/inst_fifo_gen/gconvfifo.rf/grf.rf/rstblk/ngwrdrst.grst.g7serrst.gnsckt_wrst.gcc_rst.sckt_wr_rst_cc_reg[1]/C
  -------------------------------------------------------------------    -------------------
    SLICE_X5Y40          FDRE (Prop_fdre_C_Q)         0.141     1.101 f  system_i/axi_mem_intercon/m00_couplers/auto_pc/inst/gen_axi4_axi3.axi3_conv_inst/USE_WRITE.write_addr_inst/USE_B_CHANNEL.cmd_b_queue/inst/fifo_gen_inst/inst_fifo_gen/gconvfifo.rf/grf.rf/rstblk/ngwrdrst.grst.g7serrst.gnsckt_wrst.gcc_rst.sckt_wr_rst_cc_reg[1]/Q
                         net (fo=2, routed)           0.169     1.269    system_i/axi_mem_intercon/m00_couplers/auto_pc/inst/gen_axi4_axi3.axi3_conv_inst/USE_WRITE.write_addr_inst/USE_B_CHANNEL.cmd_b_queue/inst/fifo_gen_inst/inst_fifo_gen/gconvfifo.rf/grf.rf/rstblk/ngwrdrst.grst.g7serrst.gnsckt_wrst.gcc_rst.sckt_wr_rst_cc[1]
    SLICE_X5Y40          LUT3 (Prop_lut3_I0_O)        0.045     1.314 f  system_i/axi_mem_intercon/m00_couplers/auto_pc/inst/gen_axi4_axi3.axi3_conv_inst/USE_WRITE.write_addr_inst/USE_B_CHANNEL.cmd_b_queue/inst/fifo_gen_inst/inst_fifo_gen/gconvfifo.rf/grf.rf/rstblk/gpregsm1.curr_fwft_state[1]_i_2/O
                         net (fo=32, routed)          0.146     1.460    system_i/axi_mem_intercon/m00_couplers/auto_pc/inst/gen_axi4_axi3.axi3_conv_inst/USE_WRITE.write_addr_inst/USE_B_CHANNEL.cmd_b_queue/inst/fifo_gen_inst/inst_fifo_gen/gconvfifo.rf/grf.rf/gntv_or_sync_fifo.gl0.rd/gr1.gr1_int.rfwft/gpregsm1.user_valid_reg_0
    SLICE_X4Y41          FDPE                                         f  system_i/axi_mem_intercon/m00_couplers/auto_pc/inst/gen_axi4_axi3.axi3_conv_inst/USE_WRITE.write_addr_inst/USE_B_CHANNEL.cmd_b_queue/inst/fifo_gen_inst/inst_fifo_gen/gconvfifo.rf/grf.rf/gntv_or_sync_fifo.gl0.rd/gr1.gr1_int.rfwft/aempty_fwft_fb_i_reg/PRE
  -------------------------------------------------------------------    -------------------

                         (clock clk_fpga_0 rise edge)
                                                      0.000     0.000 r  
    PS7_X0Y0             PS7                          0.000     0.000 r  system_i/processing_system7_0/inst/PS7_i/FCLKCLK[0]
                         net (fo=1, routed)           0.337     0.337    system_i/processing_system7_0/inst/FCLK_CLK_unbuffered[0]
    BUFGCTRL_X0Y16       BUFG (Prop_bufg_I_O)         0.029     0.366 r  system_i/processing_system7_0/inst/buffer_fclk_clk_0.FCLK_CLK_0_BUFG/O
                         net (fo=6193, routed)        0.893     1.259    system_i/axi_mem_intercon/m00_couplers/auto_pc/inst/gen_axi4_axi3.axi3_conv_inst/USE_WRITE.write_addr_inst/USE_B_CHANNEL.cmd_b_queue/inst/fifo_gen_inst/inst_fifo_gen/gconvfifo.rf/grf.rf/gntv_or_sync_fifo.gl0.rd/gr1.gr1_int.rfwft/clk
    SLICE_X4Y41          FDPE                                         r  system_i/axi_mem_intercon/m00_couplers/auto_pc/inst/gen_axi4_axi3.axi3_conv_inst/USE_WRITE.write_addr_inst/USE_B_CHANNEL.cmd_b_queue/inst/fifo_gen_inst/inst_fifo_gen/gconvfifo.rf/grf.rf/gntv_or_sync_fifo.gl0.rd/gr1.gr1_int.rfwft/aempty_fwft_fb_i_reg/C
                         clock pessimism             -0.283     0.976    
    SLICE_X4Y41          FDPE (Remov_fdpe_C_PRE)     -0.071     0.905    system_i/axi_mem_intercon/m00_couplers/auto_pc/inst/gen_axi4_axi3.axi3_conv_inst/USE_WRITE.write_addr_inst/USE_B_CHANNEL.cmd_b_queue/inst/fifo_gen_inst/inst_fifo_gen/gconvfifo.rf/grf.rf/gntv_or_sync_fifo.gl0.rd/gr1.gr1_int.rfwft/aempty_fwft_fb_i_reg
  -------------------------------------------------------------------
                         required time                         -0.905    
                         arrival time                           1.460    
  -------------------------------------------------------------------
                         slack                                  0.556    

Slack (MET) :             0.556ns  (arrival time - required time)
  Source:                 system_i/axi_mem_intercon/m00_couplers/auto_pc/inst/gen_axi4_axi3.axi3_conv_inst/USE_WRITE.write_addr_inst/USE_B_CHANNEL.cmd_b_queue/inst/fifo_gen_inst/inst_fifo_gen/gconvfifo.rf/grf.rf/rstblk/ngwrdrst.grst.g7serrst.gnsckt_wrst.gcc_rst.sckt_wr_rst_cc_reg[1]/C
                            (rising edge-triggered cell FDRE clocked by clk_fpga_0  {rise@0.000ns fall@5.000ns period=10.000ns})
  Destination:            system_i/axi_mem_intercon/m00_couplers/auto_pc/inst/gen_axi4_axi3.axi3_conv_inst/USE_WRITE.write_addr_inst/USE_B_CHANNEL.cmd_b_queue/inst/fifo_gen_inst/inst_fifo_gen/gconvfifo.rf/grf.rf/gntv_or_sync_fifo.gl0.rd/gr1.gr1_int.rfwft/aempty_fwft_i_reg/PRE
                            (removal check against rising-edge clock clk_fpga_0  {rise@0.000ns fall@5.000ns period=10.000ns})
  Path Group:             **async_default**
  Path Type:              Removal (Min at Fast Process Corner)
  Requirement:            0.000ns  (clk_fpga_0 rise@0.000ns - clk_fpga_0 rise@0.000ns)
  Data Path Delay:        0.501ns  (logic 0.186ns (37.157%)  route 0.315ns (62.843%))
  Logic Levels:           1  (LUT3=1)
  Clock Path Skew:        0.016ns (DCD - SCD - CPR)
    Destination Clock Delay (DCD):    1.259ns
    Source Clock Delay      (SCD):    0.960ns
    Clock Pessimism Removal (CPR):    0.283ns

    Location             Delay type                Incr(ns)  Path(ns)    Netlist Resource(s)
  -------------------------------------------------------------------    -------------------
                         (clock clk_fpga_0 rise edge)
                                                      0.000     0.000 r  
    PS7_X0Y0             PS7                          0.000     0.000 r  system_i/processing_system7_0/inst/PS7_i/FCLKCLK[0]
                         net (fo=1, routed)           0.310     0.310    system_i/processing_system7_0/inst/FCLK_CLK_unbuffered[0]
    BUFGCTRL_X0Y16       BUFG (Prop_bufg_I_O)         0.026     0.336 r  system_i/processing_system7_0/inst/buffer_fclk_clk_0.FCLK_CLK_0_BUFG/O
                         net (fo=6193, routed)        0.624     0.960    system_i/axi_mem_intercon/m00_couplers/auto_pc/inst/gen_axi4_axi3.axi3_conv_inst/USE_WRITE.write_addr_inst/USE_B_CHANNEL.cmd_b_queue/inst/fifo_gen_inst/inst_fifo_gen/gconvfifo.rf/grf.rf/rstblk/clk
    SLICE_X5Y40          FDRE                                         r  system_i/axi_mem_intercon/m00_couplers/auto_pc/inst/gen_axi4_axi3.axi3_conv_inst/USE_WRITE.write_addr_inst/USE_B_CHANNEL.cmd_b_queue/inst/fifo_gen_inst/inst_fifo_gen/gconvfifo.rf/grf.rf/rstblk/ngwrdrst.grst.g7serrst.gnsckt_wrst.gcc_rst.sckt_wr_rst_cc_reg[1]/C
  -------------------------------------------------------------------    -------------------
    SLICE_X5Y40          FDRE (Prop_fdre_C_Q)         0.141     1.101 f  system_i/axi_mem_intercon/m00_couplers/auto_pc/inst/gen_axi4_axi3.axi3_conv_inst/USE_WRITE.write_addr_inst/USE_B_CHANNEL.cmd_b_queue/inst/fifo_gen_inst/inst_fifo_gen/gconvfifo.rf/grf.rf/rstblk/ngwrdrst.grst.g7serrst.gnsckt_wrst.gcc_rst.sckt_wr_rst_cc_reg[1]/Q
                         net (fo=2, routed)           0.169     1.269    system_i/axi_mem_intercon/m00_couplers/auto_pc/inst/gen_axi4_axi3.axi3_conv_inst/USE_WRITE.write_addr_inst/USE_B_CHANNEL.cmd_b_queue/inst/fifo_gen_inst/inst_fifo_gen/gconvfifo.rf/grf.rf/rstblk/ngwrdrst.grst.g7serrst.gnsckt_wrst.gcc_rst.sckt_wr_rst_cc[1]
    SLICE_X5Y40          LUT3 (Prop_lut3_I0_O)        0.045     1.314 f  system_i/axi_mem_intercon/m00_couplers/auto_pc/inst/gen_axi4_axi3.axi3_conv_inst/USE_WRITE.write_addr_inst/USE_B_CHANNEL.cmd_b_queue/inst/fifo_gen_inst/inst_fifo_gen/gconvfifo.rf/grf.rf/rstblk/gpregsm1.curr_fwft_state[1]_i_2/O
                         net (fo=32, routed)          0.146     1.460    system_i/axi_mem_intercon/m00_couplers/auto_pc/inst/gen_axi4_axi3.axi3_conv_inst/USE_WRITE.write_addr_inst/USE_B_CHANNEL.cmd_b_queue/inst/fifo_gen_inst/inst_fifo_gen/gconvfifo.rf/grf.rf/gntv_or_sync_fifo.gl0.rd/gr1.gr1_int.rfwft/gpregsm1.user_valid_reg_0
    SLICE_X4Y41          FDPE                                         f  system_i/axi_mem_intercon/m00_couplers/auto_pc/inst/gen_axi4_axi3.axi3_conv_inst/USE_WRITE.write_addr_inst/USE_B_CHANNEL.cmd_b_queue/inst/fifo_gen_inst/inst_fifo_gen/gconvfifo.rf/grf.rf/gntv_or_sync_fifo.gl0.rd/gr1.gr1_int.rfwft/aempty_fwft_i_reg/PRE
  -------------------------------------------------------------------    -------------------

                         (clock clk_fpga_0 rise edge)
                                                      0.000     0.000 r  
    PS7_X0Y0             PS7                          0.000     0.000 r  system_i/processing_system7_0/inst/PS7_i/FCLKCLK[0]
                         net (fo=1, routed)           0.337     0.337    system_i/processing_system7_0/inst/FCLK_CLK_unbuffered[0]
    BUFGCTRL_X0Y16       BUFG (Prop_bufg_I_O)         0.029     0.366 r  system_i/processing_system7_0/inst/buffer_fclk_clk_0.FCLK_CLK_0_BUFG/O
                         net (fo=6193, routed)        0.893     1.259    system_i/axi_mem_intercon/m00_couplers/auto_pc/inst/gen_axi4_axi3.axi3_conv_inst/USE_WRITE.write_addr_inst/USE_B_CHANNEL.cmd_b_queue/inst/fifo_gen_inst/inst_fifo_gen/gconvfifo.rf/grf.rf/gntv_or_sync_fifo.gl0.rd/gr1.gr1_int.rfwft/clk
    SLICE_X4Y41          FDPE                                         r  system_i/axi_mem_intercon/m00_couplers/auto_pc/inst/gen_axi4_axi3.axi3_conv_inst/USE_WRITE.write_addr_inst/USE_B_CHANNEL.cmd_b_queue/inst/fifo_gen_inst/inst_fifo_gen/gconvfifo.rf/grf.rf/gntv_or_sync_fifo.gl0.rd/gr1.gr1_int.rfwft/aempty_fwft_i_reg/C
                         clock pessimism             -0.283     0.976    
    SLICE_X4Y41          FDPE (Remov_fdpe_C_PRE)     -0.071     0.905    system_i/axi_mem_intercon/m00_couplers/auto_pc/inst/gen_axi4_axi3.axi3_conv_inst/USE_WRITE.write_addr_inst/USE_B_CHANNEL.cmd_b_queue/inst/fifo_gen_inst/inst_fifo_gen/gconvfifo.rf/grf.rf/gntv_or_sync_fifo.gl0.rd/gr1.gr1_int.rfwft/aempty_fwft_i_reg
  -------------------------------------------------------------------
                         required time                         -0.905    
                         arrival time                           1.460    
  -------------------------------------------------------------------
                         slack                                  0.556    

Slack (MET) :             0.556ns  (arrival time - required time)
  Source:                 system_i/axi_mem_intercon/m00_couplers/auto_pc/inst/gen_axi4_axi3.axi3_conv_inst/USE_WRITE.write_addr_inst/USE_B_CHANNEL.cmd_b_queue/inst/fifo_gen_inst/inst_fifo_gen/gconvfifo.rf/grf.rf/rstblk/ngwrdrst.grst.g7serrst.gnsckt_wrst.gcc_rst.sckt_wr_rst_cc_reg[1]/C
                            (rising edge-triggered cell FDRE clocked by clk_fpga_0  {rise@0.000ns fall@5.000ns period=10.000ns})
  Destination:            system_i/axi_mem_intercon/m00_couplers/auto_pc/inst/gen_axi4_axi3.axi3_conv_inst/USE_WRITE.write_addr_inst/USE_B_CHANNEL.cmd_b_queue/inst/fifo_gen_inst/inst_fifo_gen/gconvfifo.rf/grf.rf/gntv_or_sync_fifo.gl0.rd/gr1.gr1_int.rfwft/empty_fwft_i_reg/PRE
                            (removal check against rising-edge clock clk_fpga_0  {rise@0.000ns fall@5.000ns period=10.000ns})
  Path Group:             **async_default**
  Path Type:              Removal (Min at Fast Process Corner)
  Requirement:            0.000ns  (clk_fpga_0 rise@0.000ns - clk_fpga_0 rise@0.000ns)
  Data Path Delay:        0.501ns  (logic 0.186ns (37.157%)  route 0.315ns (62.843%))
  Logic Levels:           1  (LUT3=1)
  Clock Path Skew:        0.016ns (DCD - SCD - CPR)
    Destination Clock Delay (DCD):    1.259ns
    Source Clock Delay      (SCD):    0.960ns
    Clock Pessimism Removal (CPR):    0.283ns

    Location             Delay type                Incr(ns)  Path(ns)    Netlist Resource(s)
  -------------------------------------------------------------------    -------------------
                         (clock clk_fpga_0 rise edge)
                                                      0.000     0.000 r  
    PS7_X0Y0             PS7                          0.000     0.000 r  system_i/processing_system7_0/inst/PS7_i/FCLKCLK[0]
                         net (fo=1, routed)           0.310     0.310    system_i/processing_system7_0/inst/FCLK_CLK_unbuffered[0]
    BUFGCTRL_X0Y16       BUFG (Prop_bufg_I_O)         0.026     0.336 r  system_i/processing_system7_0/inst/buffer_fclk_clk_0.FCLK_CLK_0_BUFG/O
                         net (fo=6193, routed)        0.624     0.960    system_i/axi_mem_intercon/m00_couplers/auto_pc/inst/gen_axi4_axi3.axi3_conv_inst/USE_WRITE.write_addr_inst/USE_B_CHANNEL.cmd_b_queue/inst/fifo_gen_inst/inst_fifo_gen/gconvfifo.rf/grf.rf/rstblk/clk
    SLICE_X5Y40          FDRE                                         r  system_i/axi_mem_intercon/m00_couplers/auto_pc/inst/gen_axi4_axi3.axi3_conv_inst/USE_WRITE.write_addr_inst/USE_B_CHANNEL.cmd_b_queue/inst/fifo_gen_inst/inst_fifo_gen/gconvfifo.rf/grf.rf/rstblk/ngwrdrst.grst.g7serrst.gnsckt_wrst.gcc_rst.sckt_wr_rst_cc_reg[1]/C
  -------------------------------------------------------------------    -------------------
    SLICE_X5Y40          FDRE (Prop_fdre_C_Q)         0.141     1.101 f  system_i/axi_mem_intercon/m00_couplers/auto_pc/inst/gen_axi4_axi3.axi3_conv_inst/USE_WRITE.write_addr_inst/USE_B_CHANNEL.cmd_b_queue/inst/fifo_gen_inst/inst_fifo_gen/gconvfifo.rf/grf.rf/rstblk/ngwrdrst.grst.g7serrst.gnsckt_wrst.gcc_rst.sckt_wr_rst_cc_reg[1]/Q
                         net (fo=2, routed)           0.169     1.269    system_i/axi_mem_intercon/m00_couplers/auto_pc/inst/gen_axi4_axi3.axi3_conv_inst/USE_WRITE.write_addr_inst/USE_B_CHANNEL.cmd_b_queue/inst/fifo_gen_inst/inst_fifo_gen/gconvfifo.rf/grf.rf/rstblk/ngwrdrst.grst.g7serrst.gnsckt_wrst.gcc_rst.sckt_wr_rst_cc[1]
    SLICE_X5Y40          LUT3 (Prop_lut3_I0_O)        0.045     1.314 f  system_i/axi_mem_intercon/m00_couplers/auto_pc/inst/gen_axi4_axi3.axi3_conv_inst/USE_WRITE.write_addr_inst/USE_B_CHANNEL.cmd_b_queue/inst/fifo_gen_inst/inst_fifo_gen/gconvfifo.rf/grf.rf/rstblk/gpregsm1.curr_fwft_state[1]_i_2/O
                         net (fo=32, routed)          0.146     1.460    system_i/axi_mem_intercon/m00_couplers/auto_pc/inst/gen_axi4_axi3.axi3_conv_inst/USE_WRITE.write_addr_inst/USE_B_CHANNEL.cmd_b_queue/inst/fifo_gen_inst/inst_fifo_gen/gconvfifo.rf/grf.rf/gntv_or_sync_fifo.gl0.rd/gr1.gr1_int.rfwft/gpregsm1.user_valid_reg_0
    SLICE_X4Y41          FDPE                                         f  system_i/axi_mem_intercon/m00_couplers/auto_pc/inst/gen_axi4_axi3.axi3_conv_inst/USE_WRITE.write_addr_inst/USE_B_CHANNEL.cmd_b_queue/inst/fifo_gen_inst/inst_fifo_gen/gconvfifo.rf/grf.rf/gntv_or_sync_fifo.gl0.rd/gr1.gr1_int.rfwft/empty_fwft_i_reg/PRE
  -------------------------------------------------------------------    -------------------

                         (clock clk_fpga_0 rise edge)
                                                      0.000     0.000 r  
    PS7_X0Y0             PS7                          0.000     0.000 r  system_i/processing_system7_0/inst/PS7_i/FCLKCLK[0]
                         net (fo=1, routed)           0.337     0.337    system_i/processing_system7_0/inst/FCLK_CLK_unbuffered[0]
    BUFGCTRL_X0Y16       BUFG (Prop_bufg_I_O)         0.029     0.366 r  system_i/processing_system7_0/inst/buffer_fclk_clk_0.FCLK_CLK_0_BUFG/O
                         net (fo=6193, routed)        0.893     1.259    system_i/axi_mem_intercon/m00_couplers/auto_pc/inst/gen_axi4_axi3.axi3_conv_inst/USE_WRITE.write_addr_inst/USE_B_CHANNEL.cmd_b_queue/inst/fifo_gen_inst/inst_fifo_gen/gconvfifo.rf/grf.rf/gntv_or_sync_fifo.gl0.rd/gr1.gr1_int.rfwft/clk
    SLICE_X4Y41          FDPE                                         r  system_i/axi_mem_intercon/m00_couplers/auto_pc/inst/gen_axi4_axi3.axi3_conv_inst/USE_WRITE.write_addr_inst/USE_B_CHANNEL.cmd_b_queue/inst/fifo_gen_inst/inst_fifo_gen/gconvfifo.rf/grf.rf/gntv_or_sync_fifo.gl0.rd/gr1.gr1_int.rfwft/empty_fwft_i_reg/C
                         clock pessimism             -0.283     0.976    
    SLICE_X4Y41          FDPE (Remov_fdpe_C_PRE)     -0.071     0.905    system_i/axi_mem_intercon/m00_couplers/auto_pc/inst/gen_axi4_axi3.axi3_conv_inst/USE_WRITE.write_addr_inst/USE_B_CHANNEL.cmd_b_queue/inst/fifo_gen_inst/inst_fifo_gen/gconvfifo.rf/grf.rf/gntv_or_sync_fifo.gl0.rd/gr1.gr1_int.rfwft/empty_fwft_i_reg
  -------------------------------------------------------------------
                         required time                         -0.905    
                         arrival time                           1.460    
  -------------------------------------------------------------------
                         slack                                  0.556    

Slack (MET) :             0.556ns  (arrival time - required time)
  Source:                 system_i/axi_mem_intercon/m00_couplers/auto_pc/inst/gen_axi4_axi3.axi3_conv_inst/USE_WRITE.write_addr_inst/USE_B_CHANNEL.cmd_b_queue/inst/fifo_gen_inst/inst_fifo_gen/gconvfifo.rf/grf.rf/rstblk/ngwrdrst.grst.g7serrst.gnsckt_wrst.gcc_rst.sckt_wr_rst_cc_reg[1]/C
                            (rising edge-triggered cell FDRE clocked by clk_fpga_0  {rise@0.000ns fall@5.000ns period=10.000ns})
  Destination:            system_i/axi_mem_intercon/m00_couplers/auto_pc/inst/gen_axi4_axi3.axi3_conv_inst/USE_WRITE.write_addr_inst/USE_B_CHANNEL.cmd_b_queue/inst/fifo_gen_inst/inst_fifo_gen/gconvfifo.rf/grf.rf/gntv_or_sync_fifo.gl0.rd/grss.rsts/ram_empty_fb_i_reg/PRE
                            (removal check against rising-edge clock clk_fpga_0  {rise@0.000ns fall@5.000ns period=10.000ns})
  Path Group:             **async_default**
  Path Type:              Removal (Min at Fast Process Corner)
  Requirement:            0.000ns  (clk_fpga_0 rise@0.000ns - clk_fpga_0 rise@0.000ns)
  Data Path Delay:        0.501ns  (logic 0.186ns (37.157%)  route 0.315ns (62.843%))
  Logic Levels:           1  (LUT3=1)
  Clock Path Skew:        0.016ns (DCD - SCD - CPR)
    Destination Clock Delay (DCD):    1.259ns
    Source Clock Delay      (SCD):    0.960ns
    Clock Pessimism Removal (CPR):    0.283ns

    Location             Delay type                Incr(ns)  Path(ns)    Netlist Resource(s)
  -------------------------------------------------------------------    -------------------
                         (clock clk_fpga_0 rise edge)
                                                      0.000     0.000 r  
    PS7_X0Y0             PS7                          0.000     0.000 r  system_i/processing_system7_0/inst/PS7_i/FCLKCLK[0]
                         net (fo=1, routed)           0.310     0.310    system_i/processing_system7_0/inst/FCLK_CLK_unbuffered[0]
    BUFGCTRL_X0Y16       BUFG (Prop_bufg_I_O)         0.026     0.336 r  system_i/processing_system7_0/inst/buffer_fclk_clk_0.FCLK_CLK_0_BUFG/O
                         net (fo=6193, routed)        0.624     0.960    system_i/axi_mem_intercon/m00_couplers/auto_pc/inst/gen_axi4_axi3.axi3_conv_inst/USE_WRITE.write_addr_inst/USE_B_CHANNEL.cmd_b_queue/inst/fifo_gen_inst/inst_fifo_gen/gconvfifo.rf/grf.rf/rstblk/clk
    SLICE_X5Y40          FDRE                                         r  system_i/axi_mem_intercon/m00_couplers/auto_pc/inst/gen_axi4_axi3.axi3_conv_inst/USE_WRITE.write_addr_inst/USE_B_CHANNEL.cmd_b_queue/inst/fifo_gen_inst/inst_fifo_gen/gconvfifo.rf/grf.rf/rstblk/ngwrdrst.grst.g7serrst.gnsckt_wrst.gcc_rst.sckt_wr_rst_cc_reg[1]/C
  -------------------------------------------------------------------    -------------------
    SLICE_X5Y40          FDRE (Prop_fdre_C_Q)         0.141     1.101 f  system_i/axi_mem_intercon/m00_couplers/auto_pc/inst/gen_axi4_axi3.axi3_conv_inst/USE_WRITE.write_addr_inst/USE_B_CHANNEL.cmd_b_queue/inst/fifo_gen_inst/inst_fifo_gen/gconvfifo.rf/grf.rf/rstblk/ngwrdrst.grst.g7serrst.gnsckt_wrst.gcc_rst.sckt_wr_rst_cc_reg[1]/Q
                         net (fo=2, routed)           0.169     1.269    system_i/axi_mem_intercon/m00_couplers/auto_pc/inst/gen_axi4_axi3.axi3_conv_inst/USE_WRITE.write_addr_inst/USE_B_CHANNEL.cmd_b_queue/inst/fifo_gen_inst/inst_fifo_gen/gconvfifo.rf/grf.rf/rstblk/ngwrdrst.grst.g7serrst.gnsckt_wrst.gcc_rst.sckt_wr_rst_cc[1]
    SLICE_X5Y40          LUT3 (Prop_lut3_I0_O)        0.045     1.314 f  system_i/axi_mem_intercon/m00_couplers/auto_pc/inst/gen_axi4_axi3.axi3_conv_inst/USE_WRITE.write_addr_inst/USE_B_CHANNEL.cmd_b_queue/inst/fifo_gen_inst/inst_fifo_gen/gconvfifo.rf/grf.rf/rstblk/gpregsm1.curr_fwft_state[1]_i_2/O
                         net (fo=32, routed)          0.146     1.460    system_i/axi_mem_intercon/m00_couplers/auto_pc/inst/gen_axi4_axi3.axi3_conv_inst/USE_WRITE.write_addr_inst/USE_B_CHANNEL.cmd_b_queue/inst/fifo_gen_inst/inst_fifo_gen/gconvfifo.rf/grf.rf/gntv_or_sync_fifo.gl0.rd/grss.rsts/ram_empty_i_reg_1
    SLICE_X4Y41          FDPE                                         f  system_i/axi_mem_intercon/m00_couplers/auto_pc/inst/gen_axi4_axi3.axi3_conv_inst/USE_WRITE.write_addr_inst/USE_B_CHANNEL.cmd_b_queue/inst/fifo_gen_inst/inst_fifo_gen/gconvfifo.rf/grf.rf/gntv_or_sync_fifo.gl0.rd/grss.rsts/ram_empty_fb_i_reg/PRE
  -------------------------------------------------------------------    -------------------

                         (clock clk_fpga_0 rise edge)
                                                      0.000     0.000 r  
    PS7_X0Y0             PS7                          0.000     0.000 r  system_i/processing_system7_0/inst/PS7_i/FCLKCLK[0]
                         net (fo=1, routed)           0.337     0.337    system_i/processing_system7_0/inst/FCLK_CLK_unbuffered[0]
    BUFGCTRL_X0Y16       BUFG (Prop_bufg_I_O)         0.029     0.366 r  system_i/processing_system7_0/inst/buffer_fclk_clk_0.FCLK_CLK_0_BUFG/O
                         net (fo=6193, routed)        0.893     1.259    system_i/axi_mem_intercon/m00_couplers/auto_pc/inst/gen_axi4_axi3.axi3_conv_inst/USE_WRITE.write_addr_inst/USE_B_CHANNEL.cmd_b_queue/inst/fifo_gen_inst/inst_fifo_gen/gconvfifo.rf/grf.rf/gntv_or_sync_fifo.gl0.rd/grss.rsts/clk
    SLICE_X4Y41          FDPE                                         r  system_i/axi_mem_intercon/m00_couplers/auto_pc/inst/gen_axi4_axi3.axi3_conv_inst/USE_WRITE.write_addr_inst/USE_B_CHANNEL.cmd_b_queue/inst/fifo_gen_inst/inst_fifo_gen/gconvfifo.rf/grf.rf/gntv_or_sync_fifo.gl0.rd/grss.rsts/ram_empty_fb_i_reg/C
                         clock pessimism             -0.283     0.976    
    SLICE_X4Y41          FDPE (Remov_fdpe_C_PRE)     -0.071     0.905    system_i/axi_mem_intercon/m00_couplers/auto_pc/inst/gen_axi4_axi3.axi3_conv_inst/USE_WRITE.write_addr_inst/USE_B_CHANNEL.cmd_b_queue/inst/fifo_gen_inst/inst_fifo_gen/gconvfifo.rf/grf.rf/gntv_or_sync_fifo.gl0.rd/grss.rsts/ram_empty_fb_i_reg
  -------------------------------------------------------------------
                         required time                         -0.905    
                         arrival time                           1.460    
  -------------------------------------------------------------------
                         slack                                  0.556    

Slack (MET) :             0.556ns  (arrival time - required time)
  Source:                 system_i/axi_mem_intercon/m00_couplers/auto_pc/inst/gen_axi4_axi3.axi3_conv_inst/USE_WRITE.write_addr_inst/USE_B_CHANNEL.cmd_b_queue/inst/fifo_gen_inst/inst_fifo_gen/gconvfifo.rf/grf.rf/rstblk/ngwrdrst.grst.g7serrst.gnsckt_wrst.gcc_rst.sckt_wr_rst_cc_reg[1]/C
                            (rising edge-triggered cell FDRE clocked by clk_fpga_0  {rise@0.000ns fall@5.000ns period=10.000ns})
  Destination:            system_i/axi_mem_intercon/m00_couplers/auto_pc/inst/gen_axi4_axi3.axi3_conv_inst/USE_WRITE.write_addr_inst/USE_B_CHANNEL.cmd_b_queue/inst/fifo_gen_inst/inst_fifo_gen/gconvfifo.rf/grf.rf/gntv_or_sync_fifo.gl0.rd/grss.rsts/ram_empty_i_reg/PRE
                            (removal check against rising-edge clock clk_fpga_0  {rise@0.000ns fall@5.000ns period=10.000ns})
  Path Group:             **async_default**
  Path Type:              Removal (Min at Fast Process Corner)
  Requirement:            0.000ns  (clk_fpga_0 rise@0.000ns - clk_fpga_0 rise@0.000ns)
  Data Path Delay:        0.501ns  (logic 0.186ns (37.157%)  route 0.315ns (62.843%))
  Logic Levels:           1  (LUT3=1)
  Clock Path Skew:        0.016ns (DCD - SCD - CPR)
    Destination Clock Delay (DCD):    1.259ns
    Source Clock Delay      (SCD):    0.960ns
    Clock Pessimism Removal (CPR):    0.283ns

    Location             Delay type                Incr(ns)  Path(ns)    Netlist Resource(s)
  -------------------------------------------------------------------    -------------------
                         (clock clk_fpga_0 rise edge)
                                                      0.000     0.000 r  
    PS7_X0Y0             PS7                          0.000     0.000 r  system_i/processing_system7_0/inst/PS7_i/FCLKCLK[0]
                         net (fo=1, routed)           0.310     0.310    system_i/processing_system7_0/inst/FCLK_CLK_unbuffered[0]
    BUFGCTRL_X0Y16       BUFG (Prop_bufg_I_O)         0.026     0.336 r  system_i/processing_system7_0/inst/buffer_fclk_clk_0.FCLK_CLK_0_BUFG/O
                         net (fo=6193, routed)        0.624     0.960    system_i/axi_mem_intercon/m00_couplers/auto_pc/inst/gen_axi4_axi3.axi3_conv_inst/USE_WRITE.write_addr_inst/USE_B_CHANNEL.cmd_b_queue/inst/fifo_gen_inst/inst_fifo_gen/gconvfifo.rf/grf.rf/rstblk/clk
    SLICE_X5Y40          FDRE                                         r  system_i/axi_mem_intercon/m00_couplers/auto_pc/inst/gen_axi4_axi3.axi3_conv_inst/USE_WRITE.write_addr_inst/USE_B_CHANNEL.cmd_b_queue/inst/fifo_gen_inst/inst_fifo_gen/gconvfifo.rf/grf.rf/rstblk/ngwrdrst.grst.g7serrst.gnsckt_wrst.gcc_rst.sckt_wr_rst_cc_reg[1]/C
  -------------------------------------------------------------------    -------------------
    SLICE_X5Y40          FDRE (Prop_fdre_C_Q)         0.141     1.101 f  system_i/axi_mem_intercon/m00_couplers/auto_pc/inst/gen_axi4_axi3.axi3_conv_inst/USE_WRITE.write_addr_inst/USE_B_CHANNEL.cmd_b_queue/inst/fifo_gen_inst/inst_fifo_gen/gconvfifo.rf/grf.rf/rstblk/ngwrdrst.grst.g7serrst.gnsckt_wrst.gcc_rst.sckt_wr_rst_cc_reg[1]/Q
                         net (fo=2, routed)           0.169     1.269    system_i/axi_mem_intercon/m00_couplers/auto_pc/inst/gen_axi4_axi3.axi3_conv_inst/USE_WRITE.write_addr_inst/USE_B_CHANNEL.cmd_b_queue/inst/fifo_gen_inst/inst_fifo_gen/gconvfifo.rf/grf.rf/rstblk/ngwrdrst.grst.g7serrst.gnsckt_wrst.gcc_rst.sckt_wr_rst_cc[1]
    SLICE_X5Y40          LUT3 (Prop_lut3_I0_O)        0.045     1.314 f  system_i/axi_mem_intercon/m00_couplers/auto_pc/inst/gen_axi4_axi3.axi3_conv_inst/USE_WRITE.write_addr_inst/USE_B_CHANNEL.cmd_b_queue/inst/fifo_gen_inst/inst_fifo_gen/gconvfifo.rf/grf.rf/rstblk/gpregsm1.curr_fwft_state[1]_i_2/O
                         net (fo=32, routed)          0.146     1.460    system_i/axi_mem_intercon/m00_couplers/auto_pc/inst/gen_axi4_axi3.axi3_conv_inst/USE_WRITE.write_addr_inst/USE_B_CHANNEL.cmd_b_queue/inst/fifo_gen_inst/inst_fifo_gen/gconvfifo.rf/grf.rf/gntv_or_sync_fifo.gl0.rd/grss.rsts/ram_empty_i_reg_1
    SLICE_X4Y41          FDPE                                         f  system_i/axi_mem_intercon/m00_couplers/auto_pc/inst/gen_axi4_axi3.axi3_conv_inst/USE_WRITE.write_addr_inst/USE_B_CHANNEL.cmd_b_queue/inst/fifo_gen_inst/inst_fifo_gen/gconvfifo.rf/grf.rf/gntv_or_sync_fifo.gl0.rd/grss.rsts/ram_empty_i_reg/PRE
  -------------------------------------------------------------------    -------------------

                         (clock clk_fpga_0 rise edge)
                                                      0.000     0.000 r  
    PS7_X0Y0             PS7                          0.000     0.000 r  system_i/processing_system7_0/inst/PS7_i/FCLKCLK[0]
                         net (fo=1, routed)           0.337     0.337    system_i/processing_system7_0/inst/FCLK_CLK_unbuffered[0]
    BUFGCTRL_X0Y16       BUFG (Prop_bufg_I_O)         0.029     0.366 r  system_i/processing_system7_0/inst/buffer_fclk_clk_0.FCLK_CLK_0_BUFG/O
                         net (fo=6193, routed)        0.893     1.259    system_i/axi_mem_intercon/m00_couplers/auto_pc/inst/gen_axi4_axi3.axi3_conv_inst/USE_WRITE.write_addr_inst/USE_B_CHANNEL.cmd_b_queue/inst/fifo_gen_inst/inst_fifo_gen/gconvfifo.rf/grf.rf/gntv_or_sync_fifo.gl0.rd/grss.rsts/clk
    SLICE_X4Y41          FDPE                                         r  system_i/axi_mem_intercon/m00_couplers/auto_pc/inst/gen_axi4_axi3.axi3_conv_inst/USE_WRITE.write_addr_inst/USE_B_CHANNEL.cmd_b_queue/inst/fifo_gen_inst/inst_fifo_gen/gconvfifo.rf/grf.rf/gntv_or_sync_fifo.gl0.rd/grss.rsts/ram_empty_i_reg/C
                         clock pessimism             -0.283     0.976    
    SLICE_X4Y41          FDPE (Remov_fdpe_C_PRE)     -0.071     0.905    system_i/axi_mem_intercon/m00_couplers/auto_pc/inst/gen_axi4_axi3.axi3_conv_inst/USE_WRITE.write_addr_inst/USE_B_CHANNEL.cmd_b_queue/inst/fifo_gen_inst/inst_fifo_gen/gconvfifo.rf/grf.rf/gntv_or_sync_fifo.gl0.rd/grss.rsts/ram_empty_i_reg
  -------------------------------------------------------------------
                         required time                         -0.905    
                         arrival time                           1.460    
  -------------------------------------------------------------------
                         slack                                  0.556    





